id,date,lc,lat,long
84485,2015-04-13 19:31:34,A,-41.7616,-71.5003
84485,2015-04-13 20:42:31,B,-42.1281,-73.2994
84485,2015-04-13 20:46:00,2,-42.1295,-73.3076
84485,2015-04-13 20:46:00,2,-42.1295,-73.3076
84485,2015-04-13 22:24:40,B,-42.1252,-73.2941
84485,2015-04-13 22:27:34,B,-42.1257,-73.2956
84485,2015-04-13 23:52:55,B,-42.1262,-73.3026
84485,2015-04-14 03:13:36,B,-42.086,-73.2827
84485,2015-04-14 03:56:12,A,-42.0788,-73.3363
84485,2015-04-14 05:20:13,B,-42.0687,-73.3566
84485,2015-04-14 06:56:19,B,-42.0587,-73.3784
84485,2015-04-14 09:32:54,B,-42.0433,-73.402
84485,2015-04-14 10:35:42,A,-42.1029,-73.3208
84485,2015-04-14 11:20:04,B,-42.1048,-73.3159
84485,2015-04-14 13:44:44,B,-42.1196,-73.2948
84485,2015-04-14 14:32:26,B,-42.1294,-73.2981
84485,2015-04-14 17:35:37,A,-42.0265,-73.3153
84485,2015-04-14 19:18:25,A,-41.9938,-73.3313
84485,2015-04-14 20:30:02,B,-41.9846,-73.3291
84485,2015-04-14 20:56:47,B,-42.0117,-73.3104
84485,2015-04-14 21:53:11,A,-42.0126,-73.3147
84485,2015-04-14 21:57:15,B,-42.0052,-73.3134
84485,2015-04-14 22:16:08,B,-41.988,-73.3107
84485,2015-04-14 23:34:45,B,-41.9826,-73.3306
84485,2015-04-14 23:35:59,A,-41.9889,-73.3102
84485,2015-04-14 23:53:42,B,-41.9863,-73.3112
84485,2015-04-15 05:02:20,B,-41.9759,-73.3966
84485,2015-04-15 06:42:49,B,-41.9971,-73.393
84485,2015-04-15 07:57:18,B,-41.9969,-73.3922
84485,2015-04-15 08:28:36,B,-41.9969,-73.3921
84485,2015-04-15 09:42:49,B,-41.9933,-73.3978
84485,2015-04-15 10:09:29,B,-41.9879,-73.4056
84485,2015-04-15 10:54:07,A,-42.0234,-73.3335
84485,2015-04-15 11:21:25,B,-42.0275,-73.3272
84485,2015-04-15 11:41:04,B,-42.0295,-73.3242
84485,2015-04-15 11:45:50,B,-42.0263,-73.3219
84485,2015-04-15 13:22:15,A,-41.9866,-73.3248
84485,2015-04-15 13:22:16,B,-42.0324,-73.3097
84485,2015-04-15 17:26:00,B,-42.0427,-73.2644
84485,2015-04-15 19:07:45,B,-42.0218,-73.2835
84485,2015-04-15 20:20:58,B,-42.0233,-73.2792
84485,2015-04-15 20:46:20,B,-42.0234,-73.299
84485,2015-04-15 21:58:03,A,-41.9785,-73.3995
84485,2015-04-15 23:05:50,B,-41.9966,-73.4126
84485,2015-04-15 23:11:12,B,-41.9939,-73.3819
84485,2015-04-16 00:50:14,B,-41.989,-73.4397
84485,2015-04-16 01:34:38,B,-42.0077,-73.4412
84485,2015-04-16 03:18:47,B,-42.0145,-73.437
84485,2015-04-16 04:53:24,B,-42.0098,-73.4551
84485,2015-04-16 04:57:04,B,-42.0017,-73.4517
84485,2015-04-16 06:33:19,A,-42.028,-73.3591
84485,2015-04-16 07:48:29,B,-42.0226,-73.4027
84485,2015-04-16 08:46:35,B,-42.023,-73.4089
84485,2015-04-16 09:25:25,B,-42.0237,-73.4108
84485,2015-04-16 11:14:26,B,-41.9649,-73.428
84485,2015-04-16 12:53:52,B,-41.9642,-73.4255
84485,2015-04-16 13:01:31,B,-41.9301,-73.4148
84485,2015-04-16 14:37:18,B,-41.93,-73.4147
84485,2015-04-17 08:07:43,B,-41.9436,-73.4009
84485,2015-04-17 09:17:06,B,-41.9316,-73.3889
84485,2015-04-17 10:54:54,B,-41.9264,-73.384
84485,2015-04-17 12:21:34,B,-41.9001,-73.3249
84485,2015-04-17 12:42:42,B,-41.9261,-73.3174
84485,2015-04-17 21:34:16,B,-41.9259,-73.2477
84485,2015-04-17 22:04:17,B,-41.9327,-73.2782
84485,2015-04-17 22:21:20,A,-42.0583,-73.145
84485,2015-04-17 23:15:15,B,-42.1014,-73.1056
84485,2015-04-17 23:38:50,B,-42.0922,-73.1094
84485,2015-04-19 10:58:22,B,-41.854,-73.0806
84485,2015-04-19 12:01:06,B,-41.8899,-73.0154
84485,2015-04-19 13:41:19,B,-41.8689,-72.991
84485,2015-04-19 14:28:50,B,-41.8782,-72.9951
84485,2015-04-19 21:18:16,B,-41.8942,-73.0382
84485,2015-04-19 21:42:35,B,-41.9039,-73.0145
84485,2015-04-19 22:35:19,0,-41.8511,-73.0588
84485,2015-04-19 22:51:39,B,-41.9221,-72.9741
84485,2015-04-19 23:08:02,A,-41.8707,-73.061
84485,2015-04-21 10:06:02,B,-42.1583,-73.114
84485,2015-04-21 10:12:45,B,-42.2369,-72.9842
84485,2015-04-21 10:15:22,B,-42.2348,-72.9745
84485,2015-04-21 12:54:49,B,-42.2895,-72.8919
84485,2015-04-21 13:53:15,B,-42.2651,-72.9055
84485,2015-04-21 14:35:59,1,-42.2723,-72.9825
84485,2015-04-21 20:57:27,B,-42.3404,-73.047
84485,2015-04-21 21:22:38,B,-42.3211,-73.0452
84485,2015-04-21 22:31:35,B,-42.3648,-73.0082
84485,2015-04-21 23:13:17,1,-42.2144,-72.8323
84485,2015-04-23 10:52:10,B,-41.8144,-73.0189
84485,2015-04-23 13:52:42,B,-41.7095,-72.8614
84485,2015-04-23 20:29:13,B,-41.8301,-73.0259
84485,2015-04-23 20:30:57,B,-41.841,-73.0416
84485,2015-04-23 20:56:32,B,-41.8415,-73.1016
84485,2015-04-23 21:31:16,B,-41.8101,-73.1715
84485,2015-04-23 22:05:25,B,-41.7882,-73.1702
84485,2015-04-23 22:10:02,1,-41.828,-73.1785
84485,2015-04-23 23:10:12,B,-41.8379,-73.1919
84485,2015-04-23 23:51:00,B,-41.8377,-73.1708
84485,2015-04-25 10:08:27,B,-41.8607,-73.1308
84485,2015-04-25 13:05:52,B,-41.8471,-73.1751
84485,2015-04-25 13:19:01,B,-41.8327,-73.1525
84485,2015-04-25 14:10:53,B,-41.8148,-73.1571
84485,2015-04-25 14:55:04,B,-41.8266,-73.1848
84485,2015-04-25 20:33:07,B,-41.8314,-73.1666
84485,2015-04-25 21:51:07,B,-41.8594,-73.2123
84485,2015-04-25 22:17:12,B,-41.8505,-73.1824
84485,2015-04-25 22:47:14,A,-41.8405,-73.1736
84485,2015-04-27 10:41:46,A,-41.8541,-73.1436
84485,2015-04-27 10:56:27,B,-41.8498,-73.1573
84485,2015-04-27 12:08:16,A,-41.8462,-73.1589
84485,2015-04-27 13:32:20,B,-41.842,-73.1589
84485,2015-04-27 14:08:40,B,-41.8417,-73.1508
84485,2015-04-27 20:11:54,B,-41.8202,-73.1344
84485,2015-04-27 21:24:08,B,-41.8431,-73.1665
84485,2015-04-27 21:32:53,B,-41.845,-73.1699
84485,2015-04-27 21:46:15,B,-41.8588,-73.1814
84485,2015-04-27 23:12:04,B,-41.8754,-73.1965
84485,2015-04-27 23:26:40,B,-41.868,-73.1947
84485,2015-04-29 13:34:22,B,-41.8148,-73.1732
84485,2015-04-29 22:26:30,B,-41.8405,-73.2016
84485,2015-04-29 22:39:33,A,-41.8981,-73.2331
84485,2015-04-29 23:56:04,B,-41.8976,-73.2451
84485,2015-05-01 08:21:08,B,-41.8511,-73.1735
84485,2015-05-01 09:15:30,A,-41.9243,-73.0503
84485,2015-05-01 09:55:49,B,-41.9404,-73.0213
84485,2015-05-01 10:02:55,B,-41.9425,-73.0251
84485,2015-05-01 10:54:00,A,-41.9432,-73.0212
84485,2015-05-01 12:44:43,B,-41.9675,-72.987
84485,2015-05-01 13:18:30,B,-41.9451,-73.0222
84485,2015-05-01 13:43:44,B,-41.9038,-73.0195
84485,2015-05-01 14:27:03,2,-41.8661,-73.1009
84485,2015-05-01 21:17:57,B,-41.779,-73.2936
84485,2015-05-01 21:28:31,B,-41.778,-73.2485
84485,2015-05-01 22:22:34,B,-41.7732,-73.2053
84485,2015-05-01 23:15:31,0,-41.7674,-72.9602
84485,2015-05-03 09:34:23,B,-41.8119,-72.8734
84485,2015-05-03 10:03:28,B,-42.039,-73.0339
84485,2015-05-03 10:37:30,B,-41.992,-72.9523
84485,2015-05-03 12:07:25,B,-42.0617,-72.9324
84485,2015-05-03 12:15:17,B,-42.0465,-72.9454
84485,2015-05-03 13:47:35,B,-42.0456,-72.9015
84485,2015-05-03 20:50:59,B,-41.956,-72.9187
84485,2015-05-03 21:52:42,A,-41.9202,-73.0255
84485,2015-05-03 21:55:45,B,-41.9168,-73.0166
84485,2015-05-03 22:23:46,B,-41.9035,-73.0181
84485,2015-05-03 23:34:42,A,-41.9245,-73.0274
84485,2015-05-05 09:09:28,0,-41.9522,-72.9026
84485,2015-05-05 09:16:29,1,-41.9566,-72.8741
84485,2015-05-05 10:53:44,B,-41.9509,-72.9071
84484,2015-04-17 06:22:26,1,-41.9264,-73.1652
84484,2015-04-17 07:36:46,B,-41.9413,-73.1382
84484,2015-04-17 09:18:28,A,-41.9252,-73.1543
84484,2015-04-17 10:05:02,A,-41.9351,-73.1755
84484,2015-04-17 10:41:25,2,-41.9249,-73.1352
84484,2015-04-17 10:58:04,B,-41.9247,-73.1315
84484,2015-04-17 12:24:15,B,-41.9494,-73.0919
84484,2015-04-17 13:38:55,B,-41.9524,-73.0711
84484,2015-04-17 14:18:32,B,-41.9937,-73.0905
84484,2015-04-17 18:49:35,B,-42.0003,-73.1635
84484,2015-04-17 20:27:35,B,-42.0122,-73.158
84484,2015-04-17 21:40:23,B,-41.968,-73.1297
84484,2015-04-18 00:01:13,B,-41.9797,-73.1228
84484,2015-04-18 00:55:08,B,-41.9799,-73.1203
84484,2015-04-18 02:39:12,B,-41.9969,-73.105
84484,2015-04-18 04:19:37,B,-41.9922,-73.0986
84484,2015-04-18 07:25:59,A,-41.9901,-73.1105
84484,2015-04-18 07:50:53,B,-41.9896,-73.1113
84484,2015-04-18 07:59:11,B,-41.9941,-73.1175
84484,2015-04-18 09:04:55,B,-41.997,-73.1179
84484,2015-04-18 09:37:15,B,-41.9894,-73.1155
84484,2015-04-18 10:13:28,B,-41.994,-73.1014
84484,2015-04-18 10:49:55,B,-41.9955,-73.0934
84484,2015-04-18 11:18:53,2,-41.9038,-73.0431
84484,2015-04-18 11:50:08,A,-41.9078,-73.0478
84484,2015-04-18 12:16:54,B,-41.9005,-73.0418
84484,2015-04-18 13:17:16,B,-41.8874,-73.0326
84484,2015-04-18 13:57:51,B,-41.8866,-73.0323
84484,2015-04-19 08:55:07,A,-41.8568,-73.1756
84484,2015-04-19 09:19:14,B,-41.8569,-73.1757
84484,2015-04-19 10:33:09,A,-41.8656,-73.1574
84484,2015-04-19 10:52:27,B,-41.8445,-73.1587
84484,2015-04-19 11:17:05,B,-41.8612,-73.1517
84484,2015-04-19 12:02:42,B,-41.858,-73.1472
84484,2015-04-19 20:02:13,B,-41.8339,-73.0368
84484,2015-04-19 20:58:32,A,-41.8671,-73.1078
84484,2015-04-19 21:26:41,B,-41.8916,-73.068
84484,2015-04-19 21:44:48,B,-41.9031,-73.0887
84484,2015-04-19 22:52:54,B,-41.8298,-73.1097
84484,2015-04-19 23:07:06,3,-41.8775,-73.1367
84484,2015-04-21 08:25:37,A,-41.8725,-73.1282
84484,2015-04-21 08:30:15,B,-41.8702,-73.1266
84484,2015-04-21 10:02:31,B,-41.8638,-73.1325
84484,2015-04-21 10:15:14,B,-41.8614,-73.095
84484,2015-04-21 12:57:16,2,-41.8788,-73.0591
84484,2015-04-21 13:32:53,B,-41.8754,-73.0553
84484,2015-04-21 13:54:47,B,-41.8759,-73.0516
84484,2015-04-21 21:31:14,B,-41.9298,-73.126
84484,2015-04-21 22:31:23,B,-41.9111,-73.148
84484,2015-04-21 23:14:56,B,-41.9123,-73.146
84484,2015-04-21 23:59:24,B,-41.9202,-73.1375
84484,2015-04-23 08:08:39,B,-41.8833,-73.1244
84484,2015-04-23 09:15:31,B,-41.8824,-73.1227
84484,2015-04-23 09:55:04,B,-41.8751,-73.1165
84484,2015-04-23 10:54:38,A,-41.8703,-73.0959
84484,2015-04-23 10:55:23,B,-41.8711,-73.1127
84484,2015-04-23 14:54:04,B,-41.8568,-73.0884
84484,2015-04-23 20:59:39,B,-41.796,-73.1026
84484,2015-04-23 21:28:50,B,-41.8066,-73.2452
84484,2015-04-23 22:10:14,B,-41.7949,-73.233
84484,2015-04-23 22:10:42,B,-41.8098,-73.2568
84484,2015-04-23 23:47:59,B,-41.7962,-73.2425
84484,2015-04-25 09:24:48,A,-41.8412,-73.1273
84484,2015-04-25 10:09:37,B,-41.8362,-73.1223
84484,2015-04-25 11:07:47,B,-41.843,-73.1651
84484,2015-04-25 11:29:51,A,-41.8486,-73.1371
84484,2015-04-25 13:07:44,B,-41.8548,-73.1742
84484,2015-04-25 13:12:41,A,-41.8377,-73.2551
84484,2015-04-25 14:04:27,B,-41.8486,-73.1883
84484,2015-04-25 14:51:23,B,-41.8456,-73.1893
84484,2015-04-25 20:32:10,B,-41.8317,-73.2219
84484,2015-04-25 21:46:47,B,-41.8235,-73.2094
84484,2015-04-25 22:22:14,A,-41.8463,-73.1526
84484,2015-04-25 22:47:11,0,-41.8453,-73.1487
84484,2015-04-25 23:31:17,B,-41.8467,-73.1237
84484,2015-04-27 09:04:53,1,-41.8741,-73.1212
84484,2015-04-27 09:14:34,3,-41.8735,-73.1226
84484,2015-04-27 10:27:03,1,-41.8796,-73.1168
84484,2015-04-27 10:43:05,A,-41.8736,-73.0906
84484,2015-04-27 10:57:24,B,-41.8806,-73.1028
84484,2015-04-27 12:06:30,A,-41.8578,-73.1711
84484,2015-04-27 12:38:28,B,-41.8554,-73.1766
84484,2015-04-27 20:19:03,1,-41.8322,-73.2177
84484,2015-04-27 21:19:28,A,-41.8568,-73.16
84484,2015-04-27 21:26:06,B,-41.8574,-73.1589
84484,2015-04-27 21:42:03,2,-41.849,-73.1564
84484,2015-04-27 21:55:05,B,-41.8568,-73.1601
84484,2015-04-27 22:59:21,2,-41.8482,-73.1324
84484,2015-04-27 23:10:16,2,-41.8502,-73.1347
84484,2015-04-27 23:24:55,A,-41.8554,-73.126
84484,2015-04-29 08:39:55,2,-41.8752,-73.107
84484,2015-04-29 10:08:20,B,-41.8793,-73.1149
84484,2015-04-29 10:20:19,A,-41.8763,-73.1536
84484,2015-04-29 11:06:03,A,-41.8628,-73.135
84484,2015-04-29 13:28:36,1,-41.8568,-73.1857
84484,2015-04-29 14:24:56,B,-41.8714,-73.1266
84484,2015-04-29 20:42:10,B,-41.8824,-73.0965
84484,2015-04-29 20:58:53,B,-41.8597,-73.16
84484,2015-04-29 21:29:34,B,-41.8834,-73.1723
84484,2015-04-29 22:21:24,0,-41.8893,-73.0971
84484,2015-04-29 22:23:56,2,-41.8876,-73.111
84484,2015-04-29 22:37:25,A,-41.8881,-73.0885
84484,2015-04-30 00:00:29,B,-41.9038,-73.0589
84484,2015-04-30 00:00:29,B,-41.8997,-73.0611
84484,2015-05-01 08:18:10,2,-42.0275,-73.1133
84484,2015-05-01 09:17:25,B,-42.0453,-73.104
84484,2015-05-01 09:57:34,1,-42.0212,-73.1596
84484,2015-05-01 10:57:21,B,-42.0208,-73.1731
84484,2015-05-01 11:39:45,B,-42.0135,-73.1869
84484,2015-05-01 12:48:54,B,-41.9821,-73.1484
84484,2015-05-01 13:44:40,B,-41.97,-73.1487
84484,2015-05-01 14:28:52,B,-41.965,-73.1462
84484,2015-05-01 20:38:53,B,-41.8833,-73.1487
84484,2015-05-01 21:32:09,B,-41.9342,-73.2648
84484,2015-05-01 22:21:38,B,-41.9325,-73.2976
84484,2015-05-01 22:58:52,A,-41.9262,-73.2854
84484,2015-05-01 23:11:49,B,-41.9293,-73.2823
84484,2015-05-03 08:26:06,A,-42.0086,-73.3493
84484,2015-05-03 09:35:44,B,-41.9866,-73.3464
84484,2015-05-03 10:05:48,1,-41.9957,-73.3109
84484,2015-05-03 10:39:31,B,-41.9856,-73.3385
84484,2015-05-03 11:18:11,B,-41.9949,-73.3343
84484,2015-05-03 12:06:14,B,-41.9913,-73.3403
84484,2015-05-03 12:20:10,B,-41.986,-73.3602
84484,2015-05-03 13:01:39,B,-41.9958,-73.3769
84484,2015-05-03 13:44:12,A,-41.9873,-73.3278
84484,2015-05-03 20:17:17,B,-42.007,-73.2832
84484,2015-05-03 20:46:10,B,-42.0471,-73.2496
84484,2015-05-03 21:51:16,A,-42.0634,-73.3025
84484,2015-05-03 21:55:37,A,-42.0681,-73.3086
84484,2015-05-03 22:21:28,B,-42.0674,-73.3074
84484,2015-05-03 23:38:15,B,-42.0173,-73.2695
84484,2015-05-03 23:40:58,B,-42.0772,-73.3169
84484,2015-05-03 23:57:03,B,-42.0402,-73.2172
84484,2015-05-05 08:04:31,A,-41.8912,-73.2593
84484,2015-05-05 09:07:27,B,-41.8853,-73.2591
84484,2015-05-05 09:14:56,A,-41.8769,-73.2458
84484,2015-05-05 09:37:28,B,-41.8758,-73.2562
84484,2015-05-05 10:52:25,B,-41.8772,-73.2244
84484,2015-05-05 10:57:50,2,-41.8853,-73.2339
84484,2015-05-05 11:14:42,1,-41.8903,-73.2423
84484,2015-05-05 13:07:04,A,-41.9177,-73.2457
84484,2015-05-05 14:06:14,B,-41.8811,-73.2191
84484,2015-05-05 14:43:10,A,-41.9444,-73.2369
84484,2015-05-05 20:26:07,B,-41.951,-73.2526
84484,2015-05-05 20:54:07,1,-41.9113,-73.2799
84484,2015-05-05 21:27:45,B,-41.8978,-73.2837
84484,2015-05-05 21:33:22,B,-41.8993,-73.29
84484,2015-05-05 22:32:24,2,-41.9183,-73.2126
84484,2015-05-05 23:08:22,1,-41.9307,-73.1999
84484,2015-05-05 23:13:12,2,-41.9255,-73.1988
84484,2015-05-07 08:47:16,B,-42.1634,-72.8433
84484,2015-05-07 10:09:30,2,-41.9359,-73.2406
84484,2015-05-07 10:10:51,A,-41.9286,-73.2422
84484,2015-05-07 10:32:59,B,-41.9294,-73.2418
84484,2015-05-07 11:52:30,2,-41.9672,-73.2677
84484,2015-05-07 12:25:35,B,-41.9613,-73.284
84484,2015-05-07 14:07:17,B,-41.9254,-73.3315
84484,2015-05-07 20:01:21,B,-41.8534,-73.3595
84484,2015-05-07 21:08:16,B,-41.8917,-73.4032
84484,2015-05-07 21:33:13,B,-41.8863,-73.401
84484,2015-05-07 21:40:40,B,-41.8874,-73.4053
84484,2015-05-07 22:24:33,2,-41.8919,-73.3964
84484,2015-05-07 22:44:57,2,-41.8793,-73.3825
84484,2015-05-07 23:10:27,2,-41.8602,-73.4178
84484,2015-05-08 00:00:21,B,-41.8603,-73.429
84484,2015-05-09 08:24:31,2,-41.9161,-73.2397
84484,2015-05-09 09:15:50,B,-41.9199,-73.2461
84484,2015-05-09 10:06:27,0,-41.909,-73.259
84484,2015-05-09 10:49:03,1,-41.9341,-73.2356
84484,2015-05-09 10:57:49,B,-41.9251,-73.247
84484,2015-05-09 12:29:40,B,-41.9375,-73.2385
84484,2015-05-09 12:34:57,B,-41.9365,-73.2448
84484,2015-05-09 13:21:51,B,-41.936,-73.2453
84484,2015-05-09 14:15:52,B,-41.9285,-73.238
84484,2015-05-09 20:49:13,B,-41.9081,-73.2323
84484,2015-05-09 21:19:39,A,-41.9086,-73.2161
84484,2015-05-09 21:33:09,A,-41.909,-73.1665
84484,2015-05-09 22:05:44,B,-41.9382,-73.1893
84484,2015-05-09 23:13:45,2,-41.9485,-73.1925
84484,2015-05-09 23:50:07,A,-41.9405,-73.2056
84484,2015-05-11 09:50:51,B,-41.9544,-73.2728
84484,2015-05-11 10:11:16,A,-41.9608,-73.3179
84484,2015-05-11 11:28:55,B,-41.9639,-73.3285
84484,2015-05-11 12:42:29,B,-41.9464,-73.3272
84484,2015-05-11 14:23:37,B,-41.925,-73.068
84484,2015-05-11 20:25:10,B,-41.8969,-72.824
84484,2015-05-11 20:44:47,B,-41.8959,-72.8108
84484,2015-05-11 21:06:33,B,-41.8377,-72.8498
84484,2015-05-11 22:01:49,B,-41.8524,-72.8061
84484,2015-05-11 22:24:12,1,-41.8602,-72.8397
84484,2015-05-11 22:44:31,2,-41.856,-72.8301
84484,2015-05-11 23:43:07,1,-41.8623,-72.8646
84484,2015-05-11 23:59:39,A,-41.8703,-72.8527
84484,2015-05-13 08:17:42,B,-42.0153,-72.7677
84484,2015-05-13 09:19:20,B,-41.9548,-72.8649
84484,2015-05-13 09:19:20,B,-41.9192,-72.8889
84484,2015-05-13 10:25:52,B,-41.9345,-72.8821
84484,2015-05-13 10:57:28,B,-41.9281,-72.8889
84484,2015-05-13 12:01:41,B,-41.9912,-72.8506
84484,2015-05-13 12:04:04,B,-41.9912,-72.8504
84484,2015-05-13 12:54:49,B,-41.993,-72.8521
84484,2015-05-13 13:38:14,A,-41.9791,-72.8387
84484,2015-05-13 13:41:46,B,-41.9912,-72.8553
84484,2015-05-13 20:04:37,1,-42.088,-72.7993
84484,2015-05-13 20:33:55,1,-42.0379,-72.7154
84484,2015-05-13 21:33:39,1,-42.0414,-72.6716
84484,2015-05-13 21:39:05,1,-42.0456,-72.6778
84484,2015-05-13 21:41:59,1,-42.0475,-72.6889
84484,2015-05-13 23:14:03,3,-42.0905,-72.6653
84484,2015-05-13 23:18:03,2,-42.0921,-72.6665
84484,2015-05-13 23:19:41,A,-42.0972,-72.6682
84484,2015-05-15 08:28:51,A,-42.1907,-72.9696
84484,2015-05-15 08:55:28,B,-42.1971,-72.9667
84484,2015-05-15 10:41:14,B,-42.2244,-72.9636
84484,2015-05-15 12:36:06,B,-42.1883,-73.0824
84484,2015-05-15 13:54:16,A,-42.1347,-73.0232
84484,2015-05-15 14:43:42,B,-42.1314,-73.0111
84484,2015-05-15 20:11:15,B,-42.1169,-72.8931
84484,2015-05-15 22:16:49,B,-42.305,-72.8862
84484,2015-05-15 22:25:06,A,-42.512,-73.0311
84484,2015-05-15 22:57:50,B,-42.5198,-72.9847
84484,2015-05-15 23:58:37,B,-42.3642,-73.0143
84484,2015-05-17 09:21:54,A,-42.1771,-72.5768
84484,2015-05-17 09:57:55,B,-42.1915,-72.5529
84484,2015-05-17 10:11:32,B,-42.1736,-72.5426
84484,2015-05-17 10:59:07,A,-42.1666,-72.5433
84484,2015-05-17 11:35:44,B,-42.1701,-72.5413
84484,2015-05-17 12:21:14,B,-42.1637,-72.5453
84484,2015-05-17 14:02:38,B,-42.1702,-72.5434
84484,2015-05-17 14:51:54,B,-42.1661,-72.5624
84484,2015-05-17 21:20:03,A,-42.1823,-72.5262
84484,2015-05-17 21:37:25,B,-42.1874,-72.5622
84484,2015-05-17 22:35:50,A,-42.1818,-72.5506
84484,2015-05-17 22:55:38,3,-42.1746,-72.5476
84484,2015-05-17 23:15:49,2,-42.1772,-72.5454
84484,2015-05-19 08:10:45,2,-42.1827,-72.6709
84484,2015-05-19 08:32:03,A,-42.1861,-72.6598
84484,2015-05-19 09:50:28,1,-42.2017,-72.7145
84484,2015-05-19 10:10:55,A,-42.1925,-72.702
84484,2015-05-19 12:13:54,B,-42.2046,-72.7239
84484,2015-05-19 13:21:01,B,-42.1996,-72.7297
84484,2015-05-19 14:06:17,B,-42.2096,-72.7436
84484,2015-05-19 14:55:58,B,-42.1867,-72.7176
84484,2015-05-19 21:05:25,B,-42.1607,-72.7483
84484,2015-05-19 21:54:54,B,-42.1734,-72.7596
84484,2015-05-19 22:10:10,0,-42.2211,-72.6518
84484,2015-05-19 22:26:00,A,-42.2172,-72.6874
84484,2015-05-19 23:31:11,2,-42.2064,-72.6359
84484,2015-05-19 23:53:30,A,-42.2,-72.6332
84484,2015-05-21 09:17:32,1,-42.2039,-72.6698
84484,2015-05-21 09:32:29,B,-42.1989,-72.6696
84484,2015-05-21 12:37:48,B,-42.2141,-72.6864
84484,2015-05-21 14:15:43,B,-42.1739,-72.6684
84484,2015-05-21 20:50:52,A,-42.0079,-72.8426
84484,2015-05-21 20:50:52,A,-42.0029,-72.8061
84484,2015-05-21 21:53:18,B,-41.9998,-72.8513
84484,2015-05-21 22:35:07,B,-41.9512,-72.8198
84484,2015-05-21 23:16:07,B,-41.9467,-72.8075
84484,2015-05-23 10:10:18,B,-42.1124,-73.2674
84484,2015-05-23 10:10:18,A,-42.1649,-73.2554
84484,2015-05-23 11:49:23,B,-42.2075,-73.2603
84484,2015-05-23 11:56:20,B,-42.2115,-73.2534
84484,2015-05-23 12:48:17,B,-42.215,-73.2476
84484,2015-05-23 13:38:13,B,-42.2155,-73.2415
84484,2015-05-23 14:28:28,B,-42.2318,-73.2315
84484,2015-05-23 20:21:25,A,-42.4898,-73.2251
84484,2015-05-23 21:26:43,B,-42.5057,-73.219
84484,2015-05-23 21:33:41,B,-42.5056,-73.2221
84484,2015-05-23 22:04:51,B,-42.5013,-73.2239
84484,2015-05-23 22:20:58,B,-42.5188,-73.2256
84484,2015-05-25 08:46:13,A,-42.732,-73.3477
84484,2015-05-25 09:23:31,A,-42.7529,-73.3439
84484,2015-05-25 10:29:24,B,-42.7697,-73.3504
84484,2015-05-25 10:42:17,A,-42.7371,-73.3642
84484,2015-05-25 11:01:10,B,-42.742,-73.3661
84484,2015-05-25 11:15:47,B,-42.7405,-73.3643
84484,2015-05-25 12:55:25,A,-42.7924,-73.3169
84484,2015-05-25 13:46:54,A,-42.8164,-73.302
84484,2015-05-25 14:32:17,B,-42.81,-73.3075
84484,2015-05-25 20:03:23,B,-42.7993,-73.3107
84484,2015-05-25 21:02:12,B,-42.8171,-73.2856
84484,2015-05-25 21:39:36,B,-42.8181,-73.2722
84484,2015-05-25 21:45:03,B,-42.8147,-73.2689
84484,2015-05-25 22:03:36,A,-42.7429,-73.1971
84484,2015-05-25 22:38:46,A,-42.7674,-73.2144
84484,2015-05-25 23:14:37,A,-42.7777,-73.2099
84484,2015-05-25 23:41:19,B,-42.7893,-73.2121
84484,2015-05-27 08:21:46,1,-43.0431,-73.2326
84484,2015-05-27 08:32:41,B,-43.0433,-73.2367
84484,2015-05-27 10:02:22,B,-43.029,-73.2276
84484,2015-05-27 10:11:25,A,-42.975,-73.2851
84484,2015-05-27 13:51:07,B,-42.7612,-73.2359
84484,2015-05-27 20:38:49,B,-42.6842,-73.184
84484,2015-05-27 21:05:22,B,-42.7276,-73.2859
84484,2015-05-27 22:21:26,B,-42.6989,-73.2685
84484,2015-05-27 22:30:08,2,-42.6795,-73.2255
84484,2015-05-27 22:41:25,A,-42.6578,-73.2215
84484,2015-05-29 09:18:24,0,-42.4037,-73.161
84484,2015-05-29 09:32:59,B,-42.4002,-73.1587
84484,2015-05-29 10:25:38,B,-42.3902,-73.1503
84484,2015-05-29 11:00:44,A,-42.3806,-73.1648
84484,2015-05-29 13:10:53,B,-42.3592,-73.098
84484,2015-05-29 14:02:59,B,-42.3762,-73.1679
84484,2015-05-29 14:54:48,B,-42.3677,-73.1413
84484,2015-05-29 20:54:15,A,-42.3792,-73.1295
84484,2015-05-29 21:38:55,B,-42.3732,-73.1266
84484,2015-05-29 21:42:44,A,-42.3672,-73.1221
84484,2015-05-29 21:53:45,2,-42.3698,-73.0751
84484,2015-05-29 23:19:00,A,-42.3565,-73.1062
84484,2015-05-29 23:20:48,B,-42.3537,-73.1061
84484,2015-05-29 23:38:00,A,-42.3601,-73.125
84484,2015-05-31 08:12:31,B,-42.3386,-72.8989
84484,2015-05-31 09:21:43,A,-42.3648,-72.9753
84484,2015-05-31 10:12:38,B,-42.3492,-73.1429
84484,2015-05-31 10:59:01,A,-42.4063,-73.0748
84484,2015-05-31 11:01:09,B,-42.4064,-73.0748
84484,2015-05-31 12:35:07,B,-42.425,-73.0691
84484,2015-05-31 13:25:08,B,-42.3623,-73.0853
84484,2015-05-31 14:13:34,B,-42.3536,-73.0885
84484,2015-05-31 15:02:48,B,-42.3514,-73.0884
84484,2015-05-31 20:41:16,B,-42.3768,-73.1132
84484,2015-05-31 20:41:16,B,-42.2987,-73.102
84484,2015-05-31 21:33:21,B,-42.3624,-73.1268
84484,2015-05-31 22:15:38,1,-42.4339,-73.1695
84484,2015-05-31 22:29:18,2,-42.4406,-73.1697
84484,2015-05-31 23:17:40,B,-42.4533,-73.0937
84484,2015-05-31 23:55:04,A,-42.3815,-73.114
84484,2015-06-02 09:53:44,0,-43.1757,-73.2758
84484,2015-06-02 10:30:31,B,-43.1819,-73.2799
84484,2015-06-02 11:39:59,B,-43.2081,-73.286
84484,2015-06-02 13:29:06,1,-43.1374,-73.2981
84484,2015-06-02 14:25:15,B,-43.2405,-73.3119
84484,2015-06-02 20:07:57,A,-43.4846,-73.807
84484,2015-06-02 21:17:20,B,-43.5491,-73.8772
84484,2015-06-02 21:49:19,B,-43.5673,-73.8975
84484,2015-06-02 22:52:10,B,-43.6043,-73.937
84484,2015-06-02 22:52:10,B,-43.6293,-73.9532
84484,2015-06-02 23:14:08,B,-43.6304,-73.9549
84484,2015-06-04 10:14:11,0,-43.3637,-74.5913
84484,2015-06-04 12:09:14,B,-43.4057,-74.6524
84484,2015-06-04 14:23:13,B,-43.2567,-74.4861
84484,2015-06-04 21:33:37,B,-43.0782,-74.5794
84484,2015-06-04 21:53:08,B,-42.9679,-74.453
84484,2015-06-04 22:34:44,B,-43.0573,-74.5815
84484,2015-06-04 23:31:23,B,-42.8131,-74.5042
84484,2015-06-06 10:59:56,B,-41.6039,-73.3234
84484,2015-06-06 12:50:32,B,-41.6586,-74.2895
84484,2015-06-06 13:41:50,A,-41.6183,-74.2253
84484,2015-06-06 14:39:07,B,-41.6169,-74.2828
84484,2015-06-06 21:12:50,B,-41.382,-74.2493
84484,2015-06-06 21:40:41,B,-41.4565,-74.2496
84484,2015-06-06 22:27:08,B,-41.2476,-74.1873
84484,2015-06-06 23:17:19,B,-41.1717,-74.149
84484,2015-06-06 23:52:28,B,-41.0955,-74.1393
84484,2015-06-07 00:04:18,B,-41.1425,-74.1375
84484,2015-06-08 13:00:01,B,-39.5101,-73.9988
84484,2015-06-08 14:42:29,B,-39.4371,-73.9679
84484,2015-06-08 21:25:17,B,-39.2068,-73.9139
84484,2015-06-08 22:29:53,B,-39.1296,-73.6773
84484,2015-06-08 23:06:40,B,-39.1033,-73.6715
84484,2015-06-08 23:32:51,B,-39.0863,-73.6218
84484,2015-06-10 08:55:58,B,-37.65,-69.5438
84484,2015-06-10 09:19:40,B,-37.6676,-73.9338
84484,2015-06-10 10:41:41,B,-37.6721,-73.9568
84484,2015-06-10 10:44:46,A,-37.6486,-74.0004
84484,2015-06-10 11:03:28,B,-37.6477,-74.0003
84484,2015-06-10 12:22:55,B,-37.6379,-74.0083
84484,2015-06-10 12:22:55,B,-37.6429,-73.9942
84484,2015-06-10 14:02:08,B,-37.5769,-74.0033
84484,2015-06-10 20:25:45,B,-37.3671,-73.6886
84484,2015-06-10 21:19:58,B,-37.2935,-73.7066
84484,2015-06-10 21:41:51,2,-37.3041,-73.6832
84484,2015-06-10 22:01:00,1,-37.2762,-73.6763
84484,2015-06-10 23:04:19,B,-37.2476,-73.642
84484,2015-06-10 23:25:27,A,-37.2161,-73.6501
84484,2015-06-10 23:35:53,A,-37.2054,-73.6411
84484,2015-06-12 08:32:12,B,-35.8205,-72.8238
84484,2015-06-12 08:32:14,A,-35.824,-72.8204
84484,2015-06-12 09:43:41,B,-35.7738,-72.8
84484,2015-06-12 10:10:02,2,-35.7137,-72.8122
84484,2015-06-12 10:13:26,3,-35.7088,-72.8122
84484,2015-06-12 11:21:19,B,-35.6541,-72.7958
84484,2015-06-12 13:18:13,B,-35.5406,-72.7633
84484,2015-06-12 14:15:50,B,-35.4945,-72.7458
84484,2015-06-12 14:57:37,B,-35.42,-72.7743
84484,2015-06-12 20:09:14,B,-35.074,-72.7901
84484,2015-06-12 21:00:37,B,-35.0885,-72.7749
84484,2015-06-12 21:01:16,A,-35.0944,-72.7211
84484,2015-06-12 22:34:52,1,-35.0011,-72.7032
84484,2015-06-12 22:35:29,B,-35.002,-72.6989
84484,2015-06-12 22:47:55,B,-34.95,-72.6416
84484,2015-06-14 09:50:29,A,-33.0233,-72.1232
84484,2015-06-14 10:26:41,B,-32.9945,-72.1105
84484,2015-06-14 11:02:45,B,-32.9523,-72.1674
84484,2015-06-14 12:00:08,B,-32.8999,-72.1638
84484,2015-06-14 14:17:12,B,-32.734,-72.1455
84484,2015-06-14 21:39:22,B,-31.8546,-72.1535
84484,2015-06-14 22:20:56,B,-31.8961,-72.7749
84484,2015-06-14 23:13:05,0,-31.6549,-72.3901
84484,2015-06-14 23:22:48,B,-31.6921,-72.3595
84484,2015-06-16 08:30:51,A,-28.3621,-73.6255
84484,2015-06-16 08:32:32,B,-28.362,-73.6255
84484,2015-06-16 09:26:22,0,-28.3188,-73.5684
84484,2015-06-16 10:12:08,2,-28.2563,-73.6829
84484,2015-06-16 10:58:51,3,-28.204,-73.724
84484,2015-06-16 13:31:47,A,-27.9247,-73.7978
84484,2015-06-16 14:25:07,2,-27.8623,-73.8728
84484,2015-06-16 21:02:18,0,-27.475,-73.906
84484,2015-06-16 22:02:31,A,-27.4608,-73.9215
84484,2015-06-16 22:34:20,3,-27.4251,-73.916
84484,2015-06-16 23:37:50,1,-27.3677,-73.8962
84484,2015-06-18 08:07:33,A,-25.6975,-74.0982
84484,2015-06-18 09:05:45,2,-25.6057,-74.0802
84484,2015-06-18 09:22:18,2,-25.5914,-74.0822
84484,2015-06-18 10:00:31,A,-25.5509,-74.0749
84484,2015-06-18 10:41:42,1,-25.5051,-74.1052
84484,2015-06-18 11:00:07,2,-25.4784,-74.1199
84484,2015-06-18 11:38:38,2,-25.4375,-74.129
84484,2015-06-18 12:49:57,B,-25.4235,-74.1227
84484,2015-06-18 13:42:39,B,-25.3982,-74.1433
84484,2015-06-18 14:28:41,B,-25.369,-74.1801
84484,2015-06-18 20:39:24,1,-25.1334,-74.2405
84484,2015-06-18 21:43:09,1,-25.0776,-74.2916
84484,2015-06-18 22:41:23,0,-25.0342,-74.2781
84484,2015-06-18 23:17:11,2,-25.0012,-74.3181
84484,2015-06-18 23:26:39,1,-24.9966,-74.3271
84484,2015-06-20 10:12:15,0,-23.6453,-75.1519
84484,2015-06-20 10:16:55,3,-23.6581,-75.0695
84484,2015-06-20 10:36:29,1,-23.6515,-75.0755
84484,2015-06-20 11:51:38,B,-23.5986,-75.1036
84484,2015-06-22 09:54:09,B,-23.4683,-75.0445
84484,2015-06-22 11:01:44,B,-22.3689,-76.1689
84484,2015-06-22 11:41:59,B,-22.7096,-76.2684
84484,2015-06-22 14:54:57,B,-22.7089,-76.2715
84484,2015-06-22 22:14:21,B,-22.671,-76.3042
84484,2015-06-22 23:28:17,B,-22.3322,-76.5261
84484,2015-06-22 23:56:01,A,-22.2584,-76.4135
84484,2015-06-24 11:54:18,B,-21.7675,-76.3187
84484,2015-06-24 11:54:18,B,-21.6924,-76.8506
84484,2015-06-24 22:08:18,A,-21.3746,-77.5861
84484,2015-06-24 22:41:05,A,-21.3734,-77.6159
84484,2015-06-24 23:00:11,B,-21.3281,-77.6241
84484,2015-06-26 08:16:47,B,-20.0919,-79.3491
84484,2015-06-26 09:13:52,B,-20.0722,-79.2853
84484,2015-06-26 10:49:41,B,-19.9632,-79.3427
84484,2015-06-26 10:50:04,A,-19.9761,-79.2997
84484,2015-06-26 11:01:43,3,-19.9817,-79.1727
84484,2015-06-26 12:27:44,3,-19.903,-79.2343
84484,2015-06-26 13:27:00,B,-19.8434,-79.2411
84484,2015-06-26 14:19:33,2,-19.829,-79.3303
84484,2015-06-26 14:59:03,3,-19.7929,-79.3758
84484,2015-06-26 20:51:37,1,-19.5311,-79.5818
84484,2015-06-26 21:45:13,A,-19.4826,-79.6175
84484,2015-06-26 21:50:49,B,-19.4778,-79.6209
84484,2015-06-26 23:25:52,2,-19.3766,-79.6766
84484,2015-06-26 23:29:54,3,-19.3808,-79.664
84484,2015-06-26 23:30:34,3,-19.3832,-79.6533
84484,2015-06-28 10:26:18,0,-17.6016,-80.6169
84484,2015-06-28 11:24:58,2,-17.5768,-80.6053
84484,2015-06-28 11:47:22,3,-17.5548,-80.6167
84484,2015-06-28 13:04:22,2,-17.4965,-80.635
84484,2015-06-28 14:21:02,2,-17.4376,-80.6762
84484,2015-06-28 20:35:57,0,-17.1657,-80.8077
84484,2015-06-28 21:26:58,B,-17.128,-80.7725
84484,2015-06-28 22:28:28,1,-17.0755,-80.7575
84484,2015-06-28 22:45:21,3,-17.0688,-80.7682
84484,2015-06-28 22:59:54,A,-17.0553,-80.7636
84484,2015-06-30 10:00:56,0,-15.2402,-81.5979
84484,2015-06-30 10:22:40,B,-15.2231,-81.6068
84484,2015-06-30 10:56:18,3,-15.211,-81.6098
84484,2015-06-30 11:48:18,A,-15.1843,-81.6278
84484,2015-06-30 12:05:21,3,-15.167,-81.634
84484,2015-06-30 13:43:02,B,-15.1005,-81.6614
84484,2015-06-30 20:15:47,B,-14.8444,-81.7629
84484,2015-06-30 22:41:26,0,-14.7376,-81.768
84484,2015-06-30 23:04:36,3,-14.7423,-81.8303
84484,2015-06-30 23:31:08,2,-14.7198,-81.837
84484,2015-07-02 08:47:04,1,-12.9353,-83.2557
84484,2015-07-02 09:36:58,A,-12.8853,-83.2599
84484,2015-07-02 10:10:34,2,-12.856,-83.2837
84484,2015-07-02 11:02:44,A,-12.8169,-83.3046
84484,2015-07-02 11:19:50,3,-12.7994,-83.3247
84484,2015-07-02 11:47:49,2,-12.7739,-83.3432
84484,2015-07-02 12:42:23,2,-12.7285,-83.3686
84484,2015-07-02 14:33:31,2,-12.5877,-83.4754
84484,2015-07-02 22:18:15,2,-12.1631,-83.5495
84484,2015-07-02 22:41:51,3,-12.1402,-83.55
84484,2015-07-02 23:40:27,2,-12.08,-83.549
84484,2015-07-04 08:31:43,A,-10.0217,-84.3378
84484,2015-07-04 09:16:26,B,-9.9858,-84.3841
84484,2015-07-04 11:01:38,A,-9.9934,-84.3723
84484,2015-07-04 11:03:16,B,-9.9923,-84.3708
84484,2015-07-04 11:40:14,B,-9.9911,-84.3713
84484,2015-07-04 13:56:05,B,-9.9243,-84.3828
84484,2015-07-04 14:52:05,B,-9.9919,-84.3448
84484,2015-07-04 21:06:19,1,-9.6672,-84.2447
84484,2015-07-04 21:55:58,B,-9.6437,-84.2389
84484,2015-07-04 22:00:47,2,-9.6356,-84.2599
84484,2015-07-04 22:37:39,B,-9.6154,-84.2599
84484,2015-07-04 23:33:04,2,-9.5492,-84.2815
84484,2015-07-04 23:35:42,2,-9.5465,-84.282
84484,2015-07-06 10:34:17,1,-8.3593,-84.8081
84484,2015-07-06 11:48:48,A,-8.3099,-84.8348
84484,2015-07-06 12:14:25,B,-8.2993,-84.8856
84484,2015-07-06 12:17:34,2,-8.2878,-84.8201
84484,2015-07-06 14:50:23,A,-8.3071,-84.8663
84484,2015-07-06 20:40:28,3,-7.9797,-84.8856
84484,2015-07-06 21:32:05,B,-7.9369,-84.8816
84484,2015-07-06 22:45:21,1,-7.9193,-84.876
84484,2015-07-06 23:13:33,3,-7.8958,-84.8554
84484,2015-07-06 23:14:06,3,-7.8966,-84.8577
84484,2015-07-08 10:09:22,A,-7.1157,-84.8593
84484,2015-07-08 10:53:35,0,-7.0916,-84.6835
84484,2015-07-08 11:14:47,B,-7.0741,-84.6157
84484,2015-07-08 11:50:55,1,-7.1161,-84.5664
84484,2015-07-08 12:57:16,B,-7.0325,-84.6334
84484,2015-07-08 14:12:21,B,-6.9781,-84.5661
84484,2015-07-08 20:18:47,1,-6.6331,-84.9835
84484,2015-07-08 22:49:10,1,-6.5589,-85.081
84484,2015-07-08 23:32:24,2,-6.54,-85.1517
84484,2015-07-10 08:58:59,2,-5.5418,-86.2498
84484,2015-07-10 09:48:52,B,-5.5391,-86.282
84484,2015-07-10 10:11:43,B,-5.527,-86.2834
84484,2015-07-10 11:26:43,3,-5.4556,-86.3712
84484,2015-07-10 11:47:52,B,-5.4535,-86.3643
84484,2015-07-10 11:57:05,B,-5.3633,-86.4488
84484,2015-07-10 13:29:16,B,-5.3937,-86.4819
84484,2015-07-10 15:08:18,A,-5.3217,-86.5636
84484,2015-07-10 21:38:21,A,-5.1755,-86.8188
84484,2015-07-10 22:26:45,2,-5.1569,-86.9069
84484,2015-07-10 22:49:22,B,-5.1467,-86.9308
84484,2015-07-11 00:09:05,B,-5.1145,-87.0126
84484,2015-07-12 08:30:14,2,-4.5121,-88.0985
84484,2015-07-12 10:52:07,A,-4.4277,-88.1971
84484,2015-07-12 10:58:07,A,-4.4299,-88.1937
84484,2015-07-12 11:00:03,2,-4.4278,-88.1981
84484,2015-07-12 12:24:52,B,-4.3933,-88.2661
84484,2015-07-12 12:36:54,A,-4.3159,-88.2266
84484,2015-07-12 21:23:07,A,-4.0685,-88.6768
84484,2015-07-12 23:27:55,B,-4.0028,-88.6774
84484,2015-07-12 23:38:03,1,-4.011,-88.6171
84484,2015-07-12 23:51:36,3,-4.0014,-88.6269
84484,2015-07-14 08:12:10,0,-3.083,-89.721
84484,2015-07-14 09:54:58,B,-3.036,-89.7731
84484,2015-07-14 10:36:51,A,-2.981,-89.8648
84484,2015-07-14 11:28:03,2,-2.9707,-89.8866
84484,2015-07-14 11:48:02,3,-2.9522,-89.9024
84484,2015-07-14 11:48:02,3,-2.9522,-89.9024
84484,2015-07-14 12:21:29,2,-2.9324,-89.9238
84484,2015-07-14 13:08:14,1,-2.9061,-89.9884
84484,2015-07-14 20:55:24,2,-2.6688,-90.3248
84484,2015-07-14 23:20:26,B,-2.5954,-90.442
84484,2015-07-15 00:07:53,B,-2.5867,-90.4572
84484,2015-07-16 12:05:56,B,-2.3691,-92.295
84484,2015-07-16 12:35:42,B,-2.1813,-91.6489
84484,2015-07-16 14:49:38,B,-2.3175,-91.7549
84484,2015-07-16 22:59:52,1,-2.2544,-91.7943
84484,2015-07-16 23:01:14,A,-2.2574,-91.7801
84484,2015-07-16 23:38:05,A,-2.1659,-91.82
84484,2015-07-18 09:09:46,B,-2.2909,-92.3546
84484,2015-07-18 11:01:26,B,-2.5303,-92.3585
84484,2015-07-18 11:37:20,1,-2.5865,-92.3859
84484,2015-07-18 11:49:35,B,-2.5863,-92.3859
84484,2015-07-18 12:38:56,2,-2.5409,-92.3903
84484,2015-07-18 20:11:03,B,-2.3956,-92.3889
84484,2015-07-18 22:36:14,B,-2.3659,-92.4027
84484,2015-07-18 23:33:53,B,-2.2239,-92.5016
84484,2015-07-20 11:01:42,B,-2.2422,-93.0608
84484,2015-07-20 11:13:09,B,-2.3238,-93.0818
84484,2015-07-20 11:41:47,B,-2.3241,-93.0947
84484,2015-07-20 12:37:54,A,-2.2466,-93.0909
84484,2015-07-20 15:10:55,B,-2.1783,-93.1526
84484,2015-07-21 00:01:38,A,-2.2027,-93.1324
84484,2015-07-22 08:22:19,B,-2.2479,-93.1428
84484,2015-07-22 10:56:31,B,-2.1944,-93.2956
84484,2015-07-22 11:47:03,1,-2.2177,-93.4717
84484,2015-07-22 12:21:29,B,-2.2585,-93.3075
84484,2015-07-22 14:21:16,B,-2.2475,-93.4021
84484,2015-07-22 21:06:16,A,-2.2765,-93.4487
84484,2015-07-22 21:51:12,B,-2.2794,-93.4676
84484,2015-07-22 23:13:02,B,-2.2419,-93.4517
84484,2015-07-22 23:33:00,B,-2.2163,-93.4531
84484,2015-07-24 10:24:29,B,-2.1485,-93.8688
84484,2015-07-24 11:00:31,B,-2.0838,-93.6267
84484,2015-07-24 12:05:44,B,-2.0398,-93.5923
84484,2015-07-24 20:46:50,B,-1.9479,-93.5101
84484,2015-07-24 23:11:56,1,-1.9384,-93.4584
84484,2015-07-24 23:37:23,A,-1.9459,-93.485
84484,2015-07-24 23:50:29,A,-1.9608,-93.4728
84484,2015-07-26 11:43:14,B,-1.8362,-93.2938
84484,2015-07-26 11:50:59,A,-1.9954,-93.0109
84484,2015-07-26 11:50:59,B,-1.9944,-93.0113
84484,2015-07-26 13:30:55,B,-1.9775,-92.9831
84484,2015-07-26 14:44:39,B,-1.9766,-92.9819
84484,2015-07-26 20:22:46,B,-1.9238,-92.8885
84484,2015-07-26 22:49:36,B,-1.951,-92.9083
84484,2015-07-26 22:49:36,B,-1.9461,-92.9124
84484,2015-07-28 12:29:42,1,-1.6682,-92.4153
84484,2015-07-28 12:38:42,B,-1.6645,-92.4122
84484,2015-07-28 23:24:01,B,-1.6155,-92.1939
84484,2015-07-28 23:36:41,B,-1.5803,-92.1217
84484,2015-07-29 00:11:49,B,-1.5274,-92.0781
84484,2015-07-30 08:34:18,B,-1.6066,-91.965
84484,2015-07-30 10:16:34,B,-1.603,-91.9423
84484,2015-07-30 11:24:19,B,-1.6145,-91.9515
84484,2015-07-30 14:58:05,A,-1.6417,-91.8372
84484,2015-07-30 21:22:13,0,-1.5084,-91.8774
84484,2015-07-30 22:07:16,B,-1.5078,-91.8659
84484,2015-07-30 22:51:14,B,-1.5281,-91.8655
84484,2015-07-30 23:46:23,B,-1.4958,-91.8371
84484,2015-07-30 23:59:08,A,-1.5852,-91.7563
84484,2015-08-01 14:16:24,B,-1.5595,-91.6942
84484,2015-08-01 20:51:05,A,-1.624,-91.7614
84484,2015-08-01 23:15:02,A,-1.5425,-91.6551
84484,2015-08-01 23:40:53,B,-1.5927,-91.6186
84484,2015-08-03 22:50:22,A,-1.6893,-91.9619
84484,2015-08-03 23:33:00,B,-1.6789,-91.9445
84484,2015-08-05 11:03:00,B,-1.9813,-91.7017
84484,2015-08-05 11:27:36,B,-2.0671,-91.6061
84484,2015-08-07 08:41:53,B,-1.7912,-90.6308
84484,2015-08-07 10:11:44,B,-1.8792,-90.4818
84484,2015-08-07 11:13:42,B,-1.9017,-90.4324
84484,2015-08-07 11:50:00,B,-1.9124,-90.4103
84484,2015-08-07 12:14:52,B,-1.8836,-90.4729
84484,2015-08-07 22:08:34,B,-1.7572,-90.2304
84484,2015-08-07 22:53:41,B,-1.6454,-90.0503
84484,2015-08-07 23:07:06,B,-1.6449,-90.0445
84484,2015-08-09 11:03:20,B,-1.6692,-89.6412
84484,2015-08-09 11:15:33,B,-1.638,-89.7002
84484,2015-08-09 12:22:41,B,-1.5861,-89.5313
84484,2015-08-09 23:38:58,B,-1.7204,-89.3983
84484,2015-08-15 11:52:08,A,-2.3401,-89.6991
84484,2015-08-15 13:03:29,A,-2.2881,-89.7261
84484,2015-08-15 21:39:53,B,-2.2068,-88.2775
84484,2015-08-15 23:55:13,B,-2.5223,-88.2311
84484,2015-08-27 12:19:29,B,-3.0066,-90.101
84484,2015-09-10 09:09:04,B,-3.6562,-91.2732
84484,2015-09-10 11:15:18,0,-3.6795,-91.3318
84484,2015-09-10 12:42:41,A,-3.6443,-91.5702
84484,2015-09-10 23:36:59,B,-3.8259,-91.662
84484,2015-09-11 00:01:13,B,-3.7574,-91.4957
84484,2015-09-12 08:43:41,B,-4.3052,-91.5039
84484,2015-09-12 11:44:16,B,-4.3433,-91.526
84484,2015-09-12 12:01:34,B,-4.3327,-91.5111
84484,2015-09-12 14:48:15,B,-4.2849,-91.4648
84484,2015-09-12 21:25:16,A,-4.2766,-91.5115
84484,2015-09-14 12:13:18,A,-4.2187,-91.2683
84484,2015-09-14 21:03:37,B,-4.3037,-91.2223
84484,2015-09-16 10:21:47,B,-4.2226,-91.1354
84484,2015-09-16 12:00:18,B,-4.1992,-91.132
84484,2015-09-16 12:54:43,B,-4.2044,-91.1368
84484,2015-09-16 15:02:26,B,-4.1929,-91.1312
84484,2015-09-16 20:42:04,1,-4.1119,-91.2091
84484,2015-09-16 23:49:09,B,-4.0856,-91.2103
84484,2015-09-18 11:09:30,B,-3.9917,-91.156
84484,2015-09-18 11:28:44,B,-3.9934,-91.1478
84484,2015-09-18 11:53:00,A,-4.0042,-91.0501
84484,2015-09-18 20:22:39,B,-3.9226,-91.0726
84484,2015-09-18 23:47:58,A,-3.9676,-91.0892
84484,2015-09-20 22:55:42,B,-3.863,-90.373
84484,2015-09-20 23:47:43,A,-3.8081,-90.3653
84484,2015-09-22 11:09:52,B,-3.6128,-90.2273
84484,2015-09-22 11:22:12,B,-3.6054,-90.239
84484,2015-09-22 14:35:41,B,-3.6063,-90.2144
84484,2015-09-22 21:13:41,B,-3.6121,-90.1768
84484,2015-09-22 23:53:11,B,-3.6165,-90.1769
84484,2015-09-24 10:20:12,B,-3.6296,-89.8585
84494,2015-04-16 22:31:47,B,-42.5427,-73.0959
84494,2015-04-16 22:46:50,B,-42.5363,-73.174
84494,2015-04-17 08:05:07,B,-42.4847,-73.1616
84494,2015-04-17 08:26:18,B,-42.4961,-73.1428
84494,2015-04-23 23:11:39,B,-43.1528,-73.8598
84494,2015-04-29 08:43:57,B,-43.752,-74.7972
84494,2015-04-29 10:09:09,B,-43.6546,-74.9282
84494,2015-04-29 11:03:29,A,-43.6466,-74.9785
84494,2015-04-29 12:38:48,B,-43.6225,-75.039
84494,2015-04-29 14:30:23,B,-43.6096,-75.0733
84494,2015-04-29 21:36:49,B,-43.5289,-75.2956
84494,2015-04-29 22:39:28,B,-43.5425,-75.2425
84494,2015-04-29 23:57:23,B,-43.5494,-75.2068
84494,2015-05-21 23:21:59,B,-28.9728,-77.4078
84494,2015-05-25 10:49:21,B,-25.8365,-78.8995
84494,2015-05-25 10:51:40,B,-25.8337,-78.8925
84494,2015-05-25 14:25:48,B,-25.7973,-78.9125
84494,2015-05-25 22:55:09,B,-25.4724,-78.9014
84494,2015-05-25 23:43:48,B,-25.8634,-78.8581
84494,2015-05-27 09:59:23,B,-24.6384,-77.2846
84494,2015-05-27 10:11:52,B,-24.3773,-78.1339
84494,2015-05-29 10:57:39,B,-24.2774,-79.3065
84494,2015-05-29 11:10:12,B,-24.1173,-79.2431
84494,2015-05-29 12:02:15,B,-24.0388,-79.2678
84494,2015-05-29 23:09:56,B,-22.9336,-78.9894
84494,2015-05-31 11:05:20,B,-20.3057,-79.4038
84494,2015-05-31 11:45:18,B,-20.3731,-79.279
84494,2015-05-31 12:41:01,B,-20.4962,-79.2477
84494,2015-05-31 14:05:22,B,-20.4948,-79.1506
84494,2015-05-31 14:54:47,B,-20.4592,-79.1814
84494,2015-05-31 20:39:28,B,-20.2781,-79.2709
84494,2015-06-02 10:23:16,A,-18.5646,-80.3497
84494,2015-06-02 10:54:03,A,-18.4611,-80.4392
84494,2015-06-02 11:47:25,B,-18.3092,-80.4374
84494,2015-06-02 20:18:17,A,-18.053,-80.7511
84494,2015-06-02 22:43:04,B,-17.8982,-80.7486
84494,2015-06-02 23:00:35,B,-17.8833,-80.8244
84494,2015-06-02 23:23:11,A,-17.8681,-80.8086
84494,2015-06-04 11:50:08,B,-16.1613,-81.941
84494,2015-06-08 08:16:20,0,-12.1567,-83.7939
84494,2015-06-08 08:16:20,0,-12.1567,-83.7939
84494,2015-06-08 09:15:57,B,-12.1418,-83.7983
84494,2015-06-08 11:46:34,B,-12.0786,-83.801
84494,2015-06-08 11:53:36,B,-11.9971,-83.8416
84494,2015-06-08 23:35:31,B,-11.5475,-83.9717
84494,2015-06-10 20:31:51,B,-11.1911,-83.7896
84481,2015-04-09 18:32:21,2,-42.3488,-73.4711
84481,2015-04-09 21:08:08,A,-42.3346,-73.4442
84481,2015-04-09 21:28:35,A,-42.3414,-73.3525
84481,2015-04-09 22:20:09,3,-42.349,-73.328
84481,2015-04-09 22:20:09,3,-42.349,-73.328
84481,2015-04-09 22:52:44,2,-42.3511,-73.3251
84481,2015-04-09 23:13:44,B,-42.3432,-73.3286
84481,2015-04-10 02:04:05,B,-42.3486,-73.2869
84481,2015-04-10 03:41:05,2,-42.3482,-73.3555
84481,2015-04-10 06:03:32,B,-42.3534,-73.3617
84481,2015-04-10 07:41:16,A,-42.3557,-73.439
84481,2015-04-10 07:57:06,B,-42.3559,-73.4429
84481,2015-04-10 08:55:41,B,-42.3545,-73.4524
84481,2015-04-10 10:41:21,B,-42.3539,-73.4766
84481,2015-04-10 11:04:56,B,-42.3563,-73.48
84481,2015-04-10 13:29:31,B,-42.3517,-73.5
84481,2015-04-10 14:18:57,B,-42.3428,-73.4954
84481,2015-04-10 15:05:32,B,-42.3409,-73.4303
84481,2015-04-10 23:02:26,B,-42.3602,-73.3207
84481,2015-04-10 23:28:52,B,-42.3624,-73.3575
84481,2015-04-10 23:58:00,B,-42.3642,-73.3583
84481,2015-04-11 01:39:03,A,-42.432,-73.3981
84481,2015-04-11 02:34:54,B,-42.4368,-73.3977
84481,2015-04-11 03:24:25,B,-42.443,-73.3947
84481,2015-04-11 05:51:33,B,-42.397,-73.455
84481,2015-04-11 08:46:18,A,-42.3581,-73.43
84481,2015-04-11 09:11:03,A,-42.347,-73.4012
84481,2015-04-11 10:25:43,B,-42.3419,-73.4028
84481,2015-04-11 10:30:51,B,-42.3398,-73.4011
84481,2015-04-11 10:50:03,B,-42.3383,-73.3999
84481,2015-04-11 11:27:43,B,-42.3375,-73.3983
84481,2015-04-11 12:10:37,B,-42.3395,-73.3984
84481,2015-04-11 13:07:05,B,-42.3421,-73.3976
84481,2015-04-11 23:06:34,B,-42.3553,-73.3809
84481,2015-04-11 23:26:49,2,-42.3595,-73.3871
84481,2015-04-12 00:46:24,B,-42.363,-73.384
84481,2015-04-12 01:19:02,B,-42.3618,-73.3796
84481,2015-04-12 02:58:49,B,-42.4155,-73.3462
84481,2015-04-12 05:41:14,B,-42.3905,-73.3557
84481,2015-04-12 07:17:08,B,-42.3979,-73.3488
84481,2015-04-12 08:34:00,A,-42.3855,-73.3746
84481,2015-04-12 08:52:15,B,-42.3856,-73.3753
84481,2015-04-12 10:01:42,B,-42.3777,-73.3798
84481,2015-04-12 10:14:08,B,-42.368,-73.3785
84481,2015-04-12 10:30:19,A,-42.3776,-73.4612
84481,2015-04-12 11:40:54,B,-42.3522,-73.4705
84481,2015-04-13 07:07:17,B,-42.1254,-73.411
84481,2015-04-13 08:24:35,B,-42.117,-73.4137
84481,2015-04-13 08:24:35,B,-42.1444,-73.3797
84481,2015-04-13 10:04:35,B,-42.1338,-73.3795
84481,2015-04-13 11:06:32,B,-42.1103,-73.3737
84481,2015-04-13 12:49:08,B,-42.0911,-73.3739
84481,2015-04-13 19:30:23,A,-42.1129,-73.3609
84481,2015-04-13 21:07:17,B,-42.095,-73.3035
84481,2015-04-13 22:22:44,B,-41.9434,-73.0587
84481,2015-04-13 22:23:08,B,-41.9429,-73.0568
84481,2015-04-15 07:59:17,0,-42.4614,-73.2546
84481,2015-04-15 09:14:25,1,-42.5356,-73.2581
84481,2015-04-15 09:44:44,B,-42.5387,-73.2482
84481,2015-04-15 10:53:22,B,-42.5734,-73.1957
84481,2015-04-15 11:39:08,B,-42.5834,-73.1751
84481,2015-04-15 13:21:54,2,-42.6929,-73.2373
84481,2015-04-15 19:03:45,A,-42.9955,-73.2938
84481,2015-04-15 20:44:42,B,-43.0548,-73.2937
84481,2015-04-15 21:29:02,B,-43.0815,-73.2921
84481,2015-04-15 21:59:25,2,-43.1505,-73.4283
84481,2015-04-17 08:07:32,B,-44.3039,-74.7566
84481,2015-04-17 09:17:52,B,-44.3221,-74.7759
84481,2015-04-17 10:03:09,B,-44.334,-74.788
84481,2015-04-17 10:41:16,B,-44.3349,-74.8069
84481,2015-04-17 10:58:47,B,-44.31,-74.8121
84481,2015-04-17 12:19:34,B,-44.2796,-74.8509
84481,2015-04-17 13:58:54,B,-44.2758,-74.876
84481,2015-04-17 20:21:15,A,-44.2226,-75.3864
84481,2015-04-17 22:02:11,B,-44.2231,-75.464
84481,2015-04-17 22:22:17,B,-44.2282,-75.4542
84481,2015-04-19 07:44:11,A,-44.777,-77.2061
84481,2015-04-19 08:58:25,B,-44.7891,-77.2741
84481,2015-04-19 10:34:56,B,-44.7958,-77.3446
84481,2015-04-19 10:59:15,1,-44.7761,-77.4392
84481,2015-04-19 20:07:46,B,-44.5975,-77.9302
84481,2015-04-19 21:12:13,B,-44.6039,-78.0751
84481,2015-04-19 22:34:18,B,-44.6057,-78.1932
84481,2015-04-21 21:25:40,B,-44.4245,-79.0309
84481,2015-04-21 22:36:58,B,-44.4971,-79.4084
84481,2015-04-23 11:30:23,A,-43.474,-79.707
84481,2015-04-23 12:30:42,B,-43.4345,-79.7108
84481,2015-04-23 13:58:45,B,-43.4295,-79.7048
84481,2015-04-23 19:24:09,B,-43.3968,-79.7222
84481,2015-04-23 20:56:10,B,-43.3941,-79.7378
84481,2015-04-23 22:07:59,B,-43.3755,-79.7094
84481,2015-04-25 11:34:17,B,-41.7562,-80.198
84481,2015-04-25 13:14:03,B,-41.749,-80.1932
84481,2015-04-25 13:14:49,B,-41.7069,-80.176
84481,2015-04-25 20:37:54,B,-41.505,-80.2714
84481,2015-04-27 09:14:34,B,-40.4676,-80.7928
84481,2015-04-27 10:41:37,B,-40.4034,-80.9898
84481,2015-04-27 13:47:13,B,-40.2382,-81.2214
84481,2015-04-27 20:22:24,B,-40.0131,-81.6053
84481,2015-05-01 09:54:36,B,-36.3554,-86.1391
84481,2015-05-01 11:41:45,B,-36.2404,-75.3114
84481,2015-05-01 13:21:46,B,-37.3317,-81.13
84481,2015-05-01 19:36:13,B,-37.1988,-80.9966
84481,2015-05-01 21:20:05,B,-36.8075,-80.5293
84481,2015-05-01 21:33:51,B,-36.9898,-80.7454
84481,2015-05-01 22:18:24,A,-36.7338,-81.2419
84481,2015-05-03 10:05:36,B,-35.5886,-80.773
84481,2015-05-03 10:41:45,B,-35.894,-80.9118
84481,2015-05-03 11:47:41,B,-35.2174,-81.3137
84481,2015-05-03 21:57:29,B,-35.0765,-81.2754
84481,2015-05-05 09:10:26,B,-33.8149,-81.4823
84481,2015-05-05 20:27:32,B,-33.3284,-81.696
84481,2015-05-07 07:38:07,A,-31.8817,-81.6075
84481,2015-05-07 10:27:18,2,-31.7426,-81.8541
84481,2015-05-07 11:45:10,A,-31.7068,-81.8814
84481,2015-05-07 11:55:48,B,-31.7001,-81.914
84481,2015-05-07 13:35:17,B,-31.6577,-81.9203
84481,2015-05-07 20:12:33,B,-31.3874,-82.1527
84481,2015-05-07 21:46:24,B,-31.3628,-82.1549
84481,2015-05-07 22:29:44,B,-31.3772,-82.1444
84481,2015-05-07 22:55:29,B,-31.2677,-82.1878
84481,2015-05-09 10:58:08,B,-29.6224,-82.8685
84481,2015-05-09 21:25:06,B,-30.0681,-82.2699
84481,2015-05-13 12:09:44,B,-28.3825,-82.2319
84481,2015-05-13 19:06:33,B,-28.4793,-81.8482
84481,2015-05-15 07:51:31,B,-26.8355,-81.3804
84481,2015-05-15 10:07:45,B,-26.7591,-81.5739
84481,2015-05-15 10:32:36,B,-26.7584,-81.574
84481,2015-05-15 11:05:56,A,-26.7019,-81.6833
84481,2015-05-15 11:42:43,A,-26.669,-81.6887
84481,2015-05-15 12:45:55,1,-26.5854,-81.7192
84481,2015-05-15 20:17:40,B,-26.1449,-81.8679
84481,2015-05-15 22:14:54,B,-26.0522,-82.0855
84481,2015-05-15 22:31:45,B,-26.0075,-82.1001
84481,2015-05-17 11:41:57,B,-25.4793,-84.3124
84481,2015-05-17 13:56:49,2,-24.9463,-82.4111
84481,2015-05-17 22:36:54,A,-25.0348,-82.3987
84481,2015-05-17 22:53:35,A,-25.0184,-82.306
84481,2015-05-19 10:43:33,A,-24.8716,-82.1611
84481,2015-05-19 11:46:35,B,-24.8729,-82.1574
84481,2015-05-19 12:21:56,2,-24.9049,-82.053
84481,2015-05-19 13:13:40,A,-24.9011,-82.0049
84481,2015-05-19 19:33:49,3,-24.8934,-81.7035
84481,2015-05-19 21:17:17,B,-24.8993,-81.641
84481,2015-05-19 22:20:17,2,-24.8711,-81.634
84481,2015-05-19 22:28:24,B,-24.8638,-81.6366
84481,2015-05-23 10:06:32,B,-23.8555,-81.2814
84481,2015-05-23 10:39:09,B,-23.4111,-81.5198
84481,2015-05-23 11:45:01,A,-23.3064,-81.5533
84481,2015-05-23 11:55:52,1,-23.2682,-81.528
84481,2015-05-23 20:32:43,B,-22.8159,-81.6132
84481,2015-05-23 22:33:20,B,-22.7287,-81.676
84481,2015-05-23 22:58:45,B,-22.7216,-81.6247
84481,2015-05-27 11:33:44,B,-20.1736,-81.2962
84481,2015-05-27 11:44:38,A,-20.1406,-81.2041
84481,2015-05-27 21:27:22,B,-19.7915,-81.2056
84481,2015-05-27 22:32:09,B,-19.8028,-81.2162
84481,2015-05-27 22:32:09,B,-19.7265,-81.2095
84481,2015-05-29 11:13:12,1,-19.5132,-81.2478
84481,2015-05-29 12:09:50,A,-19.472,-81.1883
84481,2015-05-29 21:04:01,B,-19.166,-80.9679
84481,2015-05-31 08:11:24,0,-17.2856,-81.6881
84481,2015-05-31 09:12:17,B,-17.2134,-81.7971
84481,2015-05-31 10:47:35,B,-17.2554,-81.7955
84481,2015-05-31 11:01:33,B,-17.2808,-81.3266
84481,2015-05-31 11:43:15,A,-17.2493,-81.9228
84481,2015-05-31 12:44:10,B,-17.197,-81.9469
84481,2015-05-31 19:00:18,B,-16.9381,-82.3484
84481,2015-05-31 20:47:56,B,-16.9346,-82.3482
84481,2015-06-02 07:42:02,0,-15.5936,-84.3998
84481,2015-06-02 10:23:44,B,-15.4829,-84.5406
84481,2015-06-02 10:54:05,B,-15.4821,-84.4918
84481,2015-06-02 11:44:51,A,-15.4444,-84.542
84481,2015-06-02 12:08:25,B,-15.4279,-84.565
84481,2015-06-02 20:20:48,B,-15.245,-84.8107
84481,2015-06-04 07:18:40,B,-13.9754,-86.4748
84481,2015-06-04 10:01:45,B,-13.6717,-85.9263
84481,2015-06-04 11:38:18,B,-13.6145,-85.7273
84481,2015-06-04 12:20:29,B,-13.5149,-85.7252
84481,2015-06-04 20:04:03,B,-12.8956,-85.4542
84481,2015-06-12 20:10:44,B,-12.7277,-92.8279
120948,2015-04-14 13:36:33,B,-42.1437,-73.6702
120948,2015-04-14 14:39:47,A,-42.1457,-73.6686
120948,2015-04-14 20:16:06,B,-42.1109,-73.4297
120948,2015-04-14 20:57:32,2,-42.1215,-73.4346
120948,2015-04-14 21:51:35,B,-42.1291,-73.43
120948,2015-04-14 21:56:12,2,-42.1272,-73.4842
120948,2015-04-14 22:11:35,0,-42.1285,-73.4429
120948,2015-04-14 23:33:23,2,-42.0816,-73.3674
120948,2015-04-14 23:34:35,2,-42.0915,-73.3973
120948,2015-04-14 23:51:58,B,-42.0751,-73.3728
120948,2015-04-15 07:54:57,B,-42.0343,-73.2316
120948,2015-04-15 09:10:12,0,-42.0931,-73.4225
120948,2015-04-15 09:39:51,2,-42.1139,-73.4132
120948,2015-04-15 10:09:44,B,-42.1187,-73.4295
120948,2015-04-15 10:51:56,1,-42.0772,-73.4096
120948,2015-04-15 11:44:56,A,-42.078,-73.4004
120948,2015-04-15 13:18:56,B,-42.0798,-73.4179
120948,2015-04-15 14:14:40,B,-42.0724,-73.4082
120948,2015-04-15 15:00:49,B,-42.0737,-73.404
120948,2015-04-15 20:50:08,B,-42.0976,-73.4463
120948,2015-04-15 21:25:43,A,-42.1152,-73.4656
120948,2015-04-15 21:29:09,1,-42.1384,-73.4385
120948,2015-04-15 21:59:49,0,-42.1232,-73.4155
120948,2015-04-15 23:01:55,2,-42.1035,-73.3608
120948,2015-04-15 23:08:09,2,-42.1063,-73.3733
120948,2015-04-15 23:39:52,A,-42.103,-73.3685
120948,2015-04-16 07:49:20,B,-42.1291,-73.292
120948,2015-04-16 08:14:50,B,-42.0859,-73.4242
120948,2015-04-16 08:46:21,2,-42.0767,-73.4045
120948,2015-04-16 09:31:18,B,-42.0835,-73.3837
120948,2015-04-16 09:35:06,B,-42.0863,-73.3912
120948,2015-04-16 10:31:42,2,-42.1,-73.3724
120948,2015-04-16 11:13:40,A,-42.0897,-73.4094
120948,2015-04-16 12:48:09,A,-42.1025,-73.4031
120948,2015-04-16 13:04:47,B,-42.1047,-73.4065
120948,2015-04-16 14:39:46,A,-42.1081,-73.4073
120948,2015-04-16 20:40:46,B,-42.1404,-73.4152
120948,2015-04-16 20:51:17,B,-42.2073,-73.1257
120948,2015-04-16 21:04:35,1,-42.2355,-73.0713
120948,2015-04-16 21:46:53,1,-42.2852,-73.0113
120948,2015-04-16 22:31:18,A,-42.3344,-73.0108
120948,2015-04-16 22:45:08,0,-42.3273,-73.0175
120948,2015-04-16 23:26:55,B,-42.3349,-72.9758
120948,2015-04-17 08:05:24,B,-42.5771,-72.7918
120948,2015-04-17 08:29:19,B,-42.6107,-73.342
120948,2015-04-17 09:17:55,1,-42.6017,-73.4128
120948,2015-04-17 10:04:21,2,-42.5784,-73.4811
120948,2015-04-17 10:42:44,1,-42.5662,-73.4428
120948,2015-04-17 12:18:55,B,-42.568,-73.4375
120948,2015-04-17 12:44:35,B,-42.5724,-73.4375
120948,2015-04-17 13:39:07,B,-42.5689,-73.4379
120948,2015-04-17 14:19:38,B,-42.6173,-73.3989
120948,2015-04-17 20:20:09,B,-42.7829,-73.4354
120948,2015-04-17 20:23:01,A,-42.8633,-73.4054
120948,2015-04-17 21:32:16,1,-42.9549,-73.3576
120948,2015-04-17 21:57:47,A,-42.9652,-73.367
120948,2015-04-17 22:20:24,A,-42.9676,-73.3662
120948,2015-04-18 07:51:48,A,-43.2629,-73.4511
120948,2015-04-18 09:07:51,B,-43.274,-73.3662
120948,2015-04-18 09:41:27,B,-43.2857,-73.3533
120948,2015-04-18 10:11:18,B,-43.2578,-73.3871
120948,2015-04-18 10:43:42,A,-43.2333,-73.4279
120948,2015-04-18 11:20:36,B,-43.2295,-73.426
120948,2015-04-18 11:50:58,B,-43.1924,-73.4008
120948,2015-04-18 14:56:10,B,-43.0198,-73.39
120948,2015-04-18 20:13:35,B,-43.2316,-73.5234
120948,2015-04-18 21:21:23,A,-43.3575,-73.5459
120948,2015-04-18 21:30:33,3,-43.3563,-73.5579
120948,2015-04-18 21:52:14,B,-43.3681,-73.5642
120948,2015-04-18 23:01:57,A,-43.3915,-73.5998
120948,2015-04-18 23:13:43,B,-43.4018,-73.6049
120948,2015-04-18 23:30:14,B,-43.4049,-73.607
120948,2015-04-19 07:42:56,0,-43.5634,-74.0388
120948,2015-04-19 08:56:21,0,-43.5247,-74.1157
120948,2015-04-19 09:15:59,B,-43.5164,-74.1075
120948,2015-04-19 10:36:18,0,-43.4651,-74.2534
120948,2015-04-19 10:55:55,1,-43.456,-74.28
120948,2015-04-19 11:14:58,B,-43.4494,-74.2864
120948,2015-04-19 12:57:13,B,-43.3862,-74.3164
120948,2015-04-19 13:39:23,2,-43.3205,-74.407
120948,2015-04-19 14:36:57,A,-43.3065,-74.4759
120948,2015-04-19 20:06:59,B,-43.2511,-74.4845
120948,2015-04-19 21:42:46,B,-43.2204,-74.9792
120948,2015-04-20 07:06:49,B,-42.9465,-76.2002
120948,2015-04-20 07:38:43,B,-42.948,-76.1148
120948,2015-04-20 08:42:40,3,-43.3962,-75.9131
120948,2015-04-20 10:28:35,B,-43.407,-75.9119
120948,2015-04-20 10:32:04,A,-43.4202,-76.0447
120948,2015-04-20 12:26:57,A,-43.4356,-76.2095
120948,2015-04-20 13:24:10,B,-43.4584,-76.2946
120948,2015-04-20 14:05:34,B,-43.4647,-76.3388
120948,2015-04-20 15:00:55,B,-43.4831,-76.4048
120948,2015-04-20 20:29:27,B,-43.5582,-76.7546
120948,2015-04-20 21:35:14,B,-43.5579,-76.7771
120948,2015-04-20 22:09:47,B,-43.5621,-76.8546
120948,2015-04-20 22:44:34,B,-43.5642,-76.8547
120948,2015-04-20 22:45:29,B,-43.5631,-76.8556
120948,2015-04-20 23:49:35,B,-43.584,-76.923
120948,2015-04-21 07:26:16,B,-43.6918,-77.3936
120948,2015-04-21 08:35:09,B,-43.7392,-77.4172
120948,2015-04-21 10:05:37,B,-43.798,-77.5733
120948,2015-04-21 10:15:10,B,-43.8339,-77.5339
120948,2015-04-21 10:15:54,B,-43.8398,-77.404
120948,2015-04-21 12:55:26,A,-43.9738,-77.556
120948,2015-04-21 13:32:11,A,-43.9522,-77.5726
120948,2015-04-21 13:54:48,B,-43.9356,-77.5712
120948,2015-04-21 14:39:18,2,-43.9783,-77.5582
120948,2015-04-21 21:17:17,B,-44.1929,-77.8647
120948,2015-04-21 21:37:11,2,-44.198,-77.9166
120948,2015-04-21 22:16:04,B,-44.2429,-77.9461
120948,2015-04-21 22:29:42,1,-44.2473,-77.9621
120948,2015-04-21 23:16:03,B,-44.2752,-77.9824
120948,2015-04-21 23:59:59,A,-44.3139,-77.9992
120948,2015-04-22 07:12:34,B,-44.6226,-78.2354
120948,2015-04-22 08:02:28,B,-44.6582,-78.2719
120948,2015-04-22 08:17:03,B,-44.6631,-78.2928
120948,2015-04-22 09:40:11,A,-44.7119,-78.3276
120948,2015-04-22 10:00:50,2,-44.7214,-78.3494
120948,2015-04-22 11:22:23,1,-44.7727,-78.4193
120948,2015-04-22 11:23:19,B,-44.7639,-78.4095
120948,2015-04-22 12:38:46,0,-44.8204,-78.4981
120948,2015-04-22 13:03:29,B,-44.8191,-78.4975
120948,2015-04-22 13:28:46,B,-44.8487,-78.4938
120948,2015-04-22 14:18:06,A,-44.8938,-78.4959
120948,2015-04-22 22:21:06,B,-45.2522,-78.8702
120948,2015-04-22 22:44:55,0,-45.2605,-78.8859
120948,2015-04-23 08:41:55,B,-45.6634,-79.2506
120948,2015-04-23 09:17:07,2,-45.7027,-79.5451
120948,2015-04-23 09:49:01,B,-45.7075,-79.5484
120948,2015-04-23 10:52:15,B,-45.7359,-79.5907
120948,2015-04-23 10:57:06,A,-45.7868,-79.6049
120948,2015-04-23 12:19:02,A,-45.8459,-79.6387
120948,2015-04-23 12:27:23,B,-45.8498,-79.6699
120948,2015-04-23 13:56:00,1,-45.999,-79.6873
120948,2015-04-23 14:48:20,B,-45.9313,-79.733
120948,2015-04-24 08:51:39,B,-46.6698,-80.1382
120948,2015-04-24 09:38:40,B,-46.7717,-80.205
120948,2015-04-24 10:38:13,B,-46.8259,-80.3215
120948,2015-04-24 11:57:05,B,-46.9044,-80.3998
120948,2015-04-24 11:57:54,A,-46.7764,-80.4101
120948,2015-04-24 13:38:19,B,-46.8293,-80.5434
120948,2015-04-24 20:41:19,B,-47.0753,-81.1892
120948,2015-04-24 21:39:47,A,-47.0341,-81.0514
120948,2015-04-24 21:54:51,B,-47.0622,-81.0703
120948,2015-04-24 22:27:09,B,-47.1008,-81.1005
120948,2015-04-24 23:19:35,A,-47.107,-81.078
120948,2015-04-24 23:33:07,1,-47.1196,-81.1204
120948,2015-04-25 07:48:17,B,-47.3396,-81.532
120948,2015-04-25 08:16:13,B,-47.2029,-81.3914
120948,2015-04-25 08:28:58,1,-47.2376,-81.5079
120948,2015-04-25 09:30:49,A,-47.2399,-81.514
120948,2015-04-25 10:09:17,A,-47.2703,-81.5533
120948,2015-04-25 11:07:38,B,-47.2875,-81.6476
120948,2015-04-25 11:27:47,2,-47.2982,-81.6827
120948,2015-04-25 11:39:03,B,-47.3036,-81.6952
120948,2015-04-25 11:49:30,A,-47.2987,-81.7026
120948,2015-04-25 13:10:49,B,-47.3393,-81.7953
120948,2015-04-25 13:16:31,A,-47.3393,-81.8396
120948,2015-04-25 14:11:03,0,-47.3766,-81.8677
120948,2015-04-25 14:43:34,B,-47.3985,-81.901
120948,2015-04-25 14:53:37,B,-47.4069,-81.9255
120948,2015-04-25 20:33:13,0,-47.6605,-82.2814
120948,2015-04-25 21:10:51,B,-47.6503,-82.2401
120948,2015-04-25 21:41:58,B,-47.6893,-82.3314
120948,2015-04-25 22:15:59,A,-47.6627,-82.2888
120948,2015-04-25 22:17:06,A,-47.6842,-82.2744
120948,2015-04-25 22:48:18,B,-47.6742,-82.3052
120948,2015-04-25 23:21:22,B,-47.6842,-82.3189
120948,2015-04-26 07:34:01,B,-47.8037,-82.5369
120948,2015-04-26 09:14:18,0,-47.7847,-82.6957
120948,2015-04-26 09:40:47,A,-47.7941,-82.7198
120948,2015-04-26 10:54:17,B,-47.8075,-82.7737
120948,2015-04-26 11:18:14,B,-47.8043,-82.761
120948,2015-04-26 12:36:44,2,-47.8587,-82.7453
120948,2015-04-26 12:56:51,B,-47.8546,-82.7507
120948,2015-04-26 13:49:25,B,-47.8818,-82.7807
120948,2015-04-26 14:39:53,B,-47.8792,-82.7967
120948,2015-04-26 20:19:34,B,-47.9806,-82.9432
120948,2015-04-26 21:53:06,B,-48.0602,-83.2432
120948,2015-04-26 22:23:30,B,-48.0358,-83.1288
120948,2015-04-26 23:12:38,B,-48.0132,-82.9775
120948,2015-04-26 23:37:50,0,-48.1273,-83.2628
120948,2015-04-26 23:58:06,A,-48.163,-83.4225
120948,2015-04-27 07:53:13,0,-48.5123,-83.978
120948,2015-04-27 09:05:38,2,-48.5442,-84.0972
120948,2015-04-27 09:17:23,3,-48.5512,-84.1186
120948,2015-04-27 09:17:23,3,-48.5512,-84.1186
120948,2015-04-27 10:26:40,B,-48.5873,-84.2016
120948,2015-04-27 10:50:02,B,-48.6071,-84.2267
120948,2015-04-27 10:57:46,A,-48.6139,-84.2167
120948,2015-04-27 12:05:12,A,-48.6865,-84.255
120948,2015-04-27 12:36:57,0,-48.713,-84.3529
120948,2015-04-27 13:41:58,B,-48.7622,-84.4551
120948,2015-04-27 14:12:43,A,-48.8392,-84.4942
120948,2015-04-27 20:13:54,B,-48.8687,-84.7798
120948,2015-04-27 21:47:50,A,-48.9704,-84.9013
120948,2015-04-27 21:56:11,A,-48.9392,-84.903
120948,2015-04-27 22:58:48,B,-48.9236,-84.9759
120948,2015-04-27 23:06:11,B,-48.9285,-84.9861
120948,2015-04-27 23:24:41,B,-48.9239,-84.9765
120948,2015-04-28 07:49:26,B,-48.8642,-85.0304
120948,2015-04-28 08:58:38,B,-48.9471,-85.3853
120948,2015-04-28 09:28:09,B,-48.9645,-85.4709
120948,2015-04-28 12:13:40,A,-48.9684,-85.5862
120948,2015-04-28 13:11:40,B,-49.0223,-85.8256
120948,2015-04-28 13:54:01,A,-48.9225,-85.6167
120948,2015-04-28 21:45:13,A,-48.8561,-85.8307
120948,2015-04-28 22:44:42,B,-48.8698,-85.8523
120948,2015-04-28 22:58:44,0,-49.0104,-86.0154
120948,2015-04-28 23:21:31,B,-48.8513,-85.9125
120948,2015-04-29 07:35:31,A,-49.0216,-86.1813
120948,2015-04-29 08:48:15,B,-49.0172,-86.2932
120948,2015-04-29 10:20:45,A,-49.0241,-86.5804
120948,2015-04-29 11:46:35,0,-49.0331,-86.6582
120948,2015-04-29 12:03:41,A,-49.0374,-86.6259
120948,2015-04-29 12:42:05,1,-49.0247,-86.6859
120948,2015-04-29 13:37:10,A,-49.0228,-86.7384
120948,2015-04-29 14:28:19,B,-49.0236,-86.8194
120948,2015-04-29 21:31:30,B,-49.0427,-87.0429
120948,2015-04-29 22:26:48,1,-48.9928,-87.1068
120948,2015-04-29 22:39:43,B,-48.9908,-87.1452
120948,2015-04-29 23:14:15,B,-48.9862,-87.1221
120948,2015-04-30 00:01:02,0,-48.978,-87.1924
120948,2015-04-30 00:03:14,A,-48.9776,-87.1972
120948,2015-04-30 07:22:35,A,-48.8787,-87.5185
120948,2015-04-30 09:00:51,B,-48.8591,-87.6031
120948,2015-04-30 10:16:04,B,-48.8071,-87.6755
120948,2015-04-30 11:22:24,B,-48.7857,-87.6599
120948,2015-04-30 11:55:00,A,-48.7905,-87.5806
120948,2015-04-30 12:12:57,A,-48.7954,-87.5752
120948,2015-04-30 13:54:37,B,-48.7673,-87.6152
120948,2015-04-30 14:06:42,B,-48.7522,-87.6158
120948,2015-04-30 14:53:38,B,-48.7317,-87.6566
120948,2015-04-30 22:28:55,B,-48.5771,-87.9412
120948,2015-04-30 23:05:01,B,-48.5705,-87.9621
120948,2015-04-30 23:29:32,B,-48.5776,-87.9665
120948,2015-04-30 23:39:49,B,-48.5878,-87.9387
120948,2015-05-01 08:50:21,A,-48.4699,-88.1168
120948,2015-05-01 09:18:12,A,-48.4554,-88.0228
120948,2015-05-01 09:59:09,A,-48.4535,-88.1027
120948,2015-05-01 10:59:26,A,-48.4483,-88.0385
120948,2015-05-01 12:56:15,B,-48.3969,-88.056
120948,2015-05-01 13:21:35,B,-48.4325,-88.0784
120948,2015-05-01 14:39:20,B,-48.4002,-88.0631
120948,2015-05-01 14:58:15,B,-48.4013,-88.1818
120948,2015-05-01 22:59:49,B,-48.3118,-88.4564
120948,2015-05-01 23:58:44,B,-48.2275,-88.4128
120948,2015-05-03 08:30:45,0,-47.2103,-89.372
120948,2015-05-03 11:17:48,B,-47.1076,-89.4154
120948,2015-05-03 11:47:59,B,-47.0715,-89.4105
120948,2015-05-03 12:14:40,B,-47.0997,-89.3743
120948,2015-05-03 13:52:04,1,-47.0317,-89.4626
120948,2015-05-03 13:54:59,B,-47.0367,-89.4171
120948,2015-05-03 20:45:54,B,-46.7982,-89.4712
120948,2015-05-03 23:33:25,0,-46.5981,-89.4379
120948,2015-05-05 08:09:41,A,-45.2699,-89.789
120948,2015-05-05 09:17:17,B,-45.2251,-89.9854
120948,2015-05-05 10:54:34,B,-45.1595,-90.1015
120948,2015-05-05 12:37:29,B,-45.0978,-90.2599
120948,2015-05-05 12:40:04,1,-45.1271,-90.1241
120948,2015-05-05 13:00:06,B,-45.0991,-90.2919
120948,2015-05-05 14:45:48,B,-45.0302,-90.429
120948,2015-05-05 22:06:30,B,-44.847,-90.2704
120948,2015-05-07 07:40:36,B,-43.1749,-92.1447
120948,2015-05-07 09:26:46,B,-43.3094,-91.4514
120948,2015-05-07 10:29:07,0,-43.4724,-90.2801
120948,2015-05-07 11:49:53,B,-43.3131,-90.5348
120948,2015-05-07 11:50:21,B,-43.3335,-91.2721
120948,2015-05-07 13:30:38,B,-43.3858,-90.6284
120948,2015-05-07 21:43:28,0,-42.9946,-90.4819
120948,2015-05-07 22:54:20,B,-42.9722,-90.349
120948,2015-05-07 23:09:32,B,-42.9388,-90.3446
120948,2015-05-09 10:55:34,B,-43.0977,-86.3838
120948,2015-05-09 11:47:38,1,-41.2363,-90.6039
120948,2015-05-09 12:32:47,A,-41.2209,-90.6487
120948,2015-05-09 12:37:47,A,-41.219,-90.6479
120948,2015-05-09 14:09:08,B,-41.2133,-90.6564
120948,2015-05-09 15:04:28,A,-41.1157,-90.594
120948,2015-05-09 21:20:28,A,-40.8343,-90.7521
120948,2015-05-09 22:25:09,B,-40.7945,-90.7489
120948,2015-05-09 23:12:18,B,-40.7659,-90.7461
120948,2015-05-09 23:47:38,B,-40.7319,-90.8209
120948,2015-05-11 08:37:29,B,-39.3306,-91.3914
120948,2015-05-11 09:43:28,B,-39.298,-91.4174
120948,2015-05-11 10:10:18,1,-39.2827,-91.4297
120948,2015-05-11 11:25:16,B,-39.2401,-91.4512
120948,2015-05-11 11:46:55,A,-39.2587,-91.4471
120948,2015-05-11 13:05:15,B,-39.1772,-91.4724
120948,2015-05-11 14:22:22,B,-39.1398,-91.4893
120948,2015-05-11 21:04:31,B,-38.8152,-91.6028
120948,2015-05-21 08:22:05,0,-30.1987,-93.5586
120948,2015-05-21 11:00:12,B,-30.1659,-93.596
120948,2015-05-21 15:03:44,A,-30.0752,-93.6211
120948,2015-05-21 20:53:33,B,-29.9058,-93.6791
120948,2015-05-21 22:34:39,B,-29.8477,-93.4663
120948,2015-05-21 23:17:28,B,-29.8306,-93.4374
120948,2015-05-21 23:30:34,B,-29.8183,-93.4259
120948,2015-05-23 08:04:06,A,-29.1267,-92.2472
120948,2015-05-23 10:42:52,B,-29.0737,-92.1613
120948,2015-05-23 11:48:03,B,-29.0504,-92.4288
120948,2015-05-23 12:25:14,2,-28.7788,-93.5008
120948,2015-05-23 13:33:09,B,-28.8462,-93.4221
120948,2015-05-23 20:26:10,B,-28.5852,-94.1743
120948,2015-05-23 23:08:45,B,-28.5546,-93.8415
120948,2015-05-23 23:08:45,B,-28.4924,-94.0264
120948,2015-05-25 09:16:43,B,-27.5826,-95.2858
120948,2015-05-25 10:23:06,B,-27.3206,-95.0437
120948,2015-05-25 10:55:35,B,-27.4624,-94.0796
120948,2015-05-25 12:00:41,A,-27.435,-93.9545
120948,2015-05-25 12:33:56,A,-27.4326,-94.0519
120948,2015-05-25 12:34:53,B,-27.4253,-94.0167
120948,2015-05-25 14:12:42,B,-27.4243,-93.9973
120948,2015-05-25 14:33:23,B,-27.3958,-93.9677
120948,2015-05-25 20:09:17,B,-27.2735,-94.0029
120948,2015-05-25 21:49:35,A,-27.0879,-93.7402
120948,2015-05-25 23:23:53,B,-27.0261,-93.6794
120948,2015-05-27 08:57:52,0,-26.1931,-93.6628
120948,2015-05-27 11:39:28,A,-26.1532,-93.6301
120948,2015-05-27 11:47:37,A,-26.1249,-93.6523
120948,2015-05-27 13:13:12,B,-26.1074,-93.6019
120948,2015-05-27 21:27:34,A,-25.6746,-93.4877
120948,2015-05-29 08:33:59,B,-24.4436,-93.7841
120948,2015-05-29 10:58:45,A,-23.7549,-94.1411
120948,2015-05-29 12:08:23,B,-23.7047,-94.1816
120948,2015-05-29 12:35:52,B,-23.6637,-94.1977
120948,2015-05-29 13:46:18,B,-23.5552,-94.1652
120948,2015-05-29 21:06:27,B,-23.0847,-94.3212
120948,2015-05-29 23:24:15,B,-22.9299,-94.3198
120948,2015-05-29 23:46:37,1,-22.9485,-94.1985
120948,2015-05-31 08:08:19,B,-21.4156,-93.9418
120948,2015-05-31 10:49:52,B,-21.4889,-93.5298
120948,2015-05-31 11:46:33,A,-21.2944,-94.4715
120948,2015-05-31 12:32:44,B,-21.2925,-94.4516
120948,2015-05-31 12:47:20,B,-21.2543,-94.059
120948,2015-05-31 23:24:05,B,-20.6886,-94.4345
120948,2015-05-31 23:49:24,B,-20.7738,-94.5557
120948,2015-06-01 07:53:00,B,-20.4034,-94.6633
120948,2015-06-01 09:40:58,B,-20.4088,-94.7522
120948,2015-06-01 10:39:55,B,-20.4927,-94.685
120948,2015-06-01 12:14:01,B,-20.4998,-94.6983
120948,2015-06-01 13:01:28,B,-20.4845,-94.7009
120948,2015-06-01 20:31:18,B,-20.2287,-94.7071
120948,2015-06-01 23:22:38,B,-20.1562,-94.6554
120948,2015-06-01 23:48:41,B,-20.1437,-94.7164
120948,2015-06-05 08:49:35,B,-18.4048,-94.7093
120948,2015-06-05 11:20:51,B,-17.9466,-95.2078
120948,2015-06-05 11:39:35,B,-17.9818,-95.2992
120948,2015-06-05 13:32:26,B,-18.2049,-94.9702
120948,2015-06-05 21:31:00,B,-17.626,-95.2011
120948,2015-06-07 14:56:57,A,-16.0363,-96.3698
120948,2015-06-07 21:12:07,2,-15.8781,-96.4565
120948,2015-06-07 23:28:27,B,-15.7906,-96.5016
120948,2015-06-07 23:46:35,B,-15.7655,-96.5266
120948,2015-06-09 08:07:56,0,-14.9842,-96.8871
120948,2015-06-09 09:48:48,0,-14.9523,-96.9209
120948,2015-06-09 10:45:13,B,-14.9292,-96.9393
120948,2015-06-09 11:26:19,2,-14.9092,-96.9346
120948,2015-06-09 12:22:17,B,-14.8729,-96.9458
120948,2015-06-09 12:58:37,B,-14.8925,-96.9631
120948,2015-06-09 20:44:57,B,-14.5816,-97.1505
120948,2015-06-09 22:23:25,B,-14.5208,-97.1745
120948,2015-06-09 23:54:33,1,-14.4228,-97.0347
120948,2015-06-10 00:04:42,1,-14.3991,-97.0286
120948,2015-06-11 09:26:35,A,-13.2017,-97.2804
120948,2015-06-11 10:25:11,B,-13.1584,-97.2756
120948,2015-06-11 11:58:13,2,-13.1805,-97.255
120948,2015-06-11 11:58:13,B,-13.1413,-97.2712
120948,2015-06-11 12:15:10,B,-13.1682,-97.2683
120948,2015-06-11 13:40:47,A,-13.0992,-97.3057
120948,2015-06-11 20:25:45,B,-12.7432,-97.3696
120948,2015-06-11 22:03:35,B,-12.6836,-97.3845
120948,2015-06-11 22:59:54,B,-12.6797,-97.3867
120948,2015-06-13 08:57:13,A,-11.6016,-97.9397
120948,2015-06-13 11:22:34,B,-11.5468,-97.9695
120948,2015-06-13 11:33:58,B,-11.5114,-97.9657
120948,2015-06-13 12:39:29,0,-11.504,-98.0736
120948,2015-06-13 13:02:08,1,-11.5028,-98.0971
120948,2015-06-13 23:40:08,B,-11.045,-98.4426
120948,2015-06-13 23:58:00,B,-11.1192,-98.571
120948,2015-06-15 08:37:52,0,-9.8793,-99.5038
120948,2015-06-15 11:14:10,A,-9.8801,-99.3726
120948,2015-06-15 12:09:16,A,-9.8554,-99.3823
120948,2015-06-15 12:58:32,B,-9.8391,-99.4248
120948,2015-06-15 13:17:54,2,-9.8079,-99.4221
120948,2015-06-15 21:20:42,A,-9.4951,-99.6186
120948,2015-06-16 00:01:21,B,-9.4217,-99.6754
120948,2015-06-17 12:34:02,A,-8.6479,-99.9462
120948,2015-06-17 20:59:18,B,-8.4034,-100.091
120948,2015-06-17 22:39:12,B,-8.3497,-100.0683
120948,2015-06-17 23:36:18,B,-8.3413,-100.0799
120948,2015-06-19 09:38:39,B,-7.4892,-100.3922
120948,2015-06-19 10:29:08,B,-7.4632,-100.3734
120948,2015-06-19 12:07:21,3,-7.4285,-100.349
120948,2015-06-19 12:14:33,B,-7.426,-100.3494
120948,2015-06-19 12:52:03,A,-7.3634,-100.3088
120948,2015-06-19 20:37:59,B,-6.9375,-100.2515
120948,2015-06-21 09:17:41,A,-6.5447,-100.3953
120948,2015-06-21 13:26:55,B,-6.8306,-101.1959
120948,2015-06-21 20:10:01,B,-7.0254,-101.4186
120948,2015-06-21 21:53:26,B,-6.9787,-101.2845
120948,2015-06-21 23:54:32,1,-7.0975,-101.2917
120948,2015-06-23 08:52:09,0,-6.7373,-100.8573
120948,2015-06-23 11:28:09,B,-6.8221,-100.9813
120948,2015-06-23 12:17:41,B,-6.7811,-101.083
120948,2015-06-23 12:26:31,A,-6.5234,-101.5684
120948,2015-06-23 13:04:15,B,-6.5051,-101.5959
120948,2015-06-23 14:02:49,B,-6.4833,-101.6498
120948,2015-06-23 21:33:20,B,-6.2771,-101.8935
120948,2015-06-25 08:30:02,0,-5.8318,-101.917
120948,2015-06-25 11:06:48,B,-5.7842,-102.0069
120948,2015-06-25 13:07:43,B,-5.8697,-101.9177
120948,2015-06-25 21:13:26,B,-5.8395,-102.1929
120948,2015-06-25 23:45:20,A,-5.8177,-102.2577
120948,2015-06-27 09:48:19,A,-5.8532,-102.2686
120948,2015-06-27 12:15:26,0,-5.8633,-102.2823
120948,2015-06-27 14:40:38,B,-5.858,-102.3672
120948,2015-06-27 20:48:45,B,-5.9214,-102.2548
120948,2015-06-27 23:06:57,B,-5.9418,-102.3656
120948,2015-06-27 23:17:51,A,-6.0017,-102.3323
120948,2015-06-29 13:06:11,A,-5.9416,-103.81
120948,2015-06-29 14:16:39,B,-5.9475,-103.8537
120948,2015-06-29 23:58:46,B,-5.7121,-103.8755
120948,2015-07-01 15:02:51,B,-5.4544,-103.6297
120948,2015-07-01 21:41:51,0,-5.2802,-103.8305
120948,2015-07-01 23:07:04,B,-5.2691,-103.8677
120948,2015-07-03 08:36:05,B,-5.4192,-103.9417
120948,2015-07-03 11:09:04,B,-5.4051,-103.978
120948,2015-07-03 11:22:20,B,-5.4437,-103.9338
120948,2015-07-03 12:53:16,B,-5.4289,-103.9683
120948,2015-07-03 21:22:02,B,-5.3418,-104.1423
120948,2015-07-05 09:57:29,B,-5.2303,-104.0136
120948,2015-07-05 10:48:09,B,-5.217,-104.0354
120948,2015-07-05 12:46:53,B,-5.1966,-104.0636
120948,2015-07-05 20:59:52,B,-5.1797,-104.0805
112696a,2015-04-09 20:14:10,3,-42.3489,-73.4066
112696a,2015-04-09 20:14:10,3,-42.3489,-73.4066
112696a,2015-04-09 21:14:09,1,-42.3615,-73.3527
112696a,2015-04-09 21:24:40,2,-42.3226,-73.31
112696a,2015-04-09 22:16:25,B,-42.3254,-73.3015
112696a,2015-04-09 22:50:55,B,-42.3187,-73.2755
112696a,2015-04-15 08:01:15,B,-41.8474,-73.2714
112696a,2015-04-15 08:27:07,B,-41.8457,-73.2686
112696a,2015-04-15 09:11:02,A,-41.8635,-73.2505
112696a,2015-04-15 09:40:32,A,-41.8641,-73.2593
112696a,2015-04-15 10:03:08,A,-41.8652,-73.2501
112696a,2015-04-15 10:54:09,2,-41.8712,-73.2518
112696a,2015-04-15 11:43:34,B,-41.8712,-73.2398
112696a,2015-04-15 13:20:55,A,-41.8968,-73.2446
112696a,2015-04-15 14:18:26,B,-41.9043,-73.2317
112696a,2015-04-15 14:59:24,B,-41.9501,-73.1972
112696a,2015-04-15 20:16:49,B,-42.0351,-73.2826
112696a,2015-04-15 20:46:26,0,-42.0168,-73.2881
112696a,2015-04-15 21:29:44,B,-42.0363,-73.2793
112696a,2015-04-15 22:59:48,B,-42.1281,-73.2559
112696a,2015-04-15 23:08:18,B,-42.1355,-73.2669
112696a,2015-04-16 11:08:34,B,-42.5683,-73.081
112696a,2015-04-16 11:22:06,B,-42.519,-73.0311
112696a,2015-04-16 12:51:57,B,-42.4773,-73.0651
112696a,2015-04-16 13:01:07,B,-42.4915,-73.0923
112696a,2015-04-16 20:33:19,B,-42.6661,-73.0502
112696a,2015-04-16 20:49:51,B,-42.8589,-73.0313
112696a,2015-04-16 21:46:44,B,-42.8875,-73.0349
112696a,2015-04-16 22:29:31,B,-42.8714,-73.0848
112696a,2015-04-16 22:43:45,B,-42.9102,-73.0323
112696a,2015-04-17 10:41:34,B,-43.4556,-73.2107
112696a,2015-04-17 12:21:43,B,-43.6412,-73.3473
112696a,2015-04-17 12:38:11,B,-43.4203,-73.13
112696a,2015-04-17 13:36:27,B,-43.4671,-73.0635
112696a,2015-04-17 14:22:01,B,-43.4782,-73.1984
112696a,2015-04-17 20:24:01,A,-43.7943,-73.095
112696a,2015-04-17 21:32:53,1,-43.8383,-73.1521
112696a,2015-04-17 23:17:51,B,-43.8931,-73.0098
112696a,2015-04-18 07:55:12,B,-43.8596,-73.0462
112696a,2015-04-18 09:05:28,B,-43.8476,-73.0333
112696a,2015-04-18 11:21:41,B,-43.8999,-73.0333
112696a,2015-04-18 11:46:59,B,-43.702,-73.1611
112696a,2015-04-18 12:19:16,B,-43.6118,-73.1813
112696a,2015-04-18 13:13:16,B,-43.5748,-73.1327
112696a,2015-04-18 13:59:40,B,-43.5582,-73.1334
112696a,2015-04-18 21:22:33,B,-43.6611,-73.3098
112696a,2015-04-19 07:46:58,B,-43.4866,-73.3913
112696a,2015-04-19 08:53:46,B,-43.7469,-73.564
112696a,2015-04-19 10:35:05,B,-43.8492,-73.6219
112696a,2015-04-19 11:13:58,B,-44.0012,-73.6363
112696a,2015-04-20 12:27:52,B,-44.0406,-73.6637
112696a,2015-04-20 14:13:15,B,-43.7686,-73.4275
112696a,2015-04-20 14:54:00,B,-43.6983,-73.6366
112696a,2015-04-20 21:35:50,B,-43.8029,-74.4646
112696a,2015-04-20 22:41:20,B,-43.5116,-75.4267
112696a,2015-04-20 22:41:20,B,-43.6696,-75.7613
112696a,2015-04-20 23:48:19,B,-43.5049,-75.4326
112696a,2015-04-21 13:47:00,B,-43.4171,-75.5068
112696a,2015-04-21 22:28:24,B,-43.0469,-75.6405
112696a,2015-04-22 14:17:12,B,-43.3705,-75.746
112696a,2015-04-23 13:52:18,B,-43.213,-75.9753
112696a,2015-04-26 22:14:20,B,-43.6116,-75.7958
112696b,2015-05-31 21:34:07,B,-42.7762,-73.2914
112696b,2015-05-31 22:16:43,B,-42.7769,-73.2843
112696b,2015-05-31 22:28:51,B,-42.7759,-73.2859
112696b,2015-06-01 09:49:45,B,-42.5866,-73.252
112696b,2015-06-01 10:27:13,B,-42.5055,-73.3118
112696b,2015-06-01 21:44:14,B,-42.3402,-73.6288
112696b,2015-06-01 22:00:31,B,-42.4266,-73.4293
112696b,2015-06-01 23:06:58,B,-42.4884,-73.1224
112696b,2015-06-03 21:41:50,B,-42.3387,-73.0757
112696b,2015-06-03 22:56:36,B,-42.3483,-72.9899
112696b,2015-06-05 11:37:51,B,-42.4027,-72.9654
112696b,2015-06-05 14:05:25,B,-42.4091,-72.8801
112696b,2015-06-05 22:04:41,A,-42.3797,-73.0164
112696b,2015-06-05 22:59:45,B,-42.3141,-72.7268
112696b,2015-06-07 21:55:01,B,-42.4038,-72.9911
112696b,2015-06-07 21:57:02,A,-42.4615,-72.933
112696b,2015-06-07 22:52:19,B,-42.4679,-72.9297
112696b,2015-06-07 23:37:50,B,-42.4795,-72.9209
112696b,2015-06-07 23:37:50,B,-42.4993,-72.911
112696b,2015-06-11 11:51:29,B,-42.3991,-73.0181
112696b,2015-06-11 12:01:04,B,-42.3864,-73.0616
112696b,2015-06-11 20:14:57,B,-42.3681,-73.0664
112696b,2015-06-11 21:30:31,B,-42.3687,-73.0471
112696b,2015-06-11 22:52:27,B,-42.3511,-73.0594
112696b,2015-06-11 22:52:27,B,-42.3497,-73.0643
112696b,2015-06-15 21:11:05,B,-42.3575,-73.3214
112696b,2015-06-15 22:00:28,B,-42.3472,-73.309
112696b,2015-06-15 22:54:54,B,-42.353,-73.3148
112696b,2015-06-15 23:43:53,B,-42.3378,-73.2911
112696b,2015-06-17 20:48:55,B,-42.3478,-73.3313
112696b,2015-06-19 22:16:36,B,-42.3666,-73.385
112696b,2015-06-21 11:39:37,A,-42.4,-73.0733
112696b,2015-06-21 13:34:59,B,-42.3967,-73.0689
112696b,2015-06-21 20:03:11,B,-42.364,-73.0632
112696b,2015-06-21 21:14:47,B,-42.3544,-73.0683
112696b,2015-06-21 22:04:18,B,-42.3723,-73.0578
112696b,2015-06-21 22:35:27,A,-42.3858,-73.092
112696b,2015-06-23 09:52:46,B,-42.2457,-72.9129
112696b,2015-06-23 10:35:34,B,-42.2318,-72.9103
112696b,2015-06-23 12:12:01,B,-42.2258,-72.9057
112696b,2015-06-23 21:12:57,B,-42.2007,-72.9122
112696b,2015-06-23 21:20:57,B,-42.235,-72.8738
112696b,2015-06-23 21:52:58,1,-42.2931,-72.8767
112696b,2015-06-23 22:13:09,B,-42.2824,-72.8782
112696b,2015-06-25 09:34:30,B,-42.3859,-72.8417
112696b,2015-06-25 11:10:19,B,-42.403,-72.8692
112696b,2015-06-25 13:57:02,B,-42.4635,-72.9628
112696b,2015-06-25 20:58:33,B,-42.5991,-73.0594
112696b,2015-06-25 21:51:44,B,-42.5844,-73.0592
112696b,2015-06-25 22:09:31,B,-42.5955,-73.0855
112696b,2015-06-27 11:49:44,A,-42.2067,-72.7756
112696b,2015-06-27 13:14:54,B,-42.2351,-72.8304
112696b,2015-06-27 14:07:09,B,-42.2314,-72.8134
112696b,2015-06-27 14:46:53,B,-42.2322,-72.8188
112696b,2015-06-27 20:33:36,B,-42.3317,-72.9194
112696b,2015-06-27 21:27:12,B,-42.2338,-72.7639
112696b,2015-06-27 23:04:31,B,-42.2132,-72.7418
112696b,2015-06-27 23:09:27,B,-42.2037,-72.7191
112696b,2015-06-29 12:31:02,B,-42.1792,-73.017
112696b,2015-06-29 21:01:17,B,-42.1508,-73.1847
112696b,2015-06-29 22:03:52,B,-42.4247,-73.3268
112696b,2015-06-29 22:04:40,B,-42.3726,-73.3291
112696b,2015-07-03 07:07:36,B,-42.3741,-73.1112
112696b,2015-07-03 08:13:39,B,-42.437,-73.063
112696b,2015-07-03 09:40:06,B,-42.4333,-73.1087
112696b,2015-07-03 09:50:52,B,-42.4559,-72.9995
112696b,2015-07-03 11:59:03,A,-42.4705,-72.9701
112696b,2015-07-03 12:45:32,B,-42.4909,-72.9688
112696b,2015-07-03 14:28:21,A,-42.4545,-73.0041
112696b,2015-07-03 21:42:04,B,-42.5574,-73.0354
112696b,2015-07-03 21:56:24,A,-42.4586,-73.0652
112696b,2015-07-05 20:49:37,B,-42.5573,-72.8995
112696b,2015-07-05 21:39:09,B,-42.5382,-72.7065
112696b,2015-07-05 22:16:02,B,-42.5302,-72.6488
112696b,2015-07-05 22:57:42,B,-42.5178,-72.6536
112696b,2015-07-05 23:13:34,B,-42.5429,-72.6407
112696b,2015-07-07 22:50:02,A,-42.2984,-72.88
112696b,2015-07-07 22:58:36,B,-42.3052,-72.8781
112696b,2015-07-07 23:49:42,B,-42.2956,-72.7847
87759,2013-04-01 06:51:00,1,-43.182,-73.188
87759,2013-04-01 06:46:00,3,-43.174,-73.19
87759,2013-04-01 07:21:00,B,-43.189,-73.182
87759,2013-04-01 08:37:00,2,-43.144,-73.09
87759,2013-04-01 09:05:00,1,-43.147,-73.176
87759,2013-04-01 09:37:00,1,-43.163,-73.122
87759,2013-04-01 10:43:00,B,-43.175,-73.087
87759,2013-04-01 11:11:00,B,-43.201,-73.087
87759,2013-04-01 11:20:00,0,-43.227,-73.128
87759,2013-04-01 11:34:00,B,-43.207,-73.078
87759,2013-04-01 19:13:00,1,-43.182,-73.181
87759,2013-04-01 19:13:00,1,-43.182,-73.183
87759,2013-04-01 20:50:00,B,-43.157,-73.2
87759,2013-04-01 21:09:00,2,-43.135,-73.112
87759,2013-04-01 21:55:00,B,-43.155,-73.178
87759,2013-04-01 22:33:00,B,-43.137,-73.12
87759,2013-04-01 22:55:00,A,-43.182,-73.132
87759,2013-04-01 23:32:00,A,-43.187,-73.071
87759,2013-04-02 06:40:00,B,-43.134,-72.928
87759,2013-04-02 06:40:00,B,-43.155,-72.948
87759,2013-04-02 10:19:00,B,-43.106,-72.814
87759,2013-04-02 10:54:00,B,-43.172,-72.959
87759,2013-04-02 19:04:00,B,-43.141,-73.045
87759,2013-04-02 19:09:00,B,-43.264,-73.064
87759,2013-04-02 20:39:00,A,-43.209,-72.896
87759,2013-04-02 20:40:00,A,-43.286,-73.278
87759,2013-04-02 22:30:00,1,-43.304,-73.269
87759,2013-04-02 23:09:00,1,-43.315,-73.238
87759,2013-04-03 06:29:00,A,-43.538,-73.168
87759,2013-04-03 06:29:00,B,-43.476,-73.116
87759,2013-04-03 08:09:00,B,-43.608,-73.194
87759,2013-04-03 08:03:00,0,-43.627,-73.134
87759,2013-04-03 08:56:00,B,-43.618,-73.161
87759,2013-04-03 09:55:00,2,-43.665,-73.163
87759,2013-04-03 10:32:00,2,-43.698,-73.144
87759,2013-04-03 10:46:00,B,-43.632,-73.134
87759,2013-04-03 18:50:00,0,-43.585,-73.182
87759,2013-04-03 20:27:00,A,-43.549,-73.234
87759,2013-04-03 20:31:00,0,-43.509,-73.223
87759,2013-04-03 22:02:00,B,-43.553,-73.221
87759,2013-04-03 22:11:00,B,-43.549,-73.144
87759,2013-04-03 22:44:00,1,-43.564,-73.096
87759,2013-04-03 23:47:00,A,-43.573,-73.08
87759,2013-04-04 06:19:00,B,-43.416,-73.23
87759,2013-04-04 07:49:00,B,-43.346,-73.21
87759,2013-04-04 07:59:00,B,-43.342,-73.201
87759,2013-04-04 07:59:00,B,-43.346,-73.208
87759,2013-04-04 09:27:00,B,-43.289,-73.029
87759,2013-04-04 09:37:00,B,-43.28,-73.011
87759,2013-04-04 10:07:00,B,-43.265,-72.94
87759,2013-04-04 11:48:00,B,-43.206,-72.779
87759,2013-04-04 18:45:00,A,-43.031,-72.958
87759,2013-04-04 20:22:00,B,-42.976,-72.865
87759,2013-04-04 22:01:00,B,-42.955,-72.99
87759,2013-04-04 22:19:00,A,-42.995,-72.984
87759,2013-04-04 23:24:00,A,-42.974,-72.937
87759,2013-04-05 06:11:00,B,-42.889,-72.703
87759,2013-04-05 07:51:00,B,-42.813,-72.945
87759,2013-04-05 07:51:00,B,-42.85,-72.933
87759,2013-04-05 09:08:00,B,-42.83,-72.622
87759,2013-04-05 09:29:00,B,-42.825,-72.598
87759,2013-04-05 09:50:00,B,-42.851,-72.877
87759,2013-04-05 10:42:00,A,-42.818,-72.984
87759,2013-04-05 11:23:00,B,-42.807,-73.003
87759,2013-04-05 11:54:00,B,-42.864,-73.029
87759,2013-04-05 18:32:00,B,-42.77,-73.417
87759,2013-04-05 21:17:00,B,-42.768,-73.293
87759,2013-04-05 21:50:00,B,-42.776,-73.274
87759,2013-04-05 23:01:00,B,-42.79,-73.22
87759,2013-04-05 23:38:00,A,-42.688,-73.165
87759,2013-04-06 06:05:00,B,-42.415,-72.785
87759,2013-04-06 06:59:00,B,-42.443,-72.81
87759,2013-04-06 08:44:00,B,-42.225,-72.78
87759,2013-04-06 09:18:00,B,-42.349,-72.872
87759,2013-04-06 10:19:00,B,-42.371,-72.902
87759,2013-04-06 11:01:00,A,-42.295,-72.981
87759,2013-04-06 11:47:00,B,-42.272,-73.009
87759,2013-04-06 18:24:00,B,-41.993,-73.061
87759,2013-04-06 19:57:00,A,-42.074,-72.991
87759,2013-04-06 19:57:00,B,-42.075,-73.003
87759,2013-04-06 21:36:00,B,-42.062,-73.113
87759,2013-04-06 21:41:00,B,-42.051,-73.043
87759,2013-04-06 22:36:00,B,-42.038,-73.07
87759,2013-04-06 23:22:00,A,-42.008,-73.064
87759,2013-04-07 06:37:00,B,-41.849,-73.206
87759,2013-04-07 07:28:00,B,-41.832,-73.218
87759,2013-04-07 08:09:00,A,-42.136,-72.953
87759,2013-04-07 08:58:00,B,-42.159,-72.905
87759,2013-04-07 10:34:00,B,-42.133,-72.954
87759,2013-04-07 11:38:00,B,-42.162,-72.781
87759,2013-04-07 18:07:00,B,-42.241,-72.477
87759,2013-04-07 19:44:00,B,-42.098,-72.51
87759,2013-04-07 19:47:00,B,-42.137,-72.924
87759,2013-04-07 20:26:00,B,-42.127,-72.919
87759,2013-04-07 22:11:00,B,-42.139,-72.862
87759,2013-04-07 22:49:00,B,-42.093,-72.868
87759,2013-04-08 07:18:00,B,-42.218,-72.974
87759,2013-04-08 07:16:00,B,-42.154,-72.959
87759,2013-04-08 07:49:00,A,-42.197,-73.0
87759,2013-04-08 08:35:00,B,-42.189,-72.998
87759,2013-04-08 08:53:00,B,-42.204,-72.983
87759,2013-04-08 09:32:00,A,-42.24,-72.992
87759,2013-04-08 10:14:00,B,-42.241,-72.999
87759,2013-04-08 11:26:00,B,-42.239,-73.003
87759,2013-04-08 18:01:00,B,-42.359,-72.922
87759,2013-04-08 19:38:00,B,-42.382,-72.824
87759,2013-04-08 19:40:00,B,-42.477,-72.906
87759,2013-04-08 21:16:00,B,-42.495,-72.876
87759,2013-04-08 21:49:00,B,-42.576,-72.986
87759,2013-04-08 22:30:00,B,-42.605,-73.024
87759,2013-04-08 22:58:00,B,-42.497,-72.937
87759,2013-04-08 23:23:00,A,-42.509,-72.967
87759,2013-04-09 07:04:00,B,-42.671,-72.937
87759,2013-04-09 07:12:00,B,-42.677,-72.895
87759,2013-04-09 07:27:00,B,-42.679,-72.897
87759,2013-04-09 08:50:00,B,-42.754,-72.833
87759,2013-04-09 09:06:00,B,-42.815,-72.909
87759,2013-04-09 09:49:00,B,-42.83,-72.911
87759,2013-04-09 11:15:00,A,-42.924,-72.841
87759,2013-04-09 11:31:00,1,-42.929,-72.832
87759,2013-04-09 19:28:00,B,-43.132,-72.747
87759,2013-04-09 21:08:00,B,-43.195,-72.742
87759,2013-04-09 21:08:00,B,-43.106,-72.725
87759,2013-04-09 22:58:00,B,-43.489,-73.224
87759,2013-04-09 23:38:00,B,-43.528,-73.295
87759,2013-04-10 07:03:00,B,-43.865,-73.627
87759,2013-04-10 08:35:00,B,-43.587,-73.508
87759,2013-04-10 08:38:00,B,-43.471,-73.33
87759,2013-04-10 10:23:00,B,-43.315,-73.066
87759,2013-04-10 19:16:00,B,-43.071,-72.789
87759,2013-04-11 06:43:00,B,-43.607,-74.139
87759,2013-04-11 08:27:00,B,-43.585,-74.14
87759,2013-04-11 20:45:00,B,-43.366,-74.028
87759,2013-04-11 20:45:00,B,-43.678,-75.063
87759,2013-04-11 22:25:00,B,-43.76,-75.33
87759,2013-04-12 07:55:00,B,-43.943,-75.857
87759,2013-04-12 08:12:00,1,-44.034,-75.863
87759,2013-04-12 09:38:00,B,-44.08,-75.91
87759,2013-04-12 18:54:00,B,-44.251,-76.37
87759,2013-04-12 20:27:00,B,-44.294,-76.438
87759,2013-04-12 22:09:00,A,-44.063,-76.123
87759,2013-04-13 09:10:00,B,-43.963,-75.987
87759,2013-04-13 23:01:00,B,-43.505,-76.003
87759,2013-04-14 08:40:00,B,-43.31,-76.003
87759,2013-04-14 10:24:00,B,-43.675,-76.439
87759,2013-04-14 21:49:00,B,-44.293,-76.924
87759,2013-04-15 18:17:00,B,-44.202,-76.374
87759,2013-04-15 20:00:00,B,-43.548,-75.233
87759,2013-04-15 20:00:00,B,-43.548,-75.233
87759,2013-04-15 21:43:00,B,-43.552,-75.235
87759,2013-04-15 21:43:00,B,-43.545,-75.238
87759,2013-04-15 23:55:00,B,-43.561,-75.244
87759,2013-04-16 07:31:00,B,-43.593,-75.269
87759,2013-04-16 07:59:00,B,-43.617,-75.391
87759,2013-04-16 11:30:00,B,-43.524,-75.758
87759,2013-04-16 11:23:00,B,-43.595,-75.415
87759,2013-04-16 19:53:00,B,-43.629,-75.764
87759,2013-04-17 07:16:00,B,-43.359,-75.491
87759,2013-04-18 07:05:00,B,-43.474,-75.41
87759,2013-04-18 07:05:00,B,-43.436,-75.624
87759,2013-04-18 07:16:00,B,-43.534,-75.358
87759,2013-04-18 08:47:00,B,-43.53,-75.361
87759,2013-04-18 08:50:00,B,-43.53,-75.358
87759,2013-04-18 10:28:00,B,-43.518,-75.37
87759,2013-04-18 19:27:00,B,-43.465,-75.399
87759,2013-04-18 19:27:00,B,-43.418,-75.409
87759,2013-04-18 22:42:00,B,-43.48,-75.482
87759,2013-04-18 22:42:00,B,-43.404,-75.409
87759,2013-04-19 11:58:00,B,-43.552,-75.328
87759,2013-04-19 20:58:00,B,-43.791,-75.08
87759,2013-04-19 22:11:00,B,-43.856,-75.2
87759,2013-04-20 06:42:00,B,-43.883,-75.304
87759,2013-04-20 08:21:00,B,-43.905,-75.322
87759,2013-04-20 09:33:00,B,-43.919,-75.346
87759,2013-04-20 11:15:00,B,-43.955,-75.363
87759,2013-04-20 11:41:00,B,-43.992,-75.022
87759,2013-04-20 19:08:00,B,-43.823,-75.093
87759,2013-04-20 20:55:00,B,-43.846,-75.069
87759,2013-04-21 07:30:00,B,-43.964,-74.875
87759,2013-04-21 09:19:00,B,-43.978,-74.879
87759,2013-04-21 10:50:00,B,-43.989,-74.841
87759,2013-04-21 21:21:00,B,-43.986,-74.834
87759,2013-04-21 23:06:00,B,-44.103,-74.528
87759,2013-04-22 08:07:00,B,-44.234,-74.285
87759,2013-04-22 20:35:00,B,-44.379,-74.031
87759,2013-04-22 22:41:00,B,-44.158,-74.626
87759,2013-04-23 06:15:00,B,-44.058,-74.88
87759,2013-04-23 07:50:00,B,-44.131,-74.911
87759,2013-04-23 10:06:00,B,-44.161,-74.816
87759,2013-04-23 21:57:00,B,-44.274,-74.966
87759,2013-04-23 22:13:00,B,-44.269,-74.936
87759,2013-04-24 07:56:00,B,-44.305,-75.068
87759,2013-04-24 09:15:00,B,-44.199,-74.588
87759,2013-04-24 09:35:00,B,-44.271,-74.797
87759,2013-04-24 11:18:00,B,-44.219,-74.691
87759,2013-04-24 11:31:00,B,-44.145,-74.505
87759,2013-04-24 20:01:00,B,-43.963,-73.938
87759,2013-04-24 22:00:00,B,-43.928,-73.829
87759,2013-04-25 07:32:00,B,-43.806,-73.27
87759,2013-04-25 07:32:00,B,-43.886,-73.779
87759,2013-04-25 09:13:00,B,-44.023,-74.338
87759,2013-04-25 10:54:00,B,-44.043,-74.429
87759,2013-04-25 21:34:00,B,-44.195,-75.035
87759,2013-04-26 08:51:00,B,-44.081,-74.44
87759,2013-04-26 18:05:00,B,-43.995,-75.069
87759,2013-04-26 19:41:00,B,-43.925,-74.704
87759,2013-04-26 21:17:00,B,-43.887,-74.686
87759,2013-04-26 21:22:00,B,-43.935,-74.687
87759,2013-04-26 22:45:00,B,-43.849,-74.144
87759,2013-04-27 07:10:00,B,-43.641,-73.102
87759,2013-04-27 08:26:00,B,-43.919,-73.146
87759,2013-04-27 10:06:00,B,-43.95,-73.068
87759,2013-04-27 10:56:00,B,-43.983,-73.2
87759,2013-04-27 21:06:00,A,-43.973,-74.786
87759,2013-04-27 22:24:00,B,-44.037,-74.763
87759,2013-04-27 22:48:00,B,-43.985,-74.442
87759,2013-04-27 23:54:00,B,-43.979,-74.364
87759,2013-04-28 06:58:00,B,-44.006,-74.011
87759,2013-04-28 07:08:00,B,-43.971,-74.197
87759,2013-04-28 09:37:00,B,-43.972,-74.214
87759,2013-04-28 19:24:00,B,-43.946,-74.154
87759,2013-04-29 06:44:00,B,-43.957,-73.676
87759,2013-04-29 07:35:00,B,-44.05,-73.368
87759,2013-04-29 08:29:00,B,-44.051,-73.366
87759,2013-04-29 10:08:00,B,-43.879,-73.425
87759,2013-04-29 11:49:00,B,-43.808,-73.444
87759,2013-04-29 19:12:00,B,-43.612,-73.414
87759,2013-04-29 21:23:00,B,-43.609,-73.426
87759,2013-04-29 23:01:00,B,-43.749,-73.724
87759,2013-04-30 06:30:00,B,-43.762,-74.182
87759,2013-04-30 06:45:00,B,-43.755,-74.074
87759,2013-04-30 08:08:00,B,-43.758,-73.978
87759,2013-04-30 08:54:00,B,-43.702,-73.978
87759,2013-04-30 09:54:00,B,-43.706,-73.909
87759,2013-04-30 10:37:00,B,-43.71,-73.883
87759,2013-04-30 11:17:00,B,-43.737,-73.829
87759,2013-04-30 11:36:00,B,-43.736,-73.84
87759,2013-04-30 19:01:00,A,-43.698,-73.8
87759,2013-04-30 22:12:00,B,-43.732,-73.802
87759,2013-04-30 22:33:00,B,-43.728,-73.798
87759,2013-04-30 22:47:00,A,-43.733,-73.804
87759,2013-05-01 06:26:00,A,-43.775,-73.801
87759,2013-05-01 06:33:00,A,-43.693,-73.882
87759,2013-05-01 06:48:00,B,-43.695,-73.881
87759,2013-05-01 08:04:00,B,-43.711,-73.877
87759,2013-05-01 08:31:00,B,-43.711,-73.877
87759,2013-05-01 10:07:00,B,-43.721,-73.872
87759,2013-05-01 10:50:00,B,-43.729,-73.866
87759,2013-05-01 18:46:00,B,-43.766,-73.826
87759,2013-05-01 20:22:00,B,-43.75,-73.838
87759,2013-05-01 22:26:00,B,-43.758,-73.829
87759,2013-05-01 23:43:00,A,-43.658,-73.841
87759,2013-05-01 23:58:00,B,-43.652,-73.84
87759,2013-05-02 06:08:00,B,-43.571,-73.843
87759,2013-05-02 06:20:00,A,-43.603,-73.983
87759,2013-05-02 07:51:00,1,-43.566,-73.906
87759,2013-05-02 08:03:00,B,-43.572,-73.985
87759,2013-05-02 08:04:00,A,-43.544,-73.908
87759,2013-05-02 09:39:00,B,-43.529,-73.916
87759,2013-05-02 10:13:00,A,-43.521,-73.834
87759,2013-05-02 20:08:00,B,-43.429,-73.707
87759,2013-05-02 21:59:00,B,-43.572,-73.741
87759,2013-05-02 23:09:00,B,-43.632,-73.79
87759,2013-05-02 23:40:00,B,-43.646,-73.741
87759,2013-05-03 06:01:00,B,-43.81,-73.613
87759,2013-05-03 06:10:00,B,-43.727,-73.8
87759,2013-05-03 07:42:00,A,-43.704,-73.807
87759,2013-05-03 09:20:00,A,-43.724,-73.811
87759,2013-05-03 09:41:00,B,-43.758,-73.737
87759,2013-05-03 11:23:00,B,-43.7,-73.859
87759,2013-05-03 11:24:00,B,-43.7,-73.859
87759,2013-05-03 20:02:00,B,-43.692,-73.904
87759,2013-05-03 20:12:00,B,-43.67,-73.875
87759,2013-05-03 21:05:00,B,-43.623,-73.825
87759,2013-05-03 21:35:00,B,-43.593,-73.773
87759,2013-05-03 22:41:00,B,-43.634,-73.763
87759,2013-05-03 23:12:00,A,-43.651,-73.768
87759,2013-05-04 07:20:00,B,-43.707,-73.698
87759,2013-05-04 07:29:00,1,-43.734,-73.828
87759,2013-05-04 07:39:00,0,-43.741,-73.846
87759,2013-05-04 08:50:00,B,-43.742,-73.817
87759,2013-05-04 09:09:00,B,-43.744,-73.827
87759,2013-05-04 10:54:00,A,-43.687,-73.83
87759,2013-05-04 18:20:00,B,-43.549,-73.787
87759,2013-05-04 19:44:00,B,-43.539,-73.823
87759,2013-05-04 20:03:00,B,-43.55,-73.814
87759,2013-05-04 20:33:00,B,-43.52,-73.755
87759,2013-05-04 21:08:00,B,-43.506,-73.731
87759,2013-05-04 22:09:00,B,-43.485,-73.698
87759,2013-05-04 22:46:00,B,-43.503,-73.68
87759,2013-05-04 23:51:00,B,-43.496,-73.64
87759,2013-05-05 07:20:00,2,-43.615,-73.657
87759,2013-05-05 08:28:00,B,-43.646,-73.593
87759,2013-05-05 08:59:00,B,-43.652,-73.578
87759,2013-05-05 10:11:00,B,-43.658,-73.536
87759,2013-05-05 10:17:00,B,-43.664,-73.537
87759,2013-05-05 18:10:00,B,-43.595,-73.45
87759,2013-05-05 19:50:00,B,-43.546,-73.624
87759,2013-05-05 20:46:00,B,-43.54,-73.63
87759,2013-05-05 21:13:00,B,-43.552,-73.624
87759,2013-05-05 21:36:00,B,-43.545,-73.627
87759,2013-05-05 22:22:00,B,-43.542,-73.63
87759,2013-05-05 23:18:00,2,-43.61,-73.613
87759,2013-05-06 07:05:00,A,-43.725,-73.623
87759,2013-05-06 07:20:00,B,-43.724,-73.623
87759,2013-05-06 08:05:00,3,-43.728,-73.644
87759,2013-05-06 08:45:00,A,-43.751,-73.672
87759,2013-05-06 09:44:00,A,-43.736,-73.623
87759,2013-05-06 09:47:00,B,-43.755,-73.628
87759,2013-05-06 11:33:00,B,-43.777,-73.63
87759,2013-05-06 18:00:00,B,-43.766,-73.628
87759,2013-05-06 19:21:00,B,-43.808,-73.619
87759,2013-05-06 19:33:00,B,-43.785,-73.624
87759,2013-05-06 20:22:00,B,-43.775,-73.611
87759,2013-05-06 21:08:00,B,-43.767,-73.546
87759,2013-05-06 21:08:00,B,-43.792,-73.59
87759,2013-05-06 21:21:00,B,-43.767,-73.546
87759,2013-05-06 22:01:00,B,-43.775,-73.554
87759,2013-05-06 22:44:00,B,-43.754,-73.557
87759,2013-05-06 23:42:00,B,-43.75,-73.555
87759,2013-05-07 08:39:00,B,-43.702,-73.569
87759,2013-05-07 10:58:00,B,-43.687,-73.591
87759,2013-05-07 19:19:00,B,-43.7,-73.57
87759,2013-05-07 19:29:00,B,-43.719,-73.53
87759,2013-05-07 20:53:00,B,-43.714,-73.528
87759,2013-05-07 23:13:00,B,-43.726,-73.533
87759,2013-05-08 06:46:00,3,-43.742,-73.477
87759,2013-05-08 07:00:00,1,-43.763,-73.466
87759,2013-05-08 08:26:00,A,-43.723,-73.57
87759,2013-05-08 09:01:00,A,-43.737,-73.55
87759,2013-05-08 10:39:00,A,-43.76,-73.568
87759,2013-05-08 19:12:00,B,-43.748,-73.583
87759,2013-05-08 20:43:00,A,-43.703,-73.587
87759,2013-05-08 20:58:00,A,-43.723,-73.694
87759,2013-05-08 22:50:00,B,-43.756,-73.679
87759,2013-05-09 06:32:00,B,-43.823,-73.468
87759,2013-05-09 08:07:00,B,-43.838,-73.471
87759,2013-05-09 20:48:00,A,-43.752,-73.251
87759,2013-05-09 22:11:00,B,-43.772,-73.278
87759,2013-05-09 22:27:00,A,-43.804,-73.247
87759,2013-05-10 07:58:00,B,-43.807,-73.253
87759,2013-05-10 09:48:00,B,-43.781,-73.185
87759,2013-05-10 18:58:00,A,-43.744,-73.323
87759,2013-05-10 20:19:00,A,-43.754,-73.396
87759,2013-05-10 20:32:00,A,-43.756,-73.382
87759,2013-05-10 22:03:00,B,-43.755,-73.401
87759,2013-05-10 22:03:00,B,-43.754,-73.391
87759,2013-05-10 23:40:00,B,-43.715,-73.422
87759,2013-05-11 06:24:00,A,-43.706,-73.414
87759,2013-05-11 07:44:00,A,-43.738,-73.396
87759,2013-05-11 07:55:00,B,-43.738,-73.395
87759,2013-05-11 09:24:00,1,-43.748,-73.377
87759,2013-05-11 11:29:00,B,-43.76,-73.378
87759,2013-05-11 20:06:00,B,-43.803,-73.377
87759,2013-05-11 21:44:00,B,-43.787,-73.392
87759,2013-05-11 23:18:00,B,-43.749,-73.412
87759,2013-05-12 06:10:00,B,-43.707,-73.382
87759,2013-05-12 20:00:00,0,-43.292,-73.349
87759,2013-05-12 20:12:00,B,-43.292,-73.346
87759,2013-05-12 21:16:00,B,-43.29,-73.353
87759,2013-05-12 21:45:00,B,-43.288,-73.348
87759,2013-05-12 22:54:00,B,-43.274,-73.357
87759,2013-05-13 08:36:00,B,-43.003,-73.294
87759,2013-05-13 09:08:00,B,-42.991,-73.28
87759,2013-05-13 10:10:00,B,-42.984,-73.254
87759,2013-05-13 19:48:00,B,-42.846,-73.287
87759,2013-05-13 21:34:00,B,-42.993,-73.081
87759,2013-05-13 22:24:00,B,-42.938,-73.294
87759,2013-05-13 22:33:00,A,-42.992,-73.035
87759,2013-05-14 07:20:00,B,-42.934,-73.004
87759,2013-05-14 07:35:00,B,-42.927,-73.02
87759,2013-05-14 08:56:00,B,-42.92,-73.009
87759,2013-05-14 19:42:00,B,-42.722,-73.052
87759,2013-05-14 21:19:00,B,-42.732,-73.02
87759,2013-05-14 21:55:00,1,-42.794,-73.136
87759,2013-05-14 22:01:00,A,-42.801,-73.148
87759,2013-05-15 07:12:00,B,-43.035,-73.588
87759,2013-05-15 07:52:00,B,-43.024,-73.515
87759,2013-05-15 08:48:00,B,-43.11,-73.462
87759,2013-05-15 11:45:00,0,-43.003,-72.918
87759,2013-05-15 18:04:00,B,-43.033,-72.575
87759,2013-05-15 19:44:00,B,-43.099,-72.517
87759,2013-05-15 21:03:00,B,-43.145,-72.5
87759,2013-05-15 21:36:00,B,-43.059,-72.975
87759,2013-05-16 08:31:00,B,-43.041,-72.935
84481_2,2016-04-04 21:10:11,A,-48.8961,-106.953
84481_2,2016-04-04 22:08:27,B,-41.7677,-72.9882
84481_2,2016-04-04 22:31:45,B,-41.7662,-72.9998
84481_2,2016-04-04 22:43:46,A,-41.787,-73.0018
84481_2,2016-04-05 00:17:20,B,-41.8013,-72.9721
84481_2,2016-04-05 00:23:45,B,-41.7902,-72.9633
84481_2,2016-04-05 00:53:53,B,-41.7924,-72.9608
84481_2,2016-04-05 01:39:50,B,-41.7957,-72.9601
84481_2,2016-04-05 02:34:04,A,-41.7763,-72.9703
84481_2,2016-04-05 03:26:45,B,-41.7732,-72.9702
84481_2,2016-04-05 04:08:56,B,-41.7719,-72.9696
84481_2,2016-04-05 07:02:39,B,-41.7633,-72.9725
84481_2,2016-04-05 08:36:17,B,-41.7653,-72.9748
84481_2,2016-04-05 10:04:23,A,-41.7761,-72.975
84481_2,2016-04-05 10:04:42,A,-41.7857,-72.9685
84481_2,2016-04-05 11:53:53,B,-41.7643,-72.9258
84481_2,2016-04-05 13:11:59,B,-41.7604,-72.9241
84481_2,2016-04-05 14:47:46,B,-41.7634,-72.9179
84481_2,2016-04-05 19:18:02,B,-41.7801,-72.8868
84481_2,2016-04-05 20:54:24,A,-41.805,-72.846
84481_2,2016-04-05 21:29:17,B,-41.8077,-72.839
84481_2,2016-04-05 22:15:54,B,-41.8168,-72.8335
84481_2,2016-04-05 23:17:53,B,-41.8173,-72.8106
84481_2,2016-04-06 03:46:21,B,-41.8339,-72.7768
84481_2,2016-04-06 07:59:47,B,-41.7992,-72.7607
84481_2,2016-04-06 08:12:34,B,-41.8236,-72.7392
84481_2,2016-04-06 20:43:17,B,-41.8227,-72.6594
84481_2,2016-04-06 21:04:20,B,-41.7849,-72.6616
84481_2,2016-04-06 22:38:23,B,-41.7851,-72.6573
84481_2,2016-04-07 01:53:54,B,-41.7962,-72.6324
84481_2,2016-04-07 10:56:58,B,-41.8229,-72.5585
84481_2,2016-04-07 10:57:44,B,-42.1013,-72.8091
84481_2,2016-04-07 11:16:54,B,-42.0104,-72.6131
84481_2,2016-04-07 14:53:19,B,-42.0953,-72.8487
84481_2,2016-04-07 18:54:02,B,-42.0928,-72.826
84481_2,2016-04-07 20:31:58,A,-42.0623,-72.8981
84481_2,2016-04-07 22:14:07,B,-42.0197,-72.9074
84481_2,2016-04-07 23:11:47,B,-42.0538,-72.8839
84481_2,2016-04-07 23:43:45,B,-42.0097,-72.9219
84481_2,2016-04-08 00:47:20,B,-42.0056,-72.9214
84481_2,2016-04-08 01:17:50,B,-42.0103,-72.9236
84481_2,2016-04-08 01:31:31,B,-42.0271,-72.929
84481_2,2016-04-08 03:14:13,B,-42.0354,-72.9148
84481_2,2016-04-08 12:57:59,B,-41.9737,-72.9295
84481_2,2016-04-08 13:42:52,B,-42.0099,-72.9581
84481_2,2016-04-08 14:32:43,B,-42.0167,-72.9414
84481_2,2016-04-08 20:26:14,B,-42.0371,-72.917
84481_2,2016-04-08 21:38:46,B,-42.0254,-72.8282
84481_2,2016-04-09 01:07:07,B,-42.0028,-72.7628
84481_2,2016-04-09 04:25:05,B,-41.9911,-72.7079
84481_2,2016-04-09 10:07:27,B,-41.9993,-72.605
84481_2,2016-04-09 11:02:45,B,-41.9676,-72.7024
84481_2,2016-04-09 12:28:47,B,-42.0692,-72.9018
84481_2,2016-04-09 14:11:01,B,-42.0487,-72.8093
84481_2,2016-04-09 18:27:35,B,-42.0347,-72.8668
84481_2,2016-04-09 20:13:11,B,-42.0339,-72.8924
84481_2,2016-04-09 21:05:20,B,-42.0079,-72.8687
84481_2,2016-04-10 00:03:48,B,-41.974,-72.8605
84481_2,2016-04-10 04:10:01,B,-41.8869,-72.9187
84481_2,2016-04-10 07:39:48,A,-41.7747,-72.7719
84481_2,2016-04-10 08:04:10,B,-41.7747,-72.772
84481_2,2016-04-10 09:06:56,B,-41.7502,-72.7649
84481_2,2016-04-10 09:40:38,B,-41.7422,-72.768
84481_2,2016-04-10 10:49:20,B,-41.747,-72.7975
84481_2,2016-04-10 10:59:44,B,-41.75,-72.7821
84481_2,2016-04-10 12:15:42,B,-41.7348,-72.778
84481_2,2016-04-10 13:51:20,B,-41.7298,-72.775
84481_2,2016-04-10 14:39:00,B,-41.7413,-72.7792
84481_2,2016-04-10 15:27:31,B,-41.7214,-72.7719
84481_2,2016-04-10 23:03:49,B,-41.6434,-72.7433
84481_2,2016-04-10 23:52:03,A,-41.5971,-72.8895
84481_2,2016-04-11 01:15:08,B,-41.5551,-72.9553
84481_2,2016-04-11 03:04:26,B,-41.4964,-73.0427
84481_2,2016-04-11 09:09:58,B,-41.6235,-72.8701
84481_2,2016-04-11 10:24:51,B,-41.6642,-72.847
84481_2,2016-04-11 10:34:34,B,-41.6633,-72.8441
84481_2,2016-04-11 10:53:26,B,-41.6611,-72.8317
84481_2,2016-04-11 12:08:20,B,-41.6469,-72.8009
84481_2,2016-04-11 12:39:26,B,-41.6224,-72.8051
84481_2,2016-04-11 13:27:02,A,-41.5907,-72.8503
84481_2,2016-04-11 13:44:10,B,-41.6026,-72.8458
84481_2,2016-04-11 14:20:13,B,-41.5924,-72.8521
84481_2,2016-04-11 18:14:27,B,-41.5398,-72.8798
84481_2,2016-04-11 19:51:27,A,-41.587,-72.6768
84481_2,2016-04-11 21:26:00,B,-41.5869,-72.6593
84481_2,2016-04-11 21:35:43,B,-41.5859,-72.6688
84481_2,2016-04-11 21:39:50,B,-41.5861,-72.6652
84481_2,2016-04-11 22:50:34,A,-41.6108,-72.8568
84481_2,2016-04-11 23:07:51,A,-41.6134,-72.8651
84481_2,2016-04-12 00:32:04,B,-41.6184,-72.8986
84481_2,2016-04-12 01:52:47,B,-41.6219,-72.9403
84481_2,2016-04-12 07:22:11,B,-41.6434,-73.076
84481_2,2016-04-12 08:51:46,B,-41.6117,-72.9144
84481_2,2016-04-12 10:26:29,B,-41.6074,-72.9167
84481_2,2016-04-12 11:29:37,B,-41.609,-72.9234
84481_2,2016-04-12 13:07:30,B,-41.6111,-72.9265
84481_2,2016-04-12 14:54:32,B,-41.6093,-72.9277
84481_2,2016-04-12 19:39:11,A,-41.5464,-72.9514
84481_2,2016-04-12 19:39:11,A,-41.5464,-72.9514
84481_2,2016-04-12 21:03:41,B,-41.5403,-72.958
84481_2,2016-04-12 21:11:32,B,-41.5453,-72.9548
84481_2,2016-04-12 21:22:51,B,-41.5499,-72.9318
84481_2,2016-04-12 22:37:38,B,-41.5461,-72.939
84481_2,2016-04-12 22:39:35,B,-41.5489,-72.9361
84481_2,2016-04-13 00:30:00,B,-41.5381,-72.9437
84481_2,2016-04-13 00:30:00,B,-41.5371,-72.9434
84481_2,2016-04-13 01:27:25,B,-41.5307,-72.9457
84481_2,2016-04-13 02:18:28,B,-41.5332,-72.9514
84481_2,2016-04-13 03:04:59,B,-41.5314,-72.9542
84481_2,2016-04-13 10:06:52,B,-41.5107,-72.9967
84481_2,2016-04-13 10:06:52,B,-41.5814,-72.9504
84481_2,2016-04-13 11:41:41,B,-41.5877,-72.9899
84481_2,2016-04-13 12:50:49,B,-41.5865,-73.0016
84481_2,2016-04-13 14:27:15,B,-41.5863,-72.9249
84481_2,2016-04-13 19:27:47,B,-41.633,-72.8566
84481_2,2016-04-13 21:12:14,B,-41.6349,-72.8642
84481_2,2016-04-13 22:17:40,B,-41.6433,-72.8323
84481_2,2016-04-13 22:20:30,B,-41.6652,-72.8463
84481_2,2016-04-14 09:40:21,B,-41.7267,-72.7059
84481_2,2016-04-14 11:19:45,B,-41.6933,-72.8439
84481_2,2016-04-14 12:30:26,B,-41.7194,-72.7713
84481_2,2016-04-22 01:41:37,A,-43.0889,-72.9331
84481_2,2016-04-22 05:04:04,B,-43.0962,-72.933
84481_2,2016-04-22 05:23:59,A,-43.1447,-73.0795
84481_2,2016-04-22 11:21:13,B,-43.4088,-73.0362
84481_2,2016-04-22 11:22:20,B,-43.3344,-72.9591
84481_2,2016-04-22 14:46:07,B,-43.6183,-72.7376
84481_2,2016-04-22 22:42:14,B,-43.9207,-72.5396
84481_2,2016-04-22 23:32:24,B,-43.7427,-72.7505
84481_2,2016-04-23 00:15:55,B,-43.7818,-72.8382
84481_2,2016-04-23 02:09:21,B,-43.9675,-73.3084
84481_2,2016-04-23 03:51:21,B,-43.9223,-73.7415
84481_2,2016-04-23 09:14:37,B,-43.8591,-74.658
84481_2,2016-04-23 10:00:03,B,-43.8761,-74.7678
84481_2,2016-04-23 10:51:16,B,-43.939,-74.8063
84481_2,2016-04-23 11:34:07,B,-43.9095,-74.7621
84481_2,2016-04-23 12:25:46,B,-43.926,-74.8243
84481_2,2016-04-23 19:16:08,B,-43.8281,-74.9974
84481_2,2016-04-23 22:38:22,B,-43.8451,-75.2339
84481_2,2016-04-23 23:13:50,B,-43.845,-75.2765
84481_2,2016-04-24 06:39:48,B,-43.8315,-75.929
84481_2,2016-04-24 14:50:46,B,-43.8044,-75.5806
84481_2,2016-04-24 20:50:53,B,-43.7428,-75.1712
84481_2,2016-04-25 01:27:42,B,-43.5308,-77.2076
112719,2016-04-10 22:16:40,A,-41.9357,-73.1523
112719,2016-04-10 23:05:40,0,-41.9378,-73.2075
112719,2016-04-10 23:35:01,B,-41.9385,-73.1769
112719,2016-04-11 05:46:25,B,-41.9323,-73.1785
112719,2016-04-11 10:23:46,B,-41.931,-73.1789
112719,2016-04-11 10:38:51,B,-41.9379,-73.1824
112719,2016-04-11 13:32:08,B,-41.9875,-73.1431
112719,2016-04-11 14:19:57,B,-41.935,-73.1696
112719,2016-04-11 18:08:17,B,-41.9756,-73.0286
112719,2016-04-11 19:49:08,A,-42.0005,-73.1423
112719,2016-04-11 21:30:05,B,-42.0061,-73.1613
112719,2016-04-11 21:33:18,B,-42.0089,-73.1023
112719,2016-04-11 21:45:01,A,-41.9818,-73.0819
112719,2016-04-11 23:12:39,A,-41.9903,-73.1007
112719,2016-04-11 23:25:33,A,-41.9831,-73.0959
112719,2016-04-12 00:36:36,B,-42.0001,-73.1047
112719,2016-04-12 01:43:54,1,-42.0412,-73.0132
112719,2016-04-12 08:45:58,B,-42.1676,-72.9258
112719,2016-04-12 08:50:12,B,-42.0676,-72.9463
112719,2016-04-12 10:33:55,B,-42.0072,-72.979
112719,2016-04-12 19:36:59,2,-41.9966,-73.0071
112719,2016-04-12 19:36:59,2,-41.9966,-73.0071
112719,2016-04-12 21:21:05,B,-41.9974,-73.0039
112719,2016-04-12 22:45:12,B,-42.0041,-73.0013
112719,2016-04-13 01:26:25,B,-42.0238,-73.0174
112719,2016-04-13 10:13:06,B,-42.0976,-73.0375
112719,2016-04-13 11:02:07,A,-42.0715,-73.0855
112719,2016-04-13 12:38:11,B,-42.0549,-73.1185
112719,2016-04-13 12:51:39,B,-42.1347,-73.1278
112719,2016-04-13 13:42:49,B,-42.0927,-73.1503
112719,2016-04-13 19:30:20,B,-42.0823,-73.2946
112719,2016-04-13 20:40:29,B,-42.0138,-73.2646
112719,2016-04-13 22:14:34,B,-41.9863,-73.2675
112719,2016-04-14 00:12:10,B,-41.954,-73.2905
112719,2016-04-14 04:24:35,B,-41.8958,-73.3143
112719,2016-04-14 10:37:52,B,-41.7219,-73.3815
112719,2016-04-14 11:20:25,B,-41.997,-72.8711
112719,2016-04-14 12:12:17,B,-42.0487,-73.2446
112719,2016-04-14 12:24:57,B,-42.014,-73.0289
112719,2016-04-14 13:20:40,B,-42.0125,-72.9688
112719,2016-04-14 19:16:31,B,-42.1012,-72.7883
112719,2016-04-14 21:01:45,B,-42.0622,-72.8631
112719,2016-04-14 21:51:33,A,-42.1029,-72.631
112719,2016-04-14 21:51:33,A,-42.1081,-72.7596
112719,2016-04-14 22:18:16,B,-42.1043,-72.8042
112719,2016-04-14 23:58:22,B,-42.1748,-72.6496
112719,2016-04-15 01:40:53,B,-42.2128,-72.5474
112719,2016-04-15 04:07:59,B,-42.205,-72.5454
112719,2016-04-15 05:09:00,B,-42.3208,-72.388
112719,2016-04-15 06:44:54,B,-42.1475,-72.6251
112719,2016-04-15 11:42:45,B,-42.065,-72.8096
112719,2016-04-15 22:13:56,B,-42.035,-72.8502
112719,2016-04-15 22:56:36,B,-41.9866,-72.8154
112719,2016-04-15 23:11:24,B,-41.9699,-72.8145
112719,2016-04-16 02:06:19,B,-41.8837,-72.792
112719,2016-04-16 08:48:25,B,-41.6976,-72.7152
112719,2016-04-16 10:32:00,B,-41.7289,-72.774
112719,2016-04-16 11:11:12,B,-41.7395,-72.8587
112719,2016-04-16 11:13:39,B,-41.7414,-72.8321
112719,2016-04-16 11:46:46,B,-41.7361,-72.8992
112719,2016-04-16 12:50:40,B,-41.7326,-72.95
112719,2016-04-16 13:23:42,B,-41.7299,-72.9767
112719,2016-04-16 14:24:38,B,-41.7657,-72.9434
112719,2016-04-16 20:32:44,A,-41.5957,-73.0792
112719,2016-04-16 20:48:57,B,-41.5954,-73.0789
112719,2016-04-16 22:22:40,B,-41.5888,-73.1458
112719,2016-04-16 22:45:37,1,-41.6084,-72.9403
112719,2016-04-16 23:41:58,B,-41.6086,-72.9404
112719,2016-04-17 00:08:25,B,-41.6014,-73.1276
112719,2016-04-17 06:21:52,B,-41.5265,-73.025
112719,2016-04-17 08:04:59,B,-41.5484,-72.8902
112719,2016-04-17 10:06:18,A,-41.7026,-72.8104
112719,2016-04-17 10:40:17,B,-41.6682,-72.9304
112719,2016-04-17 12:20:50,B,-41.6315,-72.9987
112719,2016-04-17 14:45:00,B,-41.6139,-73.0517
112719,2016-04-17 18:39:38,B,-41.5841,-73.068
112719,2016-04-17 21:51:20,B,-41.5756,-73.089
112719,2016-04-17 22:21:09,B,-41.5792,-73.0724
112719,2016-04-17 23:25:16,B,-41.5843,-73.0723
112719,2016-04-17 23:54:34,B,-41.5739,-73.0612
112719,2016-04-18 01:26:41,B,-41.5745,-73.0721
112719,2016-04-18 02:11:23,B,-41.5637,-72.9708
112719,2016-04-18 07:52:01,B,-41.5232,-72.7671
112719,2016-04-18 10:02:50,B,-41.5457,-72.7307
112719,2016-04-18 10:51:26,B,-41.5417,-72.7997
112719,2016-04-18 11:21:45,B,-41.5407,-72.8052
112719,2016-04-18 11:45:53,B,-41.5502,-72.8121
112719,2016-04-18 12:47:28,B,-41.5479,-72.8125
112719,2016-04-18 13:35:03,B,-41.5747,-72.8281
112719,2016-04-18 14:27:23,B,-41.5905,-72.8152
112719,2016-04-18 20:07:21,B,-41.6387,-72.7989
112719,2016-04-18 21:23:43,B,-41.6298,-72.7773
112719,2016-04-18 21:52:54,A,-41.7126,-72.7105
112719,2016-04-18 21:55:10,B,-41.6445,-72.644
112719,2016-04-18 23:04:13,B,-41.6413,-72.6024
112719,2016-04-18 23:11:08,B,-41.6219,-72.5961
112719,2016-04-19 02:41:04,B,-41.6546,-72.4944
112719,2016-04-19 03:38:21,B,-41.6573,-72.4738
112719,2016-04-19 06:01:18,B,-41.6877,-72.563
112719,2016-04-23 20:29:30,B,-41.5649,-72.8948
112719,2016-04-23 22:09:22,A,-41.6227,-72.8988
112719,2016-04-23 22:16:02,B,-41.6227,-72.8988
112719,2016-04-23 23:11:47,B,-41.6317,-72.895
112719,2016-04-23 23:51:23,B,-41.639,-72.9282
112719,2016-04-24 04:15:49,B,-41.7051,-72.9023
112719,2016-04-24 08:04:38,B,-41.7846,-72.8999
112719,2016-04-24 08:23:12,B,-41.7504,-72.9266
112719,2016-04-24 09:42:40,B,-41.7331,-72.9178
112719,2016-04-24 10:27:19,B,-41.7405,-72.9182
112719,2016-04-24 12:03:19,B,-41.7525,-72.9165
112719,2016-04-24 12:24:02,B,-41.7448,-72.9185
112719,2016-04-24 13:38:53,B,-41.7192,-72.9181
112719,2016-04-24 14:04:14,B,-41.6609,-72.9835
112719,2016-04-24 15:40:00,B,-41.6589,-72.9696
112719,2016-04-24 19:01:35,A,-41.5775,-73.0508
112719,2016-04-24 20:44:38,B,-41.595,-72.9825
112719,2016-04-24 21:34:35,B,-41.6011,-72.9789
112719,2016-04-24 22:43:59,B,-41.5865,-72.984
112719,2016-04-24 23:13:58,B,-41.6113,-72.9753
112719,2016-04-24 23:44:52,B,-41.6078,-72.9793
112719,2016-04-25 02:23:56,B,-41.6049,-72.9707
112719,2016-04-25 03:58:47,B,-41.6353,-73.0248
112719,2016-04-25 04:50:20,B,-41.6567,-73.0187
112719,2016-04-25 06:29:35,B,-41.7145,-72.9981
112719,2016-04-25 09:29:07,B,-41.7465,-72.9957
112719,2016-04-25 11:13:19,B,-41.6642,-72.9849
112719,2016-04-25 11:29:53,B,-41.6107,-72.992
112719,2016-04-25 13:42:55,B,-41.647,-73.0073
112719,2016-04-25 18:49:38,B,-41.6687,-72.9801
112719,2016-04-25 20:28:07,B,-41.6625,-72.9727
112719,2016-04-25 21:04:45,B,-41.6957,-72.9676
112719,2016-04-25 22:40:44,B,-41.7319,-72.9568
112719,2016-04-25 23:30:25,B,-41.7546,-72.9502
112719,2016-04-26 00:04:40,B,-41.7664,-72.9302
112719,2016-04-26 01:58:55,B,-41.7256,-72.9877
112719,2016-04-26 03:40:15,B,-41.7306,-72.9455
112719,2016-04-26 07:58:46,B,-41.7046,-72.8637
112719,2016-04-26 09:42:28,0,-41.6118,-73.0011
112719,2016-04-26 10:57:48,B,-41.5978,-73.0153
112719,2016-04-26 10:57:48,B,-41.5982,-73.013
112719,2016-04-26 11:17:41,B,-41.5985,-73.0126
112719,2016-04-26 11:41:40,B,-41.6063,-72.9695
112719,2016-04-26 13:24:24,B,-41.5885,-72.9899
112719,2016-04-26 15:01:39,B,-41.5786,-73.0013
112719,2016-04-26 20:17:58,1,-41.6491,-72.9735
112719,2016-04-26 20:36:15,B,-41.6636,-72.9737
112719,2016-04-26 21:40:24,B,-41.6514,-72.9829
112719,2016-04-26 22:03:35,B,-41.6538,-72.9818
112719,2016-04-26 22:12:39,0,-41.5931,-73.0598
112719,2016-04-26 23:28:53,B,-41.5861,-73.0689
112719,2016-04-26 23:36:04,B,-41.5908,-73.1183
112719,2016-04-27 01:00:25,B,-41.5827,-73.1283
112719,2016-04-27 01:38:36,B,-41.5824,-73.1282
112719,2016-04-27 02:29:27,B,-41.5826,-73.1261
112719,2016-04-27 09:15:09,B,-41.5863,-73.1282
112719,2016-04-27 10:24:40,B,-41.5932,-73.1379
112719,2016-04-27 10:53:04,A,-41.598,-72.8963
112719,2016-04-27 10:54:19,A,-41.593,-72.9913
112719,2016-04-27 12:01:10,B,-41.5909,-72.9264
112719,2016-04-27 14:42:24,B,-41.5887,-72.9999
112719,2016-04-27 18:33:22,B,-41.5932,-73.0024
112719,2016-04-27 20:11:31,A,-41.6003,-72.9099
112719,2016-04-27 21:30:20,B,-41.6117,-72.8912
112719,2016-04-27 21:37:55,B,-41.6271,-72.8874
112719,2016-04-27 23:19:32,1,-41.6513,-73.0408
112719,2016-04-28 00:48:31,B,-41.686,-73.0377
112719,2016-04-28 00:48:31,B,-41.6796,-73.0665
112719,2016-04-28 01:14:21,B,-41.696,-73.0737
112719,2016-04-28 02:59:22,B,-41.723,-73.0957
112719,2016-04-28 06:00:15,A,-41.6697,-73.0344
112719,2016-04-28 07:39:28,B,-41.6917,-73.0414
112719,2016-04-28 08:50:57,B,-41.689,-72.986
112719,2016-04-28 08:59:28,B,-41.6902,-72.9842
112719,2016-04-28 10:28:25,A,-41.6573,-73.0856
112719,2016-04-28 10:37:45,B,-41.6777,-73.0568
112719,2016-04-28 11:33:50,B,-41.673,-73.0608
112719,2016-04-28 12:16:38,B,-41.6714,-73.0649
112719,2016-04-28 12:42:54,A,-41.6138,-73.0914
112719,2016-04-28 13:08:51,B,-41.6702,-73.0696
112719,2016-04-28 13:31:08,B,-41.6354,-73.0877
112719,2016-04-28 14:21:16,B,-41.6385,-73.0752
112719,2016-04-28 19:57:37,0,-41.5848,-73.1044
112719,2016-04-28 21:08:07,B,-41.5822,-73.1054
112719,2016-04-28 21:17:35,B,-41.5828,-73.1022
112719,2016-04-28 21:36:40,B,-41.5775,-73.0898
112719,2016-04-29 00:25:12,B,-41.5729,-73.0866
112719,2016-04-29 00:37:24,B,-41.5818,-73.0973
112719,2016-04-29 00:54:53,B,-41.5793,-73.1002
112719,2016-04-29 02:40:31,B,-41.5944,-73.0818
112719,2016-04-29 03:25:44,B,-41.6023,-73.0709
112719,2016-04-29 04:13:38,B,-41.5977,-73.0495
112719,2016-04-29 07:21:28,B,-41.6021,-73.0158
112719,2016-04-29 08:45:09,B,-41.5901,-73.0134
112719,2016-04-29 09:22:21,B,-41.583,-73.0137
112719,2016-04-29 10:07:59,B,-41.5956,-73.0236
112719,2016-04-29 10:25:04,B,-41.5962,-73.0278
112719,2016-04-29 11:00:54,B,-41.5881,-73.07
112719,2016-04-29 12:14:57,0,-41.5947,-73.0415
112719,2016-04-29 12:37:07,A,-41.5863,-73.121
112719,2016-04-29 13:54:04,B,-41.5987,-73.1606
112719,2016-04-29 14:53:50,B,-41.6118,-73.1602
112719,2016-04-29 18:10:38,B,-41.6362,-73.2027
112719,2016-04-29 19:49:00,B,-41.5996,-73.166
112719,2016-04-29 20:43:10,B,-41.5763,-73.1117
112719,2016-04-29 21:33:59,B,-41.5691,-73.0962
112719,2016-04-29 22:17:37,1,-41.5856,-73.1054
112719,2016-04-29 22:49:53,B,-41.565,-73.0638
112719,2016-04-30 00:05:42,B,-41.5614,-73.0495
112719,2016-04-30 00:25:26,B,-41.5627,-73.0437
112719,2016-04-30 02:10:58,B,-41.55,-73.005
112719,2016-04-30 03:54:08,B,-41.5599,-72.9492
112719,2016-04-30 05:35:29,B,-41.6586,-72.9797
112719,2016-04-30 07:16:15,B,-41.6843,-73.0241
112719,2016-04-30 08:04:18,B,-41.6962,-73.0193
112719,2016-04-30 09:39:56,1,-41.6289,-73.0192
112719,2016-04-30 10:21:20,A,-41.6075,-73.1033
112719,2016-04-30 10:31:31,B,-41.5986,-73.1992
112719,2016-04-30 13:31:39,B,-41.5904,-73.2557
112719,2016-04-30 14:33:46,B,-41.6137,-73.1866
112719,2016-04-30 15:22:24,A,-41.6375,-73.2008
112719,2016-04-30 21:20:24,B,-41.6928,-73.2726
112719,2016-04-30 21:47:03,1,-41.6369,-73.0426
112719,2016-04-30 21:53:02,B,-41.6358,-73.043
112719,2016-04-30 22:33:35,A,-41.6304,-73.011
112719,2016-04-30 23:32:08,B,-41.6246,-72.9623
112719,2016-05-01 01:54:09,B,-41.6489,-72.9714
112719,2016-05-01 02:42:37,B,-41.6541,-72.8973
112719,2016-05-01 03:35:36,B,-41.6753,-72.7881
112719,2016-05-01 07:06:10,B,-41.7243,-72.5402
112719,2016-05-01 08:44:07,B,-41.7389,-72.511
112719,2016-05-01 10:07:07,B,-41.7565,-72.4535
112719,2016-05-01 10:53:44,B,-41.7323,-72.7285
112719,2016-05-01 11:42:52,B,-41.7564,-72.5314
112719,2016-05-01 11:47:51,B,-41.7164,-72.9066
112719,2016-05-01 13:19:20,B,-41.7056,-73.064
112719,2016-05-01 13:19:20,B,-41.7073,-72.984
112719,2016-05-01 15:02:35,B,-41.6982,-73.2101
112719,2016-05-01 19:20:09,A,-41.6258,-73.0503
112719,2016-05-01 21:14:49,B,-41.6026,-73.0044
112719,2016-05-01 21:31:15,B,-41.581,-73.0156
112719,2016-05-01 22:20:23,1,-41.6003,-73.0081
112719,2016-05-01 23:11:16,B,-41.6182,-73.0187
112719,2016-05-02 00:50:51,B,-41.6016,-73.0543
112719,2016-05-02 08:50:19,A,-41.6219,-73.034
112719,2016-05-02 09:26:17,B,-41.5817,-73.2101
112719,2016-05-02 09:48:52,B,-41.6081,-72.9862
112719,2016-05-02 11:05:07,B,-41.6281,-72.9171
112719,2016-05-02 11:37:27,B,-41.6267,-72.9287
112719,2016-05-02 12:43:32,B,-41.62,-73.0247
112719,2016-05-02 12:58:09,B,-41.6223,-73.0334
112719,2016-05-02 13:46:24,B,-41.6226,-73.0557
112719,2016-05-02 14:33:58,B,-41.622,-73.0518
112719,2016-05-02 20:44:41,B,-41.6092,-73.0489
112719,2016-05-02 20:51:06,B,-41.6161,-73.0469
112719,2016-05-02 22:11:22,B,-41.6098,-73.0962
112719,2016-05-02 22:21:06,A,-41.6151,-73.0412
112719,2016-05-02 22:44:37,B,-41.6145,-73.0392
112719,2016-05-02 23:57:51,B,-41.609,-73.051
112719,2016-05-03 02:55:36,B,-41.6183,-73.0341
112719,2016-05-03 04:37:42,B,-41.6212,-73.0138
112719,2016-05-03 08:23:23,B,-41.6022,-73.0371
112719,2016-05-03 10:39:15,B,-41.6155,-72.9943
112719,2016-05-03 11:26:02,B,-41.6161,-72.9937
112719,2016-05-03 11:43:53,B,-41.6183,-72.9994
112719,2016-05-03 12:13:24,B,-41.6227,-72.9984
112719,2016-05-03 13:27:03,B,-41.6688,-73.0212
112719,2016-05-03 19:04:06,B,-41.8722,-73.0963
112719,2016-05-03 20:39:50,B,-41.9303,-73.0328
112719,2016-05-03 21:50:27,B,-41.9627,-73.0412
112719,2016-05-03 22:03:43,B,-41.9579,-73.0563
112719,2016-05-03 22:19:59,1,-41.9541,-73.117
112719,2016-05-03 23:37:59,B,-42.0012,-73.0524
112719,2016-05-03 23:37:59,B,-41.9746,-73.0515
112719,2016-05-04 00:02:41,B,-41.9688,-73.0513
112719,2016-05-04 06:32:34,B,-41.9467,-73.021
112719,2016-05-04 09:39:23,B,-42.0544,-72.9933
112719,2016-05-04 11:12:47,B,-42.1166,-72.9785
112719,2016-05-04 12:20:05,B,-42.1192,-73.0042
112719,2016-05-04 13:59:34,B,-42.1706,-73.0037
112719,2016-05-04 18:52:54,B,-42.3231,-72.9941
112719,2016-05-04 20:27:44,B,-42.4671,-73.0354
112719,2016-05-04 21:17:16,B,-42.5101,-73.0522
84494_2,2016-04-05 10:03:54,A,-41.7553,-73.1392
84494_2,2016-04-05 23:13:32,B,-41.744,-73.1518
84494_2,2016-04-06 00:05:26,B,-41.753,-73.1395
84494_2,2016-04-06 02:11:38,B,-41.7556,-73.1379
84494_2,2016-04-07 13:12:25,A,-41.7631,-72.8993
84494_2,2016-04-07 23:11:00,0,-41.9695,-72.645
84494_2,2016-04-07 23:42:56,B,-41.9501,-72.6884
84494_2,2016-04-08 01:19:36,B,-41.9896,-72.9195
84494_2,2016-04-08 01:29:02,B,-41.958,-73.0309
84494_2,2016-04-08 06:23:36,B,-41.9545,-73.0809
84494_2,2016-04-08 08:06:28,B,-41.9718,-73.0411
84494_2,2016-04-08 08:49:31,B,-41.9798,-73.0685
84494_2,2016-04-08 09:24:39,B,-41.9842,-73.0717
84494_2,2016-04-08 10:20:11,B,-42.0606,-72.9768
84494_2,2016-04-08 11:05:31,B,-42.1303,-72.999
84494_2,2016-04-08 12:02:41,B,-42.1882,-72.9972
84494_2,2016-04-08 12:53:47,B,-42.144,-73.0948
84494_2,2016-04-08 13:41:45,B,-42.1484,-73.0058
84494_2,2016-04-08 14:32:38,B,-42.0929,-73.3091
84494_2,2016-04-08 18:38:53,B,-42.144,-73.59
84494_2,2016-04-08 19:59:40,B,-42.0598,-73.4652
84494_2,2016-04-08 20:24:21,1,-41.9813,-73.4886
84494_2,2016-04-08 22:02:14,B,-41.9384,-73.5471
84494_2,2016-04-08 23:19:48,0,-41.9774,-73.4744
84494_2,2016-04-08 23:27:10,2,-41.9794,-73.4738
84494_2,2016-04-09 00:28:21,B,-41.9745,-73.4893
84494_2,2016-04-09 04:33:07,B,-41.99,-73.4901
84494_2,2016-04-09 06:16:47,B,-41.9698,-73.2861
84494_2,2016-04-09 08:25:33,B,-41.9721,-73.2143
84494_2,2016-04-09 10:59:56,A,-41.9933,-73.2284
84494_2,2016-04-09 11:27:47,B,-41.9824,-73.2332
84494_2,2016-04-09 11:48:53,B,-41.9813,-73.2296
84494_2,2016-04-09 12:36:46,B,-41.9831,-73.2122
84494_2,2016-04-09 13:05:19,B,-41.9956,-73.2018
84494_2,2016-04-09 14:06:36,A,-42.0225,-73.2551
84494_2,2016-04-09 15:51:24,B,-42.0332,-73.2563
84494_2,2016-04-09 18:30:12,B,-42.022,-73.2355
84494_2,2016-04-09 20:11:41,A,-41.9161,-73.2364
84494_2,2016-04-09 22:17:22,B,-41.9034,-73.2462
84494_2,2016-04-09 22:46:48,A,-41.9734,-73.2107
84494_2,2016-04-09 23:19:08,B,-41.9701,-73.2077
84494_2,2016-04-10 00:00:47,B,-41.9682,-73.2091
84494_2,2016-04-10 00:28:07,B,-41.9541,-73.2093
84494_2,2016-04-10 00:53:49,A,-41.9481,-73.2789
84494_2,2016-04-10 02:27:06,A,-41.951,-73.2249
84494_2,2016-04-10 03:20:21,B,-41.9585,-73.207
84494_2,2016-04-10 04:11:43,B,-41.9627,-73.1915
84494_2,2016-04-10 06:01:33,A,-41.9681,-73.1729
84494_2,2016-04-10 07:40:43,1,-41.9666,-73.2176
84494_2,2016-04-10 07:59:01,B,-41.9661,-73.2174
84494_2,2016-04-10 09:08:30,B,-41.97,-73.2111
84494_2,2016-04-10 09:37:57,B,-41.9396,-73.2066
84494_2,2016-04-10 10:46:20,B,-41.9745,-73.195
84494_2,2016-04-10 11:00:21,B,-41.9771,-73.1928
84494_2,2016-04-10 11:16:03,B,-41.9779,-73.1911
84494_2,2016-04-10 12:09:31,B,-41.9834,-73.1846
84494_2,2016-04-10 12:33:42,B,-41.9938,-73.1686
84494_2,2016-04-10 15:35:49,B,-41.9863,-73.1788
84494_2,2016-04-10 18:18:03,B,-41.9747,-73.1718
84494_2,2016-04-10 19:56:22,0,-42.0043,-73.0065
84494_2,2016-04-10 20:34:21,B,-42.0092,-72.9861
84494_2,2016-04-10 21:49:19,B,-42.0264,-72.9643
84494_2,2016-04-10 22:18:29,1,-42.0093,-72.9909
84494_2,2016-04-10 23:04:53,B,-42.0195,-72.8996
84494_2,2016-04-10 23:33:42,B,-42.015,-73.1007
84494_2,2016-04-11 01:11:57,B,-41.9814,-73.0582
84494_2,2016-04-11 02:06:03,B,-42.0163,-73.0031
84494_2,2016-04-11 02:59:31,B,-41.9831,-73.0927
84494_2,2016-04-11 03:43:58,A,-41.8999,-73.055
84494_2,2016-04-11 05:44:56,B,-41.8271,-73.0057
84494_2,2016-04-11 07:29:26,B,-41.9008,-72.9651
84494_2,2016-04-11 10:53:58,B,-41.9523,-72.9423
84494_2,2016-04-11 12:04:30,B,-41.9049,-72.8516
84494_2,2016-04-11 13:28:36,B,-42.185,-73.0894
84494_2,2016-04-11 18:12:25,B,-42.363,-73.1652
84494_2,2016-04-11 21:31:47,B,-42.4892,-73.2323
84494_2,2016-04-11 21:46:30,B,-42.2255,-73.0231
84494_2,2016-04-11 23:12:05,0,-42.2346,-73.0739
84494_2,2016-04-11 23:27:21,B,-42.2382,-73.0568
84494_2,2016-04-12 00:31:56,B,-42.2629,-73.0468
84494_2,2016-04-12 00:46:24,2,-42.2768,-73.0867
84494_2,2016-04-12 01:42:55,A,-42.267,-73.025
84494_2,2016-04-12 03:23:47,B,-42.3088,-73.0342
84494_2,2016-04-12 05:06:59,B,-42.3107,-73.0306
84494_2,2016-04-12 05:40:58,3,-42.283,-73.0225
84494_2,2016-04-12 07:13:54,B,-42.2825,-73.0072
84494_2,2016-04-12 09:03:25,B,-42.2854,-72.9958
84494_2,2016-04-12 09:55:18,A,-42.2646,-72.979
84494_2,2016-04-12 10:14:36,B,-42.2621,-72.9766
84494_2,2016-04-12 10:36:18,B,-42.2618,-72.975
84494_2,2016-04-12 12:08:06,B,-42.2713,-72.9693
84494_2,2016-04-12 13:08:54,B,-42.34,-73.0138
84494_2,2016-04-12 14:04:15,B,-42.3,-72.9497
84494_2,2016-04-12 14:55:33,B,-42.317,-72.9624
84494_2,2016-04-12 19:35:12,B,-42.2521,-72.8909
84494_2,2016-04-12 21:15:19,B,-42.2456,-72.8439
84494_2,2016-04-12 21:21:33,B,-42.0917,-73.012
84494_2,2016-04-12 22:46:15,B,-42.0545,-73.0435
84494_2,2016-04-12 22:47:35,A,-42.0255,-72.9745
84494_2,2016-04-12 22:50:15,B,-42.0462,-73.0266
84494_2,2016-04-13 00:25:23,A,-41.9409,-72.8461
84494_2,2016-04-13 00:26:16,B,-41.9357,-72.8455
84494_2,2016-04-13 01:24:52,B,-41.9619,-72.9862
84494_2,2016-04-13 04:50:05,B,-41.8738,-72.9871
84494_2,2016-04-13 05:28:56,1,-41.8047,-72.8131
84494_2,2016-04-13 07:10:09,B,-41.8332,-72.7599
84494_2,2016-04-13 08:24:39,B,-41.8398,-72.7672
84494_2,2016-04-13 08:50:27,B,-41.7718,-72.6451
84494_2,2016-04-13 10:13:19,A,-41.857,-72.742
84494_2,2016-04-13 11:02:28,B,-41.8178,-72.7792
84494_2,2016-04-13 11:42:46,B,-41.7991,-72.7826
84494_2,2016-04-13 12:46:55,B,-41.7824,-72.7482
84494_2,2016-04-13 13:45:01,B,-41.8753,-72.8537
84494_2,2016-04-13 14:27:55,B,-41.8214,-72.9073
84494_2,2016-04-13 19:35:04,B,-41.8616,-72.8521
84494_2,2016-04-13 20:42:17,B,-41.827,-72.8359
84494_2,2016-04-13 21:11:01,B,-41.8197,-72.8401
84494_2,2016-04-13 22:34:28,B,-41.8007,-72.8478
84494_2,2016-04-14 00:02:04,B,-41.8075,-72.8487
84494_2,2016-04-14 00:03:53,B,-41.825,-72.8454
84494_2,2016-04-14 00:08:49,B,-41.8226,-72.832
84494_2,2016-04-14 01:08:29,B,-41.8134,-72.8379
84494_2,2016-04-14 04:26:36,1,-41.8727,-72.8448
84494_2,2016-04-14 06:54:44,B,-41.8601,-72.8572
84494_2,2016-04-14 07:59:25,B,-41.8586,-72.8529
84494_2,2016-04-14 08:37:55,B,-41.8552,-72.8634
84494_2,2016-04-14 09:42:29,B,-41.8538,-72.8764
84494_2,2016-04-14 09:57:21,B,-41.8717,-72.8844
84494_2,2016-04-14 11:40:19,B,-41.8708,-72.8992
84494_2,2016-04-14 12:11:06,B,-41.8697,-72.9001
84494_2,2016-04-14 12:31:58,B,-41.8788,-72.9179
84494_2,2016-04-14 13:17:56,B,-41.8688,-72.9067
84494_2,2016-04-14 14:09:06,B,-41.8673,-72.9089
84494_2,2016-04-14 15:53:45,B,-41.8625,-72.9174
84494_2,2016-04-14 19:13:42,B,-41.8806,-72.8991
84494_2,2016-04-14 20:55:04,1,-41.805,-72.8007
84494_2,2016-04-14 21:47:52,B,-41.7961,-72.7876
84494_2,2016-04-14 22:15:57,B,-41.7879,-72.7838
84494_2,2016-04-14 23:31:30,B,-41.7779,-72.7747
84494_2,2016-04-14 23:33:43,A,-41.8082,-72.847
84494_2,2016-04-15 00:03:30,B,-41.8095,-72.8474
84494_2,2016-04-15 02:26:49,A,-41.9011,-72.8665
84494_2,2016-04-15 06:37:59,B,-41.9306,-72.8856
84494_2,2016-04-15 09:50:59,B,-41.95,-72.8926
84494_2,2016-04-15 10:03:23,A,-41.822,-72.974
84494_2,2016-04-15 11:24:31,B,-41.8523,-72.974
84494_2,2016-04-15 11:42:20,B,-41.8752,-72.9318
84494_2,2016-04-15 13:47:55,B,-41.9032,-72.9385
84494_2,2016-04-15 15:30:50,B,-41.9118,-72.9143
84494_2,2016-04-15 19:04:03,B,-41.9331,-72.9243
84494_2,2016-04-15 21:23:41,B,-41.9792,-73.1225
84494_2,2016-04-15 22:08:40,B,-42.0462,-73.1551
84494_2,2016-04-15 22:27:52,B,-42.049,-73.1562
84494_2,2016-04-15 23:06:45,B,-42.0771,-73.192
84494_2,2016-04-16 00:51:31,B,-42.1386,-73.3279
84494_2,2016-04-16 02:01:07,B,-42.1586,-73.3493
84494_2,2016-04-16 02:55:48,B,-42.2498,-73.4195
84494_2,2016-04-16 05:24:14,B,-42.3859,-73.5381
84494_2,2016-04-16 06:35:01,B,-42.1448,-73.3309
84494_2,2016-04-16 08:48:22,B,-42.1378,-73.2368
84494_2,2016-04-16 09:37:22,B,-42.1213,-73.0919
84494_2,2016-04-16 10:27:08,A,-42.1394,-72.9844
84494_2,2016-04-16 11:09:55,B,-42.1199,-72.821
84494_2,2016-04-16 11:15:24,2,-42.1354,-72.797
84494_2,2016-04-16 12:48:08,B,-42.1256,-72.6343
84494_2,2016-04-16 13:26:10,B,-42.0814,-72.5808
84494_2,2016-04-16 14:21:27,B,-42.0645,-72.4774
84494_2,2016-04-16 15:05:28,B,-42.064,-72.5184
84494_2,2016-04-16 18:49:07,B,-42.0485,-72.351
84494_2,2016-04-16 20:29:32,B,-42.0986,-72.642
84494_2,2016-04-16 20:49:11,B,-41.7811,-72.7401
84494_2,2016-04-16 22:28:09,A,-41.7609,-72.8054
84494_2,2016-04-16 22:49:18,B,-41.7318,-72.8253
84494_2,2016-04-16 23:37:20,2,-41.7212,-72.8552
84494_2,2016-04-17 00:04:12,0,-41.7342,-72.8928
84494_2,2016-04-17 00:26:48,B,-41.7199,-72.887
84494_2,2016-04-17 01:14:44,A,-41.6774,-72.8814
84494_2,2016-04-17 01:40:16,B,-41.6777,-72.8818
84494_2,2016-04-17 03:22:52,A,-41.6144,-73.0222
84494_2,2016-04-17 04:38:38,B,-41.5655,-73.0418
84494_2,2016-04-17 05:04:29,B,-41.5684,-73.0406
84494_2,2016-04-17 06:22:27,B,-41.5838,-72.9805
84494_2,2016-04-17 08:03:14,A,-41.5794,-72.9428
84494_2,2016-04-17 08:25:36,A,-41.6005,-72.9859
84494_2,2016-04-17 09:25:07,B,-41.5844,-72.9623
84494_2,2016-04-17 10:38:00,A,-41.653,-73.0223
84494_2,2016-04-17 11:06:12,B,-41.6534,-73.0227
84494_2,2016-04-17 11:30:00,B,-41.6558,-73.0251
84494_2,2016-04-17 11:46:30,B,-41.6561,-73.0253
84494_2,2016-04-17 12:13:11,A,-41.6879,-72.9402
84494_2,2016-04-17 13:05:27,B,-41.6675,-72.9334
84494_2,2016-04-17 18:43:26,B,-41.6394,-72.9488
84494_2,2016-04-17 20:20:46,B,-41.6327,-72.9473
84494_2,2016-04-17 21:40:44,B,-41.6302,-72.9492
84494_2,2016-04-17 22:02:08,B,-41.6424,-72.913
84494_2,2016-04-17 22:17:54,B,-41.6401,-72.9121
84494_2,2016-04-17 23:22:54,1,-41.6693,-72.7969
84494_2,2016-04-17 23:33:59,0,-41.6912,-72.8785
84494_2,2016-04-18 00:01:49,B,-41.6725,-72.8944
84494_2,2016-04-18 01:04:18,B,-41.6731,-72.8725
84494_2,2016-04-18 01:21:10,B,-41.6721,-72.8635
84494_2,2016-04-18 02:12:13,B,-41.6738,-72.8478
84494_2,2016-04-18 06:11:13,B,-41.5366,-73.0296
84494_2,2016-04-18 07:51:56,B,-41.5373,-73.0512
84494_2,2016-04-18 09:17:14,B,-41.5541,-73.0406
84494_2,2016-04-18 10:04:04,B,-41.567,-73.064
84494_2,2016-04-18 10:53:17,B,-41.625,-73.0692
84494_2,2016-04-18 11:16:49,B,-41.6334,-73.0207
84494_2,2016-04-18 12:44:40,B,-41.6641,-73.0085
84494_2,2016-04-18 14:22:03,B,-41.7067,-73.0034
84494_2,2016-04-18 18:33:17,B,-41.8628,-72.9583
84494_2,2016-04-18 21:26:46,2,-42.1291,-72.9266
84494_2,2016-04-18 21:51:24,B,-41.9735,-72.9394
84494_2,2016-04-18 21:51:24,B,-41.9536,-72.9596
84494_2,2016-04-18 23:11:29,B,-41.9959,-72.9579
84494_2,2016-04-18 23:37:58,B,-42.0324,-72.9614
84494_2,2016-04-19 00:56:11,B,-42.0345,-72.9605
84494_2,2016-04-19 00:58:26,B,-42.0136,-72.9784
84494_2,2016-04-19 02:42:31,A,-42.2357,-73.2165
84494_2,2016-04-19 03:34:23,B,-42.2743,-73.2594
84494_2,2016-04-19 07:45:10,B,-42.2545,-73.2828
84494_2,2016-04-19 08:58:21,B,-42.1546,-73.1974
84494_2,2016-04-19 09:12:39,B,-42.1542,-73.1982
84494_2,2016-04-19 10:42:43,B,-42.1902,-73.2013
84494_2,2016-04-19 10:56:46,A,-42.2059,-73.211
84494_2,2016-04-19 12:50:52,B,-42.2676,-73.1628
84494_2,2016-04-19 18:16:32,B,-42.3152,-73.1047
84494_2,2016-04-19 20:01:02,B,-42.2032,-73.2304
84494_2,2016-04-19 21:40:38,B,-42.1614,-73.1991
84494_2,2016-04-19 22:33:48,1,-42.1517,-73.2455
84494_2,2016-04-19 22:59:24,A,-42.171,-73.2336
84494_2,2016-04-19 23:05:54,B,-42.1617,-73.2438
84494_2,2016-04-20 00:46:00,B,-42.1509,-73.2544
84494_2,2016-04-20 02:20:58,A,-42.1287,-73.3212
84494_2,2016-04-20 05:53:39,B,-42.0849,-73.3803
84494_2,2016-04-20 08:53:47,B,-42.0659,-73.4226
84494_2,2016-04-20 09:10:48,B,-42.1213,-73.3471
84494_2,2016-04-20 10:26:55,B,-42.1303,-73.3816
84494_2,2016-04-20 10:27:26,B,-42.1332,-73.3763
84494_2,2016-04-20 10:39:50,B,-42.107,-73.3586
84494_2,2016-04-20 12:07:52,B,-42.2233,-73.2551
84494_2,2016-04-20 12:08:21,B,-42.0943,-73.3844
84494_2,2016-04-20 12:18:50,B,-42.1257,-73.3384
84494_2,2016-04-20 15:24:02,A,-42.1687,-73.3137
84494_2,2016-04-20 19:44:03,B,-42.1386,-73.3404
84494_2,2016-04-20 20:20:25,B,-42.1511,-73.3357
84494_2,2016-04-20 21:28:17,B,-42.1006,-73.3493
84494_2,2016-04-20 22:02:19,B,-42.1394,-73.4208
84494_2,2016-04-20 22:45:37,B,-42.142,-73.3255
84494_2,2016-04-20 22:49:02,A,-42.1258,-73.3934
84494_2,2016-04-21 00:28:03,B,-42.1243,-73.4241
84494_2,2016-04-21 01:56:21,1,-42.1887,-73.3163
84494_2,2016-04-21 02:53:27,B,-42.1974,-73.3185
84494_2,2016-04-21 03:40:23,A,-42.1804,-73.2041
84494_2,2016-04-21 05:40:58,B,-42.1278,-73.203
84494_2,2016-04-21 07:15:10,B,-42.1093,-73.1457
84494_2,2016-04-21 08:25:16,A,-42.1527,-73.0993
84494_2,2016-04-21 08:43:23,B,-42.1753,-73.0611
84494_2,2016-04-21 10:01:17,B,-42.1851,-73.0075
84494_2,2016-04-21 11:43:09,B,-42.1984,-73.1415
84494_2,2016-04-21 11:43:32,B,-42.204,-72.9559
84494_2,2016-04-21 11:53:19,B,-42.1617,-73.0086
84494_2,2016-04-21 13:20:00,B,-42.143,-73.045
84494_2,2016-04-21 13:32:44,B,-42.1725,-72.9416
84494_2,2016-04-21 15:00:59,B,-42.1727,-72.9122
84494_2,2016-04-21 19:33:33,B,-42.1831,-72.9165
84494_2,2016-04-21 21:14:38,B,-42.0389,-73.4444
84494_2,2016-04-21 21:25:58,0,-41.8892,-73.4147
84494_2,2016-04-21 22:19:15,B,-41.9516,-73.4257
84494_2,2016-04-21 22:37:12,A,-41.9708,-73.451
84494_2,2016-04-21 23:07:57,A,-41.9717,-73.457
84494_2,2016-04-22 00:00:04,B,-41.981,-73.4945
84494_2,2016-04-22 00:18:41,B,-41.9868,-73.4884
84494_2,2016-04-22 01:40:44,B,-41.9992,-73.5501
84494_2,2016-04-22 01:41:51,A,-41.9775,-73.5625
84494_2,2016-04-22 02:29:38,B,-42.0566,-73.4076
84494_2,2016-04-22 04:57:47,A,-42.0191,-73.4606
84494_2,2016-04-22 05:24:18,1,-42.0689,-73.3885
84494_2,2016-04-22 07:11:23,A,-42.0168,-73.3535
84494_2,2016-04-22 08:50:10,B,-42.0356,-73.3291
84494_2,2016-04-22 09:41:11,B,-42.0375,-73.3274
84494_2,2016-04-22 09:44:24,B,-42.058,-73.3077
84494_2,2016-04-22 10:09:41,B,-42.0345,-73.2903
84494_2,2016-04-22 11:21:30,B,-42.062,-73.2519
84494_2,2016-04-22 12:55:00,B,-42.0941,-73.2255
84494_2,2016-04-22 13:03:37,B,-42.0862,-73.2358
84494_2,2016-04-22 14:47:38,B,-42.0073,-73.3634
84494_2,2016-04-22 19:28:44,B,-42.0986,-73.3097
84494_2,2016-04-22 21:00:40,B,-42.1293,-73.339
84494_2,2016-04-22 21:07:41,B,-42.1284,-73.34
84494_2,2016-04-22 21:53:03,B,-42.0704,-73.3416
84494_2,2016-04-22 22:26:43,B,-42.1345,-73.3118
84494_2,2016-04-22 22:37:32,B,-42.1592,-73.245
84494_2,2016-04-22 23:35:19,B,-42.1849,-73.2001
84494_2,2016-04-23 00:02:37,B,-42.1944,-73.1895
84494_2,2016-04-23 00:21:41,B,-42.1796,-73.2121
84494_2,2016-04-23 01:14:37,B,-42.2276,-73.1626
84494_2,2016-04-23 04:43:27,B,-42.2946,-73.0953
84494_2,2016-04-23 05:17:18,B,-42.3242,-73.1077
84494_2,2016-04-23 07:00:42,B,-42.3724,-73.0855
84494_2,2016-04-23 08:14:30,B,-42.3658,-73.0575
84494_2,2016-04-23 08:36:30,B,-42.3855,-73.0235
84494_2,2016-04-23 09:10:27,B,-42.4431,-72.9905
84494_2,2016-04-23 09:57:24,B,-42.5982,-73.0461
84494_2,2016-04-23 10:54:16,B,-42.7015,-73.0208
84494_2,2016-04-23 10:56:21,A,-42.6131,-73.0495
84494_2,2016-04-23 11:38:05,B,-42.6101,-73.0586
84494_2,2016-04-23 12:39:17,B,-42.7797,-73.2156
84494_2,2016-04-23 14:23:24,B,-42.5754,-73.1675
84494_2,2016-04-23 15:18:59,B,-42.7697,-73.2343
84494_2,2016-04-23 19:17:57,B,-42.2513,-72.6824
84494_2,2016-04-23 20:53:35,0,-42.1763,-72.9194
84494_2,2016-04-23 21:32:20,B,-42.17,-72.9417
84494_2,2016-04-23 22:07:08,B,-42.1642,-72.9713
84494_2,2016-04-23 22:10:25,B,-42.1752,-72.9687
84494_2,2016-04-23 23:16:41,B,-42.1649,-73.0139
84494_2,2016-04-23 23:48:41,B,-42.1806,-73.014
84494_2,2016-04-23 23:51:16,B,-42.193,-72.9663
84494_2,2016-04-24 00:59:16,B,-42.2117,-73.1759
84494_2,2016-04-24 01:53:54,B,-42.2156,-73.2446
84494_2,2016-04-24 02:43:24,B,-42.2171,-73.3092
84494_2,2016-04-24 05:05:35,B,-42.2126,-73.2669
84494_2,2016-04-24 06:47:19,B,-42.2071,-73.3804
84494_2,2016-04-24 08:07:03,B,-42.2179,-73.2786
84494_2,2016-04-24 08:26:13,B,-42.1587,-73.4839
84494_2,2016-04-24 09:42:48,B,-42.0391,-73.4044
84494_2,2016-04-24 10:14:09,B,-41.9842,-73.3286
84494_2,2016-04-24 10:25:48,B,-41.9894,-73.3344
84494_2,2016-04-24 11:20:47,B,-41.98,-73.3247
84494_2,2016-04-24 12:00:01,B,-41.9537,-73.23
84494_2,2016-04-24 13:19:38,B,-41.9017,-73.1544
84494_2,2016-04-24 14:01:06,B,-41.9333,-73.1986
84494_2,2016-04-24 19:09:56,B,-41.8185,-73.0041
84494_2,2016-04-24 20:41:46,B,-41.8377,-72.8147
84494_2,2016-04-24 21:38:33,A,-41.9336,-72.9335
84494_2,2016-04-24 22:03:39,B,-41.932,-72.8673
84494_2,2016-04-24 22:46:30,A,-41.8948,-73.0072
84494_2,2016-04-24 23:15:53,B,-41.9041,-72.8794
84494_2,2016-04-24 23:44:20,B,-41.8755,-72.9168
84494_2,2016-04-25 00:19:25,B,-41.9032,-72.8613
84494_2,2016-04-25 03:09:16,B,-41.8043,-72.8788
84494_2,2016-04-25 03:55:54,B,-41.7873,-72.8203
84494_2,2016-04-25 04:49:36,B,-41.7724,-72.8104
84494_2,2016-04-25 06:31:36,B,-41.7085,-72.7443
84494_2,2016-04-25 08:15:55,B,-41.6405,-72.7046
84494_2,2016-04-25 08:28:44,B,-41.6441,-72.7423
84494_2,2016-04-25 09:33:46,B,-41.6163,-72.7348
84494_2,2016-04-25 09:47:30,B,-41.6187,-72.7334
84494_2,2016-04-25 10:10:39,B,-41.6311,-72.7366
84494_2,2016-04-25 11:11:51,B,-41.5558,-72.8825
84494_2,2016-04-25 11:22:18,B,-41.574,-72.8987
84494_2,2016-04-25 11:42:11,B,-41.6045,-72.915
84494_2,2016-04-25 12:05:46,B,-41.5924,-72.9277
84494_2,2016-04-25 13:41:01,B,-41.6037,-72.9652
84494_2,2016-04-25 15:19:04,B,-41.5874,-72.9718
84494_2,2016-04-25 18:49:43,B,-41.5448,-73.0271
84494_2,2016-04-25 20:31:44,A,-41.7333,-72.81
84494_2,2016-04-25 21:05:40,A,-41.7486,-72.8026
84494_2,2016-04-25 21:56:43,B,-41.7636,-72.7886
84494_2,2016-04-25 22:18:32,B,-41.7569,-72.7931
84494_2,2016-04-25 22:42:16,A,-41.7368,-72.8173
84494_2,2016-04-25 23:31:07,B,-41.7521,-72.804
84494_2,2016-04-25 23:55:22,B,-41.745,-72.8105
84494_2,2016-04-26 01:14:02,B,-41.7759,-72.7837
84494_2,2016-04-26 01:57:33,B,-41.7884,-72.7786
84494_2,2016-04-26 02:46:53,B,-41.8066,-72.7657
84494_2,2016-04-26 03:36:00,B,-41.7805,-72.8129
84494_2,2016-04-26 06:17:27,B,-41.7965,-72.8267
84494_2,2016-04-26 08:02:30,B,-41.712,-72.7673
84494_2,2016-04-26 08:02:30,B,-41.7047,-72.8015
84494_2,2016-04-26 09:42:07,A,-41.7221,-72.8836
84494_2,2016-04-26 10:56:41,B,-41.7393,-72.8812
84494_2,2016-04-26 11:06:06,A,-41.7787,-72.84
84494_2,2016-04-26 11:44:56,B,-41.7803,-72.8429
84494_2,2016-04-26 15:04:51,B,-41.7693,-72.8418
84494_2,2016-04-26 18:40:33,B,-41.7193,-72.8131
84494_2,2016-04-26 20:18:53,1,-41.6525,-72.9203
84494_2,2016-04-26 20:36:58,B,-41.6701,-72.9263
84494_2,2016-04-26 21:37:40,B,-41.6529,-72.9487
84494_2,2016-04-26 22:00:02,B,-41.6414,-72.9458
84494_2,2016-04-26 22:14:46,A,-41.658,-72.94
84494_2,2016-04-26 23:23:30,B,-41.6684,-72.9331
84494_2,2016-04-26 23:34:17,A,-41.664,-72.9303
84494_2,2016-04-26 23:52:19,1,-41.6799,-72.935
84494_2,2016-04-27 01:00:23,B,-41.662,-72.9479
84494_2,2016-04-27 01:16:23,B,-41.7145,-72.893
84494_2,2016-04-27 01:34:33,B,-41.673,-72.9597
84494_2,2016-04-27 02:29:39,B,-41.6538,-72.9573
84494_2,2016-04-27 03:13:40,B,-41.6467,-72.9631
84494_2,2016-04-27 04:06:48,B,-41.6394,-72.9703
84494_2,2016-04-27 06:06:49,B,-41.6395,-72.9783
84494_2,2016-04-27 07:48:09,A,-41.6878,-73.0017
84494_2,2016-04-27 09:20:14,B,-41.6776,-73.0053
84494_2,2016-04-27 10:22:17,A,-41.6862,-73.0251
84494_2,2016-04-27 10:45:26,B,-41.6861,-73.0249
84494_2,2016-04-27 10:59:31,B,-41.6867,-73.0308
84494_2,2016-04-27 12:03:22,B,-41.6556,-72.9704
84494_2,2016-04-27 13:40:26,B,-41.6371,-72.9603
84494_2,2016-04-27 14:38:08,B,-41.6568,-72.9485
84494_2,2016-04-27 18:25:46,B,-41.6083,-73.0083
84494_2,2016-04-27 20:08:52,1,-41.6195,-73.0455
84494_2,2016-04-27 21:42:42,B,-41.6496,-73.0318
84494_2,2016-04-27 21:53:54,B,-41.6225,-73.0534
84494_2,2016-04-27 23:06:31,B,-41.6801,-73.051
84494_2,2016-04-27 23:09:36,A,-41.6831,-73.0313
84494_2,2016-04-27 23:19:46,1,-41.6613,-73.0256
84494_2,2016-04-28 00:52:51,B,-41.6873,-73.018
84494_2,2016-04-28 00:52:51,B,-41.6798,-73.0082
84494_2,2016-04-28 03:00:05,B,-41.711,-73.0108
84494_2,2016-04-28 04:34:46,1,-41.6887,-72.9967
84494_2,2016-04-28 05:58:06,B,-41.7057,-72.9979
84494_2,2016-04-28 08:52:52,B,-41.7438,-72.9287
84494_2,2016-04-28 09:00:26,B,-41.7422,-72.9257
84494_2,2016-04-28 09:52:41,B,-41.658,-72.9538
84494_2,2016-04-28 10:33:36,B,-41.6515,-72.943
84494_2,2016-04-28 10:33:36,B,-41.652,-72.9387
84494_2,2016-04-28 11:32:07,B,-41.6418,-72.931
84494_2,2016-04-28 12:43:38,B,-41.6349,-72.9266
84494_2,2016-04-28 13:29:41,B,-41.644,-72.9371
84494_2,2016-04-28 14:20:58,B,-41.6263,-72.9201
84494_2,2016-04-28 15:11:01,B,-41.6296,-72.9408
84494_2,2016-04-28 18:15:12,B,-41.6547,-73.0078
84494_2,2016-04-28 20:01:06,B,-41.6752,-73.0145
84494_2,2016-04-28 21:05:43,B,-41.6842,-73.0123
84494_2,2016-04-28 21:09:09,B,-41.6555,-73.0015
84494_2,2016-04-28 21:39:33,B,-41.6901,-73.0265
84494_2,2016-04-28 22:44:54,B,-41.6771,-73.0437
84494_2,2016-04-28 22:44:54,B,-41.6759,-73.0271
84494_2,2016-04-28 23:03:30,B,-41.6921,-73.0416
84494_2,2016-04-29 00:29:16,A,-41.5917,-73.064
84494_2,2016-04-29 00:30:21,B,-41.6436,-73.0593
84494_2,2016-04-29 00:37:04,B,-41.6233,-73.0685
84494_2,2016-04-29 00:54:22,B,-41.617,-73.0639
84494_2,2016-04-29 01:49:29,B,-41.5597,-73.0197
84494_2,2016-04-29 02:38:23,A,-41.5927,-72.9889
84494_2,2016-04-29 04:10:48,A,-41.5808,-73.0433
84494_2,2016-04-29 05:51:24,B,-41.5789,-73.0306
84494_2,2016-04-29 07:26:26,B,-41.6101,-73.0494
84494_2,2016-04-29 08:29:12,B,-41.645,-73.0409
84494_2,2016-04-29 08:42:52,B,-41.6128,-73.0546
84494_2,2016-04-29 09:08:02,B,-41.6126,-73.0545
84494_2,2016-04-29 09:22:06,B,-41.6288,-73.0538
84494_2,2016-04-29 10:09:31,A,-41.6506,-73.0751
84494_2,2016-04-29 10:31:25,0,-41.6825,-72.996
84494_2,2016-04-29 11:01:30,B,-41.6848,-73.0015
84494_2,2016-04-29 11:46:36,B,-41.6976,-72.9899
84494_2,2016-04-29 12:11:12,B,-41.6822,-72.9913
84494_2,2016-04-29 12:24:25,B,-41.7015,-72.9861
84494_2,2016-04-29 12:35:12,B,-41.69,-72.9927
84494_2,2016-04-29 13:56:20,B,-41.6853,-72.9877
84494_2,2016-04-29 15:35:49,B,-41.7071,-72.97
84494_2,2016-04-29 18:04:41,A,-41.6508,-73.0092
84494_2,2016-04-29 19:46:28,B,-41.6479,-73.0056
84494_2,2016-04-29 20:38:02,B,-41.6163,-72.9969
84494_2,2016-04-29 21:28:49,B,-41.5992,-72.9988
84494_2,2016-04-29 22:15:47,B,-41.5895,-72.9997
84494_2,2016-04-29 22:17:55,B,-41.6057,-73.0497
84494_2,2016-04-29 22:41:30,B,-41.584,-72.996
84494_2,2016-04-30 00:00:25,B,-41.5995,-72.9892
84494_2,2016-04-30 00:06:08,B,-41.628,-72.9805
84494_2,2016-04-30 00:25:49,A,-41.6412,-73.0
84494_2,2016-04-30 02:10:48,A,-41.6291,-73.0083
84494_2,2016-04-30 03:57:12,B,-41.6455,-72.9681
84494_2,2016-04-30 07:13:09,B,-41.7354,-72.9817
84494_2,2016-04-30 08:38:30,B,-41.7433,-72.9657
84494_2,2016-04-30 08:56:47,B,-41.7547,-72.9332
84494_2,2016-04-30 10:17:07,B,-41.8161,-72.9522
84494_2,2016-04-30 10:29:59,B,-41.8248,-72.9334
84494_2,2016-04-30 11:25:39,B,-41.8429,-72.9218
84494_2,2016-04-30 11:53:46,B,-41.8703,-72.8846
84494_2,2016-04-30 12:02:15,B,-41.8671,-72.8782
84494_2,2016-04-30 12:12:17,B,-41.8657,-72.8733
84494_2,2016-04-30 13:34:24,B,-41.8079,-72.8295
84494_2,2016-04-30 13:47:21,B,-41.8962,-72.8806
84494_2,2016-04-30 14:35:40,B,-41.8872,-72.9011
84494_2,2016-04-30 15:16:46,B,-41.8779,-72.8817
84494_2,2016-04-30 19:35:12,2,-41.7746,-72.9722
84494_2,2016-04-30 21:11:57,B,-41.7492,-72.948
84494_2,2016-04-30 21:48:46,2,-41.7494,-72.9268
84494_2,2016-04-30 21:50:49,B,-41.7491,-72.9265
84494_2,2016-04-30 22:32:05,3,-41.7287,-72.9483
84494_2,2016-04-30 22:32:05,3,-41.7287,-72.9483
84494_2,2016-04-30 23:28:22,B,-41.7414,-72.9858
84494_2,2016-04-30 23:32:55,B,-41.7184,-72.9475
84494_2,2016-05-01 00:19:35,B,-41.7131,-72.9461
84494_2,2016-05-01 01:13:52,B,-41.6425,-72.9763
84494_2,2016-05-01 01:55:42,B,-41.6346,-72.9969
84494_2,2016-05-01 03:35:19,A,-41.611,-73.0346
84494_2,2016-05-01 05:13:59,A,-41.6215,-73.0339
84494_2,2016-05-01 05:29:17,B,-41.58,-73.0439
84494_2,2016-05-01 07:00:12,B,-41.5627,-73.0747
84494_2,2016-05-01 08:46:46,B,-41.5888,-73.0636
84494_2,2016-05-01 09:17:51,B,-41.5968,-73.0792
84494_2,2016-05-01 10:02:00,B,-41.6459,-73.0517
84494_2,2016-05-01 10:56:36,2,-41.6699,-73.024
84494_2,2016-05-01 11:35:45,B,-41.6582,-73.0246
84494_2,2016-05-01 11:44:24,B,-41.6582,-73.0246
84494_2,2016-05-01 13:12:08,B,-41.6847,-73.0992
84494_2,2016-05-01 13:13:09,B,-41.6864,-73.079
84494_2,2016-05-01 15:00:47,2,-41.5137,-72.8949
84494_2,2016-05-01 19:24:35,B,-41.4714,-72.7962
84494_2,2016-05-01 21:05:07,A,-41.4885,-72.938
84494_2,2016-05-01 21:15:13,B,-41.4862,-72.9349
84494_2,2016-05-01 21:31:16,B,-41.4871,-72.9278
84494_2,2016-05-01 22:19:51,B,-41.4773,-72.9271
84494_2,2016-05-01 22:49:54,B,-41.4734,-72.9268
84494_2,2016-05-01 23:06:38,B,-41.476,-72.9268
84494_2,2016-05-02 00:09:36,B,-41.4943,-72.926
84494_2,2016-05-02 00:49:54,B,-41.4947,-72.9164
84494_2,2016-05-02 01:30:59,B,-41.4933,-72.9104
84494_2,2016-05-02 04:50:30,A,-41.5639,-72.811
84494_2,2016-05-02 08:36:45,B,-41.5902,-72.7565
84494_2,2016-05-02 08:56:17,B,-41.6378,-72.7295
84494_2,2016-05-02 09:52:13,B,-41.6803,-72.691
84494_2,2016-05-02 10:33:35,B,-41.7344,-72.7143
84494_2,2016-05-02 11:06:36,B,-41.7273,-72.6732
84494_2,2016-05-02 12:45:09,B,-41.7551,-72.6712
84494_2,2016-05-02 12:53:16,B,-41.6929,-72.7451
84494_2,2016-05-02 13:45:06,B,-41.7129,-72.737
84494_2,2016-05-02 14:41:18,B,-41.7182,-72.7872
84494_2,2016-05-02 19:08:41,B,-41.7822,-72.803
84494_2,2016-05-02 20:43:50,B,-41.5891,-73.0358
84494_2,2016-05-02 21:05:23,B,-41.6445,-73.1026
84494_2,2016-05-02 22:08:58,A,-41.5852,-73.0345
84494_2,2016-05-02 22:24:20,A,-41.6037,-73.0467
84494_2,2016-05-02 22:40:12,B,-41.6001,-73.045
84494_2,2016-05-02 23:50:02,A,-41.6116,-73.0733
84494_2,2016-05-03 00:04:16,B,-41.6079,-73.0666
84494_2,2016-05-03 00:27:26,A,-41.6231,-73.0512
84494_2,2016-05-03 01:10:32,B,-41.6138,-73.047
84494_2,2016-05-03 01:35:40,B,-41.6182,-73.0487
84494_2,2016-05-03 02:51:29,B,-41.6026,-73.0378
84494_2,2016-05-03 04:34:27,B,-41.6099,-73.0423
84494_2,2016-05-03 05:00:13,B,-41.6324,-73.0703
84494_2,2016-05-03 07:59:27,B,-41.5959,-73.0405
84494_2,2016-05-03 08:21:06,B,-41.5883,-73.0345
84494_2,2016-05-03 08:27:56,B,-41.5878,-73.0334
84494_2,2016-05-03 10:12:00,B,-41.5666,-73.0226
84494_2,2016-05-03 10:37:13,A,-41.5996,-73.0475
84494_2,2016-05-03 11:19:27,B,-41.589,-73.0568
84494_2,2016-05-03 11:43:59,A,-41.6006,-73.0665
84494_2,2016-05-03 12:10:40,B,-41.604,-73.0465
84494_2,2016-05-03 12:33:55,B,-41.598,-73.0455
84494_2,2016-05-03 14:14:39,3,-41.6083,-73.0408
84494_2,2016-05-03 19:00:17,A,-41.5751,-73.0692
84494_2,2016-05-03 20:47:23,B,-41.5712,-73.0704
84494_2,2016-05-03 21:54:26,B,-41.5652,-73.0697
84494_2,2016-05-03 22:01:15,B,-41.5665,-73.0678
84494_2,2016-05-03 22:16:18,B,-41.5675,-73.0664
84494_2,2016-05-03 23:34:52,A,-41.5968,-73.0644
84494_2,2016-05-03 23:45:52,B,-41.5978,-73.0609
84494_2,2016-05-04 00:06:27,B,-41.5974,-73.0709
84494_2,2016-05-04 00:52:43,B,-41.6021,-73.0729
84494_2,2016-05-04 02:28:17,B,-41.5988,-73.0503
84494_2,2016-05-04 04:12:51,B,-41.6414,-73.0148
84494_2,2016-05-04 06:32:42,B,-41.7727,-73.0578
84494_2,2016-05-04 07:47:59,B,-41.8046,-73.0563
84494_2,2016-05-04 08:05:54,A,-41.8337,-73.0543
84494_2,2016-05-04 09:23:07,B,-41.8661,-73.0376
84494_2,2016-05-04 10:00:05,B,-41.8801,-73.0614
84494_2,2016-05-04 11:05:50,A,-41.9828,-73.063
84494_2,2016-05-04 11:24:18,B,-41.9818,-73.065
84494_2,2016-05-04 11:44:01,A,-41.9733,-73.0507
84494_2,2016-05-04 12:14:03,B,-42.041,-73.1555
84494_2,2016-05-04 13:54:52,B,-42.1381,-73.2533
84494_2,2016-05-04 14:50:34,B,-42.1682,-73.2359
84494_2,2016-05-04 15:34:55,A,-42.3531,-73.1397
84494_2,2016-05-05 03:53:57,B,-42.3527,-73.1368
84494_2,2016-05-05 07:59:24,A,-42.4499,-73.1052
84494_2,2016-05-05 09:12:11,B,-42.5399,-73.0859
84494_2,2016-05-05 09:30:10,B,-42.5608,-73.0793
84494_2,2016-05-05 10:59:24,2,-42.553,-73.1114
84494_2,2016-05-05 11:02:28,3,-42.5504,-73.1142
84494_2,2016-05-05 11:12:15,A,-42.5583,-73.0901
84494_2,2016-05-05 11:55:51,B,-42.5361,-73.1289
84494_2,2016-05-05 12:42:03,B,-42.577,-73.1456
84494_2,2016-05-05 12:52:26,B,-42.6245,-73.092
84494_2,2016-05-05 13:39:01,B,-42.4995,-73.063
84494_2,2016-05-05 15:19:36,B,-42.562,-73.0826
84494_2,2016-05-06 14:52:30,A,-42.5626,-72.9168
84494_2,2016-05-06 18:25:51,1,-42.6175,-72.9632
84494_2,2016-05-06 20:07:12,A,-42.5391,-73.076
84494_2,2016-05-06 21:25:47,B,-42.5536,-73.118
84494_2,2016-05-06 21:47:52,B,-42.6297,-73.1595
84494_2,2016-05-06 22:03:02,B,-42.6308,-73.1629
84494_2,2016-05-06 22:45:35,B,-42.6491,-73.1772
84494_2,2016-05-06 23:03:58,B,-42.6388,-73.1988
84494_2,2016-05-06 23:36:18,B,-42.6607,-73.239
84494_2,2016-05-07 00:21:41,B,-42.6928,-73.2611
84494_2,2016-05-07 00:49:57,B,-42.7056,-73.2845
84494_2,2016-05-07 03:04:48,B,-42.764,-73.3832
84494_2,2016-05-07 04:46:39,B,-42.7667,-73.2966
84494_2,2016-05-07 08:57:05,B,-42.7482,-73.2572
84494_2,2016-05-07 10:41:06,B,-42.7325,-73.2001
84494_2,2016-05-07 11:45:36,B,-42.6554,-73.2853
84494_2,2016-05-07 11:46:16,A,-42.6952,-73.2913
84494_2,2016-05-07 13:30:44,B,-42.6747,-73.3378
84494_2,2016-05-07 14:31:15,B,-42.6133,-73.2983
84494_2,2016-05-07 18:18:38,B,-42.5219,-73.314
84494_2,2016-05-07 19:55:11,A,-42.6087,-73.1326
84494_2,2016-05-07 21:28:22,A,-42.6115,-72.8728
84494_2,2016-05-07 21:36:14,B,-42.5764,-73.0191
84494_2,2016-05-07 22:21:37,B,-42.6246,-72.8408
84494_2,2016-05-07 22:50:38,1,-42.5916,-72.8713
84494_2,2016-05-07 23:10:25,A,-42.6042,-72.8799
84494_2,2016-05-07 23:58:20,B,-42.5797,-72.9083
84494_2,2016-05-08 00:34:22,B,-42.5957,-72.8009
84494_2,2016-05-08 01:10:45,B,-42.5477,-72.8096
84494_2,2016-05-08 01:57:09,B,-42.5298,-72.7656
84494_2,2016-05-08 03:38:25,B,-42.5051,-72.7413
84494_2,2016-05-08 04:32:26,B,-42.5391,-72.8161
84494_2,2016-05-08 07:30:31,1,-42.5292,-72.8292
84494_2,2016-05-08 10:26:13,1,-42.6141,-72.8759
84494_2,2016-05-08 11:27:26,B,-42.6158,-72.8692
84494_2,2016-05-08 12:04:54,B,-42.5974,-72.7888
84494_2,2016-05-08 12:34:39,B,-42.5168,-72.8171
84494_2,2016-05-08 14:12:54,1,-42.4574,-72.8931
84494_2,2016-05-08 18:02:53,B,-42.4182,-72.886
84494_2,2016-05-08 21:25:33,A,-42.5025,-72.8641
84494_2,2016-05-08 21:53:07,B,-42.5053,-72.8625
84494_2,2016-05-08 22:35:30,B,-42.4898,-72.799
84494_2,2016-05-08 23:37:05,A,-42.4492,-72.7685
84494_2,2016-05-09 00:19:59,B,-42.4723,-72.7532
84494_2,2016-05-09 02:29:20,B,-42.4198,-72.7615
84494_2,2016-05-09 04:07:47,B,-42.3953,-72.7355
84494_2,2016-05-09 05:39:01,B,-42.4451,-72.8123
84494_2,2016-05-09 07:20:19,A,-42.4242,-72.8978
84494_2,2016-05-09 08:35:37,B,-42.4184,-72.9171
84494_2,2016-05-09 08:54:04,B,-42.4286,-72.8941
84494_2,2016-05-09 09:20:37,B,-42.4281,-72.9036
84494_2,2016-05-09 10:12:44,A,-42.4093,-72.9103
84494_2,2016-05-09 10:45:56,1,-42.4218,-72.8826
84494_2,2016-05-09 10:52:45,B,-42.4216,-72.8822
84494_2,2016-05-09 12:13:43,B,-42.4823,-72.8535
84494_2,2016-05-09 12:28:16,B,-42.4282,-72.8782
84494_2,2016-05-09 13:54:08,B,-42.4826,-72.8836
84494_2,2016-05-09 14:40:48,B,-42.4916,-72.8823
84494_2,2016-05-09 15:33:35,B,-42.4952,-72.8922
84494_2,2016-05-09 19:31:29,B,-42.5667,-72.8977
84494_2,2016-05-09 20:26:37,B,-42.6025,-72.8661
84494_2,2016-05-09 21:20:55,B,-42.5828,-72.8335
84494_2,2016-05-09 21:31:48,B,-42.5835,-72.8257
84494_2,2016-05-09 22:00:38,B,-42.58,-72.8244
84494_2,2016-05-09 22:26:37,A,-42.631,-72.8549
84494_2,2016-05-09 23:10:36,A,-42.6507,-72.8363
84494_2,2016-05-09 23:41:18,B,-42.6246,-72.8229
84494_2,2016-05-10 00:08:29,B,-42.7366,-72.8897
84494_2,2016-05-10 02:58:48,B,-42.8088,-72.8128
84494_2,2016-05-10 03:50:45,B,-42.8284,-72.8129
84494_2,2016-05-10 05:25:07,A,-42.8304,-72.6984
84494_2,2016-05-10 07:07:09,B,-42.8651,-72.6492
84494_2,2016-05-10 08:22:09,B,-42.8929,-72.6544
84494_2,2016-05-10 08:47:59,B,-42.8668,-72.7249
84494_2,2016-05-10 08:53:41,0,-42.914,-72.8459
84494_2,2016-05-10 10:00:56,B,-42.923,-72.7414
84494_2,2016-05-10 10:14:25,B,-42.9316,-72.9167
84494_2,2016-05-10 10:32:35,B,-42.9301,-72.9335
84494_2,2016-05-10 11:51:52,B,-42.9629,-72.9193
84494_2,2016-05-10 11:51:52,B,-42.9788,-72.922
84494_2,2016-05-10 12:14:06,B,-42.9757,-72.9131
84494_2,2016-05-10 13:32:00,B,-43.0103,-72.892
84494_2,2016-05-10 13:32:28,B,-43.0332,-72.892
84494_2,2016-05-10 14:28:54,B,-43.0566,-72.8867
84494_2,2016-05-10 15:15:23,B,-43.0527,-72.8942
84494_2,2016-05-10 19:25:55,B,-42.9621,-72.9091
84494_2,2016-05-10 21:03:25,B,-42.9957,-72.9197
84494_2,2016-05-10 21:33:05,B,-43.0126,-72.9376
84494_2,2016-05-10 22:15:53,A,-43.0996,-72.9085
84494_2,2016-05-10 22:42:15,B,-43.1148,-72.9067
84494_2,2016-05-10 23:07:35,B,-43.1314,-72.9086
84494_2,2016-05-10 23:57:11,B,-43.092,-73.0089
84494_2,2016-05-11 00:26:02,B,-43.1136,-73.0128
84494_2,2016-05-11 01:49:53,B,-43.1287,-73.0716
84494_2,2016-05-11 02:41:22,B,-43.1402,-73.079
84494_2,2016-05-11 06:52:25,B,-43.3791,-73.3576
84494_2,2016-05-11 08:06:05,B,-43.4243,-73.486
84494_2,2016-05-11 08:37:16,B,-43.4348,-73.5133
84494_2,2016-05-11 09:52:17,B,-43.4545,-73.5813
84494_2,2016-05-11 10:08:06,A,-43.4702,-73.3822
84494_2,2016-05-11 11:23:21,B,-43.4749,-73.6372
84494_2,2016-05-11 11:23:21,B,-43.4713,-73.6215
84494_2,2016-05-11 11:32:24,B,-43.4823,-73.6444
84494_2,2016-05-11 11:47:35,B,-43.4809,-73.6442
84494_2,2016-05-11 12:59:00,B,-43.5167,-73.7156
84494_2,2016-05-11 13:13:26,B,-43.5393,-73.755
84494_2,2016-05-11 20:55:35,B,-43.6358,-74.2061
84494_2,2016-05-11 21:07:10,B,-43.6269,-74.1874
84494_2,2016-05-11 22:07:27,B,-43.6099,-74.4035
84494_2,2016-05-11 22:20:16,B,-43.6224,-74.3857
84494_2,2016-05-11 22:38:52,B,-43.5992,-74.4354
84494_2,2016-05-11 23:49:20,B,-43.6661,-74.3786
84494_2,2016-05-12 00:00:05,A,-43.7023,-74.4369
84494_2,2016-05-12 01:26:05,B,-43.7343,-74.5654
84494_2,2016-05-12 01:27:44,B,-43.7322,-74.5527
84494_2,2016-05-12 01:38:23,B,-43.7322,-74.5522
84494_2,2016-05-12 02:23:47,B,-43.7504,-74.6382
84494_2,2016-05-12 06:45:17,B,-43.7489,-74.5994
84494_2,2016-05-12 09:43:30,A,-43.9772,-74.3534
84494_2,2016-05-12 10:49:00,B,-44.0105,-74.3726
84494_2,2016-05-12 11:13:22,B,-44.0069,-74.3676
84494_2,2016-05-12 19:02:49,B,-43.9349,-74.409
84494_2,2016-05-12 21:52:23,B,-43.8013,-74.1819
84494_2,2016-05-12 21:52:47,B,-43.8588,-74.1897
84494_2,2016-05-12 22:09:18,B,-43.7893,-74.1355
84494_2,2016-05-12 22:20:25,B,-43.8282,-74.1674
84494_2,2016-05-12 23:35:03,B,-43.7895,-74.134
84494_2,2016-05-12 23:36:19,B,-43.7896,-74.1343
84494_2,2016-05-12 23:48:55,B,-43.786,-74.1235
84494_2,2016-05-13 02:48:27,B,-43.7561,-74.0684
84494_2,2016-05-13 06:34:55,B,-43.7189,-74.0088
84494_2,2016-05-13 08:07:08,A,-43.729,-73.979
84494_2,2016-05-13 09:22:17,B,-43.7233,-73.9429
84494_2,2016-05-13 10:22:02,B,-43.6878,-73.8483
84494_2,2016-05-13 10:53:27,B,-43.6817,-73.8198
84494_2,2016-05-13 11:08:07,B,-43.683,-73.797
84494_2,2016-05-13 13:17:30,B,-43.6537,-73.7071
84494_2,2016-05-13 13:38:15,B,-43.6515,-73.6855
84494_2,2016-05-13 18:50:46,B,-43.6605,-73.5584
84494_2,2016-05-13 20:29:30,B,-43.6922,-73.4439
84494_2,2016-05-13 21:43:30,B,-43.6926,-73.3933
84494_2,2016-05-13 23:06:24,B,-43.6415,-73.3504
84494_2,2016-05-13 23:26:56,B,-43.7262,-73.3166
84494_2,2016-05-14 00:43:30,B,-43.7366,-73.2708
84494_2,2016-05-14 03:22:54,B,-43.7445,-73.1376
84494_2,2016-05-14 04:02:51,B,-43.7458,-73.2141
84494_2,2016-05-14 08:02:06,B,-43.7779,-73.0987
84494_2,2016-05-14 09:44:27,B,-43.7727,-73.0786
84494_2,2016-05-14 10:33:22,B,-43.7114,-73.1156
84494_2,2016-05-14 10:59:08,B,-43.756,-73.087
84494_2,2016-05-14 11:25:16,B,-43.7267,-73.191
84494_2,2016-05-14 12:10:06,B,-43.709,-73.1173
84494_2,2016-05-14 13:04:54,A,-43.6237,-72.8805
84494_2,2016-05-14 13:48:53,B,-43.61,-72.8135
84494_2,2016-05-14 14:44:35,B,-43.6091,-72.9702
84494_2,2016-05-14 18:37:01,B,-43.534,-72.8482
84494_2,2016-05-14 20:23:58,B,-43.5397,-72.8085
84494_2,2016-05-14 21:06:24,B,-43.5307,-72.8112
84494_2,2016-05-14 21:31:21,B,-43.5431,-72.8579
84494_2,2016-05-14 22:01:19,B,-43.5165,-73.3236
84494_2,2016-05-15 00:31:01,B,-43.4894,-73.2844
84494_2,2016-05-15 03:40:38,0,-43.2529,-73.4377
84494_2,2016-05-15 06:12:35,B,-43.1746,-73.4435
84494_2,2016-05-15 07:47:07,B,-43.178,-73.4437
84494_2,2016-05-15 08:26:53,B,-43.1521,-73.448
84494_2,2016-05-15 10:07:16,B,-43.0498,-73.4339
84494_2,2016-05-15 10:45:35,B,-43.0327,-73.4072
84494_2,2016-05-15 11:00:16,B,-43.1176,-73.428
84494_2,2016-05-15 12:40:01,B,-43.0584,-73.372
84494_2,2016-05-15 14:23:55,B,-43.0496,-73.3509
84494_2,2016-05-15 18:23:47,B,-42.9369,-73.2614
84494_2,2016-05-15 20:04:19,B,-42.8488,-73.1758
84494_2,2016-05-15 21:21:39,B,-42.8714,-73.1601
84494_2,2016-05-15 21:49:19,B,-42.8846,-73.1202
84494_2,2016-05-15 22:14:40,B,-42.9278,-73.0895
84494_2,2016-05-15 22:19:14,B,-42.9179,-73.0632
84494_2,2016-05-15 22:56:45,B,-42.9036,-73.0487
84494_2,2016-05-15 23:58:00,B,-42.9134,-73.0291
84494_2,2016-05-15 23:58:00,B,-42.8956,-73.0064
84494_2,2016-05-16 02:31:11,B,-42.8655,-72.8977
84494_2,2016-05-16 03:26:09,B,-42.8789,-72.8966
84494_2,2016-05-16 05:00:42,B,-42.8676,-72.8275
84494_2,2016-05-16 05:56:27,B,-42.8281,-72.8037
84494_2,2016-05-16 08:04:51,B,-42.7964,-72.7057
84494_2,2016-05-16 08:49:06,B,-42.7803,-72.6737
84494_2,2016-05-16 09:42:42,1,-42.7682,-72.8403
84494_2,2016-05-16 10:23:37,B,-42.7857,-72.7288
84494_2,2016-05-16 11:19:14,A,-42.6912,-72.9052
84494_2,2016-05-16 11:28:14,A,-42.7656,-72.9506
84494_2,2016-05-16 12:07:30,B,-42.6386,-72.9185
84494_2,2016-05-16 13:09:47,A,-42.5794,-72.8932
84494_2,2016-05-16 14:42:38,B,-42.4718,-72.8818
84494_2,2016-05-16 18:16:43,B,-42.2893,-72.9586
84494_2,2016-05-16 19:54:40,B,-42.228,-72.9354
84494_2,2016-05-16 21:10:00,B,-42.161,-72.9353
84494_2,2016-05-16 21:45:49,A,-42.1589,-73.0894
84494_2,2016-05-16 21:53:19,B,-42.1528,-73.0985
84494_2,2016-05-16 22:56:47,B,-42.1478,-73.1037
84494_2,2016-05-16 23:23:30,2,-42.0832,-73.1042
84494_2,2016-05-16 23:35:05,B,-42.1236,-73.1439
84494_2,2016-05-17 00:27:42,B,-42.0918,-73.1935
84494_2,2016-05-17 01:13:05,B,-42.0917,-73.1938
84494_2,2016-05-17 01:21:40,A,-42.0952,-73.1872
84494_2,2016-05-17 02:59:51,1,-42.0729,-73.2205
84494_2,2016-05-17 04:41:24,A,-42.0041,-73.0982
84494_2,2016-05-17 05:41:20,B,-41.9733,-73.1035
84494_2,2016-05-17 07:28:44,B,-41.9846,-73.2062
84494_2,2016-05-17 08:35:35,B,-41.9751,-73.2187
84494_2,2016-05-17 09:16:50,B,-41.989,-73.2089
84494_2,2016-05-17 10:20:19,B,-42.091,-73.2252
84494_2,2016-05-17 11:00:23,B,-42.1153,-73.1982
84494_2,2016-05-17 11:38:47,A,-42.1367,-73.1282
84494_2,2016-05-17 12:00:02,A,-42.1554,-73.1492
84494_2,2016-05-17 12:42:16,B,-42.1734,-73.1399
84494_2,2016-05-17 13:15:18,B,-42.1755,-73.1345
84494_2,2016-05-17 13:41:45,B,-42.1203,-73.0796
84494_2,2016-05-17 14:24:01,B,-42.1716,-73.0643
84494_2,2016-05-17 19:44:11,B,-42.007,-73.154
84494_2,2016-05-17 21:17:34,B,-41.9789,-72.9827
84494_2,2016-05-17 22:34:44,B,-41.9841,-72.9432
84494_2,2016-05-17 22:52:20,2,-41.8978,-73.0046
84494_2,2016-05-17 23:11:59,B,-41.9016,-72.9918
84494_2,2016-05-18 00:21:25,B,-41.9102,-72.9477
84494_2,2016-05-18 00:54:56,B,-41.9137,-72.9413
84494_2,2016-05-18 02:41:41,A,-41.9757,-72.8154
84494_2,2016-05-18 04:25:30,B,-42.0046,-72.7228
84494_2,2016-05-18 05:32:09,B,-42.0415,-72.6733
84494_2,2016-05-18 07:14:35,B,-42.083,-72.5842
84494_2,2016-05-18 08:51:34,B,-42.1699,-72.7616
84494_2,2016-05-18 08:54:31,B,-42.1982,-72.6359
84494_2,2016-05-18 10:08:41,B,-42.2318,-72.6201
84494_2,2016-05-18 10:32:22,0,-42.2074,-72.8295
84494_2,2016-05-18 11:03:07,B,-42.2072,-72.8042
84494_2,2016-05-18 11:46:51,B,-42.2202,-72.8203
84494_2,2016-05-18 12:42:36,A,-42.2104,-72.8356
84494_2,2016-05-18 13:16:37,B,-42.2129,-72.8498
84494_2,2016-05-18 14:04:30,B,-42.2028,-72.8418
84494_2,2016-05-18 19:39:29,B,-42.0838,-73.0813
84494_2,2016-05-18 20:46:16,B,-42.009,-72.9959
84494_2,2016-05-18 21:10:15,0,-41.7827,-72.9847
84494_2,2016-05-18 22:20:02,A,-41.7848,-73.1144
84494_2,2016-05-18 22:24:59,B,-41.7443,-72.8856
84494_2,2016-05-18 22:49:04,B,-41.8219,-72.9269
84494_2,2016-05-19 00:01:57,B,-41.8274,-72.9586
84494_2,2016-05-19 00:04:18,B,-41.7259,-72.8465
84494_2,2016-05-19 02:20:50,A,-41.8335,-72.8785
84494_2,2016-05-19 04:04:21,A,-41.788,-72.8551
84494_2,2016-05-19 05:22:58,B,-41.7686,-72.8436
84494_2,2016-05-19 08:18:52,B,-41.7266,-72.8094
84494_2,2016-05-19 08:46:01,B,-41.7497,-72.8174
84494_2,2016-05-19 09:50:00,B,-41.7214,-72.7991
84494_2,2016-05-19 10:09:45,B,-41.6744,-72.7777
84494_2,2016-05-19 10:29:24,B,-41.6314,-72.7773
84494_2,2016-05-19 11:43:57,B,-41.5996,-72.8335
84494_2,2016-05-19 12:02:37,B,-41.6321,-73.0299
84494_2,2016-05-19 14:36:55,B,-41.6578,-73.1243
84494_2,2016-05-19 19:17:20,A,-41.6745,-72.7201
84494_2,2016-05-19 21:05:52,B,-41.8031,-72.6642
84494_2,2016-05-19 21:51:24,B,-41.7738,-72.6401
84494_2,2016-05-19 22:14:27,A,-41.8216,-72.8006
84494_2,2016-05-19 22:20:12,A,-41.7661,-72.7943
84494_2,2016-05-19 23:33:17,B,-41.8379,-72.8447
84494_2,2016-05-20 00:00:40,B,-41.8187,-72.8471
84494_2,2016-05-20 00:02:41,A,-41.7784,-72.7949
84494_2,2016-05-20 02:01:53,A,-41.7349,-72.795
84494_2,2016-05-20 02:57:44,B,-41.7389,-72.8159
84494_2,2016-05-20 06:50:57,0,-41.7449,-72.7654
84494_2,2016-05-20 08:33:30,B,-41.7473,-72.7884
84494_2,2016-05-20 09:42:29,A,-41.7628,-72.8035
84494_2,2016-05-20 09:48:13,1,-41.7378,-72.7672
84494_2,2016-05-20 09:56:58,B,-41.7181,-72.7999
84494_2,2016-05-20 11:29:43,B,-41.7355,-72.7808
84494_2,2016-05-20 11:38:29,B,-41.7833,-72.765
84494_2,2016-05-20 11:44:57,B,-41.7827,-72.7627
84494_2,2016-05-20 13:20:32,B,-41.7752,-72.7697
84494_2,2016-05-20 13:20:32,B,-41.7831,-72.7693
84494_2,2016-05-20 14:18:07,B,-41.7718,-72.7715
84494_2,2016-05-20 15:05:10,B,-41.7683,-72.7715
84494_2,2016-05-20 20:50:45,B,-41.7504,-72.8025
84494_2,2016-05-20 21:18:43,B,-41.7843,-73.0127
84494_2,2016-05-20 21:55:54,B,-41.7542,-72.9975
84494_2,2016-05-20 21:59:57,B,-41.7521,-72.8312
84494_2,2016-05-20 23:39:14,2,-41.7653,-72.8338
84494_2,2016-05-20 23:41:37,A,-41.772,-72.8577
84494_2,2016-05-21 01:26:30,B,-41.7712,-72.8774
84494_2,2016-05-21 01:38:31,1,-41.7606,-72.8897
84494_2,2016-05-21 03:22:57,A,-41.735,-72.8858
84494_2,2016-05-21 04:57:26,B,-41.7316,-72.8889
84494_2,2016-05-21 04:58:19,A,-41.7504,-72.8916
84494_2,2016-05-21 06:41:41,A,-41.7883,-72.7994
84494_2,2016-05-21 08:21:40,B,-41.7884,-72.7783
84494_2,2016-05-21 09:17:44,A,-41.7903,-72.7962
84494_2,2016-05-21 09:27:10,B,-41.7927,-72.7663
84494_2,2016-05-21 09:36:28,B,-41.7852,-72.7943
84494_2,2016-05-21 10:56:22,B,-41.7899,-72.8007
84494_2,2016-05-21 11:12:01,B,-41.7956,-72.8037
84494_2,2016-05-21 11:12:01,B,-41.7883,-72.7743
84494_2,2016-05-21 12:45:45,B,-41.7019,-72.8309
84494_2,2016-05-21 13:05:13,B,-41.8073,-72.7262
84494_2,2016-05-21 18:56:49,B,-41.747,-72.7893
84494_2,2016-05-21 20:41:16,B,-41.7298,-72.6915
84494_2,2016-05-21 21:31:37,B,-41.7128,-72.6826
84494_2,2016-05-21 22:25:35,0,-41.7808,-72.6561
84494_2,2016-05-21 23:09:20,B,-41.7158,-72.684
84494_2,2016-05-21 23:32:31,B,-41.667,-72.6631
84494_2,2016-05-22 00:04:00,B,-41.6693,-72.7215
84494_2,2016-05-22 01:12:41,B,-41.6473,-72.7381
84494_2,2016-05-22 01:20:52,A,-41.6336,-72.767
84494_2,2016-05-22 02:14:07,B,-41.6195,-72.7792
84494_2,2016-05-22 02:57:05,A,-41.6171,-72.7879
84494_2,2016-05-22 04:40:27,B,-41.6216,-72.9296
84494_2,2016-05-22 04:46:35,B,-41.6242,-72.9317
84494_2,2016-05-22 06:22:00,B,-41.6085,-72.9862
84494_2,2016-05-22 08:08:32,B,-41.6105,-73.0475
84494_2,2016-05-22 08:51:02,B,-41.6108,-73.0416
84494_2,2016-05-22 10:36:16,B,-41.6693,-73.0173
84494_2,2016-05-22 10:36:41,B,-41.6591,-72.9564
84494_2,2016-05-22 12:45:15,B,-41.6766,-73.0073
84494_2,2016-05-22 18:46:41,B,-41.7322,-72.9781
84494_2,2016-05-22 21:06:27,B,-41.7425,-73.0033
84494_2,2016-05-22 21:40:28,B,-41.7386,-72.9977
84494_2,2016-05-22 21:54:41,B,-41.7891,-72.9463
84494_2,2016-05-22 22:07:43,B,-41.7321,-72.9817
84494_2,2016-05-22 22:47:18,A,-41.8331,-72.9735
84494_2,2016-05-22 23:21:10,A,-41.8579,-73.031
84494_2,2016-05-22 23:32:11,B,-41.8548,-73.0182
84494_2,2016-05-23 02:38:38,B,-41.9504,-73.0665
84494_2,2016-05-23 04:16:37,B,-42.0054,-73.0859
84494_2,2016-05-23 06:18:45,A,-42.0497,-73.0569
84494_2,2016-05-23 07:51:10,B,-42.0962,-73.068
84494_2,2016-05-23 08:31:22,B,-42.1106,-73.0704
84494_2,2016-05-23 09:08:33,B,-42.1104,-73.0704
84494_2,2016-05-23 11:44:38,A,-42.0936,-73.0556
84494_2,2016-05-23 11:49:34,B,-42.0946,-73.0535
84494_2,2016-05-23 12:25:28,B,-42.0915,-73.032
84494_2,2016-05-23 13:17:16,B,-42.1546,-73.0902
84494_2,2016-05-23 13:59:37,B,-42.0797,-72.9923
84494_2,2016-05-23 15:42:03,B,-42.0875,-72.993
84494_2,2016-05-23 18:38:57,B,-42.121,-72.9422
84494_2,2016-05-23 20:14:46,0,-42.111,-72.8615
84494_2,2016-05-23 21:25:21,B,-42.1007,-72.8348
84494_2,2016-05-23 21:26:02,B,-42.1072,-72.8236
84494_2,2016-05-23 21:56:17,B,-42.0968,-72.827
84494_2,2016-05-23 22:18:29,B,-42.0847,-72.8299
84494_2,2016-05-23 23:01:44,B,-42.0756,-72.81
84494_2,2016-05-23 23:12:55,B,-42.0743,-72.845
84494_2,2016-05-24 00:01:04,B,-42.0623,-72.8313
84494_2,2016-05-24 00:37:26,B,-42.0662,-72.8772
84494_2,2016-05-24 02:19:13,B,-42.0141,-72.9121
84494_2,2016-05-24 03:12:08,A,-42.0169,-73.0734
84494_2,2016-05-24 03:55:32,A,-42.024,-73.0177
84494_2,2016-05-24 06:02:37,B,-42.0235,-73.0644
84494_2,2016-05-24 07:41:09,B,-42.0208,-73.0947
84494_2,2016-05-24 09:01:53,A,-42.1925,-72.6447
84494_2,2016-05-24 09:34:52,B,-42.2163,-72.6017
84494_2,2016-05-24 09:42:22,B,-42.1694,-72.6627
84494_2,2016-05-24 10:42:35,B,-42.0744,-72.7259
84494_2,2016-05-24 11:15:08,A,-42.1316,-72.9491
84494_2,2016-05-24 11:20:29,B,-42.1356,-72.9795
84494_2,2016-05-24 12:54:45,B,-42.1037,-72.8903
84494_2,2016-05-24 13:38:28,B,-42.1162,-72.9037
84494_2,2016-05-24 15:21:32,B,-42.2096,-72.9467
84494_2,2016-05-24 20:02:00,B,-42.1878,-72.9386
84494_2,2016-05-24 21:49:08,B,-42.2586,-72.9199
84494_2,2016-05-24 21:59:50,B,-42.204,-72.8781
84494_2,2016-05-24 22:32:39,A,-42.2365,-72.9177
84494_2,2016-05-24 22:54:37,B,-42.2324,-72.9261
84494_2,2016-05-24 23:33:31,A,-42.2147,-72.8984
84494_2,2016-05-25 01:15:05,B,-42.2211,-72.91
84494_2,2016-05-25 01:59:43,B,-42.2165,-72.9054
84494_2,2016-05-25 02:51:51,B,-42.2181,-72.9072
84494_2,2016-05-25 03:37:45,A,-42.1746,-72.9535
84494_2,2016-05-25 05:50:15,B,-42.1577,-72.9905
84494_2,2016-05-25 07:37:11,0,-42.229,-72.8918
84494_2,2016-05-25 09:21:08,A,-42.2478,-72.9024
84494_2,2016-05-25 10:30:35,0,-42.2386,-72.8253
84494_2,2016-05-25 11:00:08,B,-42.2391,-72.8154
84494_2,2016-05-25 12:20:17,B,-42.1953,-72.8429
84494_2,2016-05-25 13:24:19,B,-42.2278,-72.9041
84494_2,2016-05-25 14:58:04,B,-42.2655,-72.9009
84494_2,2016-05-25 18:15:09,A,-42.007,-72.918
84494_2,2016-05-25 19:49:19,B,-41.9897,-72.9187
84494_2,2016-05-25 21:33:05,A,-42.0525,-72.8675
84494_2,2016-05-25 22:01:53,3,-42.0665,-72.939
84494_2,2016-05-25 22:52:02,B,-42.0502,-72.8622
84494_2,2016-05-25 23:09:24,B,-42.0661,-72.9356
84494_2,2016-05-25 23:45:30,B,-42.059,-72.9464
84494_2,2016-05-26 01:36:15,B,-41.9975,-73.0615
84494_2,2016-05-26 03:19:55,A,-42.0813,-73.161
84494_2,2016-05-26 04:54:27,B,-42.0944,-73.2011
84494_2,2016-05-26 07:26:47,B,-42.1296,-73.2495
84494_2,2016-05-26 08:37:19,B,-42.0988,-73.1339
84494_2,2016-05-26 10:16:34,B,-42.1724,-73.1435
84494_2,2016-05-26 10:36:40,B,-42.2748,-73.1366
84494_2,2016-05-26 11:52:01,A,-42.3472,-72.83
84494_2,2016-05-26 11:56:59,B,-42.3496,-72.824
84494_2,2016-05-26 13:02:57,B,-42.3794,-72.7485
84494_2,2016-05-26 14:37:25,B,-42.5055,-72.6605
84494_2,2016-05-26 18:02:08,B,-42.5903,-72.3979
84494_2,2016-05-26 19:45:42,B,-42.2982,-72.9166
84494_2,2016-05-26 23:08:41,B,-42.289,-73.018
84494_2,2016-05-27 00:32:01,B,-42.2957,-73.0878
84494_2,2016-05-27 01:18:54,B,-42.3299,-72.9832
84494_2,2016-05-27 02:10:27,B,-42.3583,-72.9278
84494_2,2016-05-27 02:56:20,B,-42.4162,-72.8383
84494_2,2016-05-27 04:36:22,B,-42.4584,-72.7444
84494_2,2016-05-27 05:33:30,A,-42.3975,-72.75
84494_2,2016-05-27 07:13:41,0,-42.3886,-72.8177
84494_2,2016-05-27 09:41:27,B,-42.3998,-72.7811
84494_2,2016-05-27 10:07:53,B,-42.4191,-72.7474
84494_2,2016-05-27 10:07:53,B,-42.4201,-72.7467
84494_2,2016-05-27 11:22:35,B,-42.4132,-72.7259
84494_2,2016-05-27 11:45:10,B,-42.4153,-72.7356
84494_2,2016-05-27 12:40:07,B,-42.4175,-72.7264
84494_2,2016-05-27 13:01:33,B,-42.4179,-72.7153
84494_2,2016-05-27 13:34:22,B,-42.4129,-72.6901
84494_2,2016-05-27 14:21:15,B,-42.4147,-72.6611
84494_2,2016-05-27 15:14:04,B,-42.4119,-72.6365
84494_2,2016-05-27 20:58:11,A,-42.4917,-72.7386
84494_2,2016-05-27 21:08:54,B,-42.4635,-72.4932
84494_2,2016-05-27 22:23:06,B,-42.4876,-72.782
84494_2,2016-05-27 22:23:06,B,-42.4868,-72.7819
84494_2,2016-05-27 22:39:10,A,-42.4626,-72.8026
84494_2,2016-05-28 00:01:26,B,-42.4696,-72.8523
84494_2,2016-05-28 00:01:26,B,-42.4668,-72.843
84494_2,2016-05-28 00:54:09,B,-42.4721,-72.8774
84494_2,2016-05-28 02:39:51,A,-42.4706,-72.9373
84494_2,2016-05-28 03:29:48,B,-42.4737,-72.9631
84494_2,2016-05-28 04:11:57,1,-42.4448,-72.9969
84494_2,2016-05-28 05:20:25,A,-42.5866,-72.9775
84494_2,2016-05-28 07:01:51,A,-42.4824,-73.014
84494_2,2016-05-28 08:08:56,B,-42.4883,-73.0427
84494_2,2016-05-28 08:40:02,B,-42.5404,-72.9074
84494_2,2016-05-28 09:45:09,B,-42.4991,-72.8041
84494_2,2016-05-28 09:52:43,B,-42.5266,-72.8696
84494_2,2016-05-28 10:47:18,B,-42.4944,-72.8407
84494_2,2016-05-28 11:28:22,B,-42.5095,-72.8309
84494_2,2016-05-28 11:30:17,B,-42.5078,-72.84
84494_2,2016-05-28 12:14:42,B,-42.5151,-72.9055
84494_2,2016-05-28 12:29:41,B,-42.5039,-72.8768
84494_2,2016-05-28 13:55:43,B,-42.5626,-72.8888
84494_2,2016-05-28 14:48:01,B,-42.5724,-72.8759
84494_2,2016-05-28 15:40:33,B,-42.5745,-72.8738
84494_2,2016-05-28 19:17:43,A,-42.4926,-72.5093
84494_2,2016-05-28 20:29:00,B,-42.5025,-72.6446
84494_2,2016-05-28 21:00:57,B,-42.4824,-72.9315
84494_2,2016-05-28 22:02:34,B,-42.482,-72.9321
84494_2,2016-05-28 22:05:44,B,-42.4952,-72.9438
84494_2,2016-05-28 22:15:31,B,-42.4979,-72.944
84494_2,2016-05-28 23:37:00,B,-42.464,-72.924
84494_2,2016-05-28 23:45:32,B,-42.4933,-72.9525
84494_2,2016-05-28 23:51:10,B,-42.4755,-72.9586
84494_2,2016-05-29 01:17:15,B,-42.4714,-72.9707
84494_2,2016-05-29 01:34:05,B,-42.4761,-72.9683
84494_2,2016-05-29 02:09:59,B,-42.4632,-72.9407
84494_2,2016-05-29 03:08:42,B,-42.435,-72.9484
84494_2,2016-05-29 05:09:00,B,-42.4266,-72.9575
84494_2,2016-05-29 06:44:49,0,-42.4831,-72.887
84494_2,2016-05-29 08:28:23,B,-42.4866,-72.8611
84494_2,2016-05-29 09:19:22,2,-42.4896,-72.8232
84494_2,2016-05-29 09:43:54,B,-42.4919,-72.8258
84494_2,2016-05-29 10:18:32,0,-42.4776,-72.8224
84494_2,2016-05-29 11:04:29,B,-42.4767,-72.8044
84494_2,2016-05-29 11:20:01,B,-42.4889,-72.7818
84494_2,2016-05-29 13:37:41,B,-42.5237,-72.7794
84494_2,2016-05-29 15:21:22,B,-42.5356,-72.7571
84494_2,2016-05-29 19:11:23,B,-42.5359,-72.7326
84494_2,2016-05-29 19:56:52,B,-42.5223,-72.7447
84494_2,2016-05-29 20:51:09,B,-42.5145,-72.6647
84494_2,2016-05-29 21:30:14,B,-42.4512,-72.6301
84494_2,2016-05-29 21:30:44,B,-42.5051,-72.635
84494_2,2016-05-29 23:10:36,A,-42.4491,-72.5752
84494_2,2016-05-29 23:16:13,B,-42.4975,-72.8052
84494_2,2016-05-29 23:42:24,B,-42.4935,-72.8101
84494_2,2016-05-30 00:54:28,B,-42.4796,-72.7566
84494_2,2016-05-30 01:25:03,B,-42.4741,-72.735
84494_2,2016-05-30 01:51:15,B,-42.5042,-72.8352
84494_2,2016-05-30 03:29:36,1,-42.5417,-72.9661
84494_2,2016-05-30 06:41:02,B,-42.5796,-72.8926
84494_2,2016-05-30 08:16:20,B,-42.6001,-72.9165
84494_2,2016-05-30 08:53:45,2,-42.5731,-72.8959
84494_2,2016-05-30 09:32:48,0,-42.5873,-72.8712
84494_2,2016-05-30 09:47:43,B,-42.5617,-72.9104
84494_2,2016-05-30 10:34:24,B,-42.5613,-72.9036
84494_2,2016-05-30 11:07:55,B,-42.5405,-72.8836
84494_2,2016-05-30 11:25:38,B,-42.5381,-72.8832
84494_2,2016-05-30 11:38:06,B,-42.5359,-72.8838
84494_2,2016-05-30 14:06:49,B,-42.5148,-72.8763
84494_2,2016-05-30 14:56:53,B,-42.5137,-72.8712
84494_2,2016-05-30 19:00:07,B,-42.5164,-72.9548
84494_2,2016-05-30 20:35:56,B,-42.4637,-73.0874
84494_2,2016-05-30 21:04:20,B,-42.4597,-73.0399
84494_2,2016-05-30 21:46:29,B,-42.5349,-73.0696
84494_2,2016-05-30 22:19:34,B,-42.5481,-73.0887
84494_2,2016-05-30 22:44:11,A,-42.4854,-73.1433
84494_2,2016-05-30 22:47:16,A,-42.4747,-73.1438
84494_2,2016-05-30 23:36:14,B,-42.5065,-73.1749
84494_2,2016-05-31 00:30:23,B,-42.5181,-73.1903
84494_2,2016-05-31 01:11:26,B,-42.5213,-73.1796
84494_2,2016-05-31 01:38:09,B,-42.5933,-73.2134
84494_2,2016-05-31 02:26:30,A,-42.505,-72.9628
84494_2,2016-05-31 03:16:10,2,-42.5437,-72.9428
84494_2,2016-05-31 04:46:24,B,-42.5509,-72.857
84494_2,2016-05-31 06:27:36,0,-42.5504,-72.9592
84494_2,2016-05-31 08:03:56,2,-42.5311,-72.9435
84494_2,2016-05-31 09:21:30,0,-42.4819,-72.9153
84494_2,2016-05-31 10:08:57,B,-42.4592,-72.8948
84494_2,2016-05-31 11:17:42,B,-42.4375,-72.8759
84494_2,2016-05-31 11:51:22,B,-42.4359,-72.8975
84494_2,2016-05-31 12:53:25,B,-42.4179,-72.8673
84494_2,2016-05-31 13:45:20,B,-42.3989,-72.8269
84494_2,2016-05-31 14:38:58,A,-42.4744,-73.1123
84494_2,2016-05-31 18:44:48,B,-42.466,-73.4195
84494_2,2016-05-31 20:32:07,B,-42.3896,-73.2194
84494_2,2016-05-31 20:32:30,B,-42.4688,-73.5441
84494_2,2016-05-31 22:04:15,B,-42.4545,-73.2975
84494_2,2016-05-31 22:14:08,0,-42.433,-73.2355
84494_2,2016-05-31 23:19:55,B,-42.4596,-73.3046
84494_2,2016-05-31 23:55:45,B,-42.4667,-73.2243
84494_2,2016-06-01 00:05:49,B,-42.4545,-73.2209
84494_2,2016-06-01 00:57:12,B,-42.4435,-73.1372
84494_2,2016-06-01 01:15:50,B,-42.4431,-73.1374
84494_2,2016-06-01 02:46:51,B,-42.4078,-73.0993
84494_2,2016-06-01 03:43:56,B,-42.4592,-73.0917
84494_2,2016-06-01 04:35:52,B,-42.4772,-73.0314
84494_2,2016-06-01 06:19:59,A,-42.448,-73.1364
84494_2,2016-06-01 08:00:01,B,-42.4248,-73.1264
84494_2,2016-06-01 09:39:09,B,-42.4232,-73.1152
84494_2,2016-06-01 10:27:15,B,-42.422,-73.1076
84494_2,2016-06-01 10:50:58,B,-42.4267,-73.1045
84494_2,2016-06-01 11:29:24,B,-42.4265,-73.0975
84494_2,2016-06-01 12:02:52,B,-42.4024,-72.9389
84494_2,2016-06-01 12:37:57,B,-42.4274,-72.9057
84494_2,2016-06-01 13:24:14,B,-42.4328,-72.9036
84494_2,2016-06-01 14:14:31,B,-42.4768,-72.9282
84494_2,2016-06-01 18:32:12,A,-42.5303,-72.8912
84494_2,2016-06-01 20:15:26,B,-42.5146,-72.9899
84494_2,2016-06-01 21:39:00,B,-42.4663,-73.0042
84494_2,2016-06-01 23:07:32,B,-42.3854,-73.1281
84494_2,2016-06-01 23:19:31,B,-42.3873,-73.1293
84494_2,2016-06-01 23:36:24,A,-42.3483,-73.0963
84494_2,2016-06-02 01:14:47,B,-42.3199,-73.1271
84494_2,2016-06-02 02:31:23,B,-42.2856,-73.0984
84494_2,2016-06-02 03:21:54,B,-42.2608,-73.0543
84494_2,2016-06-02 04:13:13,B,-42.2261,-72.9385
84494_2,2016-06-02 05:59:06,A,-42.2397,-72.7531
84494_2,2016-06-02 08:56:34,B,-42.1878,-72.8948
84494_2,2016-06-02 09:19:12,0,-42.174,-72.8963
84494_2,2016-06-02 10:39:19,B,-42.2068,-72.8779
84494_2,2016-06-02 10:56:30,A,-42.2167,-72.9619
84494_2,2016-06-02 12:11:30,B,-42.2216,-72.8971
84494_2,2016-06-02 13:07:19,B,-42.22,-72.8981
84494_2,2016-06-02 13:52:45,A,-42.1004,-73.0571
84494_2,2016-06-02 14:51:09,B,-42.2081,-72.8403
84494_2,2016-06-02 18:19:59,B,-42.251,-72.8825
84494_2,2016-06-02 19:59:50,0,-42.3528,-72.8462
84494_2,2016-06-02 21:29:55,B,-42.3772,-72.7981
84494_2,2016-06-02 22:47:21,B,-42.3435,-72.8126
84494_2,2016-06-02 23:13:38,0,-42.3113,-72.644
84494_2,2016-06-03 00:30:15,B,-42.3408,-72.8055
84494_2,2016-06-03 00:33:58,B,-42.3407,-72.8861
84494_2,2016-06-03 00:51:37,B,-42.3553,-72.8841
84494_2,2016-06-03 02:11:40,1,-42.3132,-72.8565
84494_2,2016-06-03 03:06:32,B,-42.2965,-72.8424
84494_2,2016-06-03 07:36:10,A,-42.3676,-72.9206
84494_2,2016-06-03 09:00:01,B,-42.3634,-72.912
84494_2,2016-06-03 09:19:53,B,-42.3607,-72.8441
84494_2,2016-06-03 10:27:26,0,-42.2822,-72.9179
84494_2,2016-06-03 10:33:32,1,-42.2837,-72.9164
84494_2,2016-06-03 11:02:28,B,-42.3297,-72.8725
84494_2,2016-06-03 12:05:41,B,-42.2446,-72.934
84494_2,2016-06-03 12:39:00,B,-42.2801,-72.9721
84494_2,2016-06-03 13:36:18,B,-42.2563,-73.0064
84494_2,2016-06-03 14:28:55,B,-42.2826,-73.0163
84494_2,2016-06-03 15:12:22,0,-42.3222,-72.8868
84494_2,2016-06-03 18:10:00,B,-42.2857,-72.8571
84494_2,2016-06-03 19:47:58,0,-42.2901,-72.9112
84494_2,2016-06-03 20:43:19,B,-42.2964,-72.907
84494_2,2016-06-03 21:29:15,B,-42.3143,-72.9199
84494_2,2016-06-03 22:16:42,B,-42.2814,-72.8953
84494_2,2016-06-03 22:43:12,B,-42.3249,-72.9109
84494_2,2016-06-03 22:44:59,B,-42.3056,-72.9191
84494_2,2016-06-04 00:01:40,B,-42.3144,-72.9208
84494_2,2016-06-04 00:23:53,B,-42.3129,-72.9197
84494_2,2016-06-04 01:47:18,B,-42.3239,-72.912
84494_2,2016-06-04 02:41:43,0,-42.3573,-72.9808
84494_2,2016-06-04 03:26:10,1,-42.3504,-72.9378
84494_2,2016-06-04 07:25:20,1,-42.4383,-72.9508
84494_2,2016-06-04 08:28:04,B,-42.4407,-72.9511
84494_2,2016-06-04 08:37:04,B,-42.4556,-72.9492
84494_2,2016-06-04 10:08:47,B,-42.6108,-72.9218
84494_2,2016-06-04 10:16:04,0,-42.4825,-73.2015
84494_2,2016-06-04 10:28:12,1,-42.5441,-72.9768
84494_2,2016-06-04 11:37:31,B,-42.5678,-73.0166
84494_2,2016-06-04 11:47:21,B,-42.5709,-73.0235
84494_2,2016-06-04 12:06:43,B,-42.5305,-73.0469
84494_2,2016-06-04 13:14:53,B,-42.5337,-73.089
84494_2,2016-06-04 14:03:05,B,-42.5363,-73.0916
84494_2,2016-06-04 18:00:48,B,-42.5045,-73.1579
84494_2,2016-06-04 19:46:05,B,-42.4858,-72.9861
84494_2,2016-06-04 21:26:16,B,-42.526,-73.0479
84494_2,2016-06-04 21:51:26,A,-42.5295,-73.1252
84494_2,2016-06-04 22:22:22,A,-42.5359,-73.0143
84494_2,2016-06-04 23:30:31,A,-42.57,-73.0872
84494_2,2016-06-05 00:01:47,B,-42.5617,-73.1316
84494_2,2016-06-05 00:09:21,0,-42.5545,-72.9875
84494_2,2016-06-05 01:26:59,B,-42.5645,-72.9968
84494_2,2016-06-05 02:23:28,A,-42.529,-73.039
84494_2,2016-06-05 03:11:02,0,-42.5336,-73.0585
84494_2,2016-06-05 04:00:29,B,-42.5328,-73.0759
84494_2,2016-06-05 04:47:10,B,-42.5441,-73.0833
84494_2,2016-06-05 05:30:17,0,-42.4761,-73.0245
84494_2,2016-06-05 07:12:18,1,-42.4583,-73.0564
84494_2,2016-06-05 08:05:58,B,-42.439,-73.0709
84494_2,2016-06-05 08:19:44,B,-42.5029,-73.1276
84494_2,2016-06-05 08:49:39,B,-42.4527,-73.0612
84494_2,2016-06-05 09:42:47,A,-42.562,-73.0644
84494_2,2016-06-05 10:00:12,A,-42.5844,-73.0723
84494_2,2016-06-05 10:02:33,B,-42.5728,-73.0828
84494_2,2016-06-05 11:21:57,B,-42.5988,-73.0872
84494_2,2016-06-05 11:33:02,B,-42.5861,-73.1006
84494_2,2016-06-05 11:44:15,B,-42.5868,-73.1028
84494_2,2016-06-05 12:51:56,A,-42.5854,-72.9803
84494_2,2016-06-05 14:32:10,B,-42.5337,-72.9894
84494_2,2016-06-05 19:36:48,B,-42.6569,-72.6561
84494_2,2016-06-05 21:09:21,A,-42.4697,-72.8743
84494_2,2016-06-05 21:16:45,B,-42.5442,-72.8493
84494_2,2016-06-05 22:00:31,B,-42.5285,-72.8614
84494_2,2016-06-05 22:20:48,B,-42.5291,-72.9237
84494_2,2016-06-05 22:52:48,B,-42.5291,-72.9446
84494_2,2016-06-05 23:38:35,B,-42.536,-72.961
84494_2,2016-06-06 00:07:26,B,-42.5354,-72.9564
84494_2,2016-06-06 01:07:09,B,-42.5224,-72.9755
84494_2,2016-06-06 01:15:00,B,-42.4802,-72.973
84494_2,2016-06-06 02:51:56,0,-42.5022,-73.1234
84494_2,2016-06-06 05:16:01,B,-42.4827,-73.2385
84494_2,2016-06-06 06:56:31,B,-42.4515,-73.3089
84494_2,2016-06-06 08:38:28,A,-42.5563,-72.8276
84494_2,2016-06-06 09:18:28,B,-42.576,-72.8118
84494_2,2016-06-06 09:51:40,B,-42.5728,-72.7948
84494_2,2016-06-06 10:58:21,B,-42.5904,-72.7567
84494_2,2016-06-06 12:31:04,B,-42.6307,-72.9938
84494_2,2016-06-06 12:44:21,B,-42.5689,-72.6788
84494_2,2016-06-06 13:22:46,B,-42.5422,-72.6992
84494_2,2016-06-06 19:13:08,B,-42.5102,-72.608
84494_2,2016-06-06 20:44:03,B,-42.5336,-72.9828
84494_2,2016-06-06 21:05:28,B,-42.4946,-72.5745
84494_2,2016-06-06 21:33:24,B,-42.594,-72.8909
84494_2,2016-06-06 22:21:26,B,-42.6068,-72.9434
84494_2,2016-06-06 23:08:49,B,-42.6104,-72.9841
84494_2,2016-06-06 23:47:34,B,-42.6263,-73.0103
84494_2,2016-06-07 00:03:49,B,-42.6139,-72.9063
84494_2,2016-06-07 00:50:03,B,-42.6208,-72.9469
84494_2,2016-06-07 02:26:54,A,-42.5017,-73.0082
84494_2,2016-06-07 03:17:15,B,-42.4886,-73.0494
84494_2,2016-06-07 04:07:43,B,-42.4829,-73.0848
84494_2,2016-06-07 05:08:06,0,-42.395,-72.8505
84494_2,2016-06-07 06:49:36,A,-42.3905,-72.8271
84494_2,2016-06-07 08:25:41,0,-42.3746,-72.8879
84494_2,2016-06-07 09:00:06,B,-42.3622,-72.8841
84494_2,2016-06-07 09:41:09,A,-42.3956,-72.8993
84494_2,2016-06-07 10:32:44,A,-42.3988,-72.8317
84494_2,2016-06-07 10:33:48,B,-42.4155,-72.8503
84494_2,2016-06-07 11:18:05,A,-42.3875,-72.7828
84494_2,2016-06-07 12:10:32,B,-42.4048,-72.8318
84494_2,2016-06-07 12:16:32,B,-42.3519,-72.7926
84494_2,2016-06-07 13:58:04,B,-42.3221,-72.7518
84494_2,2016-06-07 15:29:36,B,-42.3792,-72.8973
84494_2,2016-06-07 19:05:42,A,-42.3191,-72.85
84494_2,2016-06-07 20:44:33,A,-42.3173,-72.8813
84494_2,2016-06-07 21:55:51,B,-42.3157,-72.8864
84494_2,2016-06-07 21:56:14,B,-42.2057,-72.8395
84494_2,2016-06-07 22:43:50,B,-42.102,-72.7941
84494_2,2016-06-07 23:31:47,A,-42.421,-72.92
84494_2,2016-06-07 23:36:52,1,-42.4232,-72.9517
84494_2,2016-06-08 00:30:42,B,-42.4568,-72.9755
84494_2,2016-06-08 01:16:51,B,-42.544,-72.8021
84494_2,2016-06-08 02:04:56,A,-42.4787,-72.8767
84494_2,2016-06-08 03:05:23,B,-42.489,-72.8868
84494_2,2016-06-08 03:42:48,B,-42.4887,-72.884
84494_2,2016-06-08 04:56:20,B,-42.4844,-72.8822
84494_2,2016-06-08 06:38:10,B,-42.3797,-72.8635
84494_2,2016-06-08 07:45:39,B,-42.3616,-72.8648
84494_2,2016-06-08 08:14:13,A,-42.3385,-72.7295
84494_2,2016-06-08 08:31:59,B,-42.3392,-72.7321
84494_2,2016-06-08 09:27:19,0,-42.3719,-72.8669
84494_2,2016-06-08 10:04:52,A,-42.3622,-72.8426
84494_2,2016-06-08 10:08:21,A,-42.3558,-72.8475
84494_2,2016-06-08 11:11:03,A,-42.3717,-72.8624
84494_2,2016-06-08 11:44:03,B,-42.3587,-72.8681
84494_2,2016-06-08 11:53:39,B,-42.3598,-72.868
84494_2,2016-06-08 11:53:39,B,-42.3582,-72.8672
84494_2,2016-06-08 13:37:27,B,-42.3564,-72.8944
84494_2,2016-06-08 14:27:52,B,-42.3567,-72.9031
84494_2,2016-06-08 21:17:14,B,-42.3041,-73.0032
84494_2,2016-06-08 21:45:01,B,-42.2478,-72.9694
84494_2,2016-06-08 22:59:16,B,-42.17,-72.8267
84494_2,2016-06-09 01:12:39,B,-42.1599,-72.8367
84494_2,2016-06-09 01:46:49,B,-42.1743,-72.8392
84494_2,2016-06-09 02:43:32,B,-42.1941,-72.8705
84494_2,2016-06-09 03:31:33,B,-42.2826,-72.8887
84494_2,2016-06-09 09:10:15,B,-42.6004,-72.9752
84494_2,2016-06-09 11:10:49,A,-42.7016,-72.9331
84494_2,2016-06-09 11:23:35,B,-42.7212,-72.906
84494_2,2016-06-09 11:31:42,B,-42.7259,-72.9054
84494_2,2016-06-09 12:49:17,B,-42.6833,-72.8756
84494_2,2016-06-09 13:05:25,B,-42.6856,-72.8879
84494_2,2016-06-09 18:43:00,B,-42.6169,-72.8594
84494_2,2016-06-09 20:20:57,B,-42.6449,-72.8343
84494_2,2016-06-09 20:54:10,B,-42.6319,-72.8203
84494_2,2016-06-09 21:37:22,B,-42.5407,-72.8645
84494_2,2016-06-09 22:00:27,B,-42.5329,-72.8644
84494_2,2016-06-09 22:08:43,B,-42.5193,-72.8942
84494_2,2016-06-09 22:27:29,B,-42.5371,-72.8774
84494_2,2016-06-09 23:10:28,0,-42.4933,-72.8598
84494_2,2016-06-09 23:42:52,1,-42.5371,-72.8674
84494_2,2016-06-10 00:07:50,A,-42.4449,-72.9483
84494_2,2016-06-10 00:57:46,B,-42.4713,-72.8983
84494_2,2016-06-10 01:16:55,B,-42.5252,-72.9261
84494_2,2016-06-10 01:23:26,B,-42.5282,-72.9277
84494_2,2016-06-10 03:06:51,A,-42.4806,-72.9551
84494_2,2016-06-10 04:48:16,B,-42.4708,-72.7815
84494_2,2016-06-10 06:15:56,B,-42.4302,-72.7252
84494_2,2016-06-10 07:56:07,B,-42.3538,-72.7239
84494_2,2016-06-10 09:21:37,1,-42.3029,-72.944
84494_2,2016-06-10 10:42:06,B,-42.3069,-72.994
84494_2,2016-06-10 10:48:19,A,-42.3149,-72.911
84494_2,2016-06-10 11:03:26,B,-42.2848,-72.9625
84494_2,2016-06-10 12:19:37,B,-42.2987,-72.9527
84494_2,2016-06-10 14:24:29,B,-42.2754,-72.9816
84494_2,2016-06-10 20:16:54,B,-42.1846,-73.0793
84494_2,2016-06-10 21:31:19,B,-42.192,-73.0129
84494_2,2016-06-10 21:57:19,B,-42.2348,-72.8926
84494_2,2016-06-10 21:59:04,1,-42.1743,-72.8684
84494_2,2016-06-10 23:04:54,B,-42.1481,-72.8783
84494_2,2016-06-10 23:18:14,0,-42.1222,-72.8724
84494_2,2016-06-11 01:55:04,B,-42.0872,-72.8984
84494_2,2016-06-11 02:41:57,0,-42.1178,-72.8729
84494_2,2016-06-11 07:36:39,B,-42.0934,-72.8409
84494_2,2016-06-11 08:52:39,B,-42.1193,-72.8733
84494_2,2016-06-11 08:54:00,B,-42.1207,-72.8765
84494_2,2016-06-11 10:05:29,B,-42.1467,-72.9524
84494_2,2016-06-11 10:30:58,B,-42.1763,-73.0008
84494_2,2016-06-11 10:30:58,B,-42.1821,-72.9975
84494_2,2016-06-11 11:44:47,B,-42.2258,-72.9407
84494_2,2016-06-11 13:25:41,B,-42.2458,-72.9301
84494_2,2016-06-11 13:25:41,B,-42.2519,-72.9253
84494_2,2016-06-11 14:12:03,B,-42.223,-72.8874
84494_2,2016-06-11 18:19:47,B,-42.1293,-72.9158
84494_2,2016-06-11 19:58:45,B,-41.8832,-72.816
84494_2,2016-06-11 22:48:28,B,-41.877,-72.8684
84494_2,2016-06-11 22:49:19,A,-41.9028,-72.9152
84494_2,2016-06-12 00:29:11,B,-41.7558,-73.019
84494_2,2016-06-12 00:29:35,B,-41.774,-73.0361
84494_2,2016-06-12 01:41:54,B,-41.7197,-73.0654
84494_2,2016-06-12 02:31:10,B,-41.7442,-73.0645
84494_2,2016-06-12 04:00:40,B,-41.6983,-73.0905
84494_2,2016-06-12 07:25:59,B,-41.6461,-73.1509
84494_2,2016-06-12 08:27:13,B,-41.8278,-73.0523
84494_2,2016-06-12 08:38:21,B,-41.8708,-73.0929
84494_2,2016-06-12 09:35:45,B,-42.0204,-73.3218
84494_2,2016-06-12 10:07:19,A,-42.129,-73.432
84494_2,2016-06-12 11:22:08,B,-42.3347,-73.4655
84494_2,2016-06-12 11:46:56,B,-42.2061,-73.4573
84494_2,2016-06-12 11:56:47,B,-42.1775,-73.3242
84494_2,2016-06-12 13:46:27,B,-42.2137,-73.3344
84494_2,2016-06-12 15:31:07,A,-42.2133,-73.0523
84494_2,2016-06-12 20:54:33,B,-42.3958,-72.9082
84494_2,2016-06-12 21:35:06,A,-41.9373,-72.835
84494_2,2016-06-12 22:22:25,0,-42.1713,-73.2662
84494_2,2016-06-12 22:40:26,B,-42.1924,-73.2383
84494_2,2016-06-12 22:40:26,B,-42.1964,-73.2387
84494_2,2016-06-13 00:14:06,B,-42.1892,-73.2884
84494_2,2016-06-13 00:17:54,A,-42.182,-73.2722
84494_2,2016-06-13 05:34:20,B,-42.1884,-73.3196
84494_2,2016-06-13 07:24:02,B,-42.2188,-73.3567
84494_2,2016-06-13 08:28:30,B,-42.2859,-73.1692
84494_2,2016-06-13 09:42:26,B,-42.2458,-73.0871
84494_2,2016-06-13 10:12:32,B,-42.2314,-73.0764
84494_2,2016-06-13 10:45:48,B,-42.2197,-73.244
84494_2,2016-06-13 11:26:33,B,-42.2004,-73.2577
84494_2,2016-06-13 11:50:15,B,-42.2012,-73.3017
84494_2,2016-06-13 11:52:04,B,-42.1992,-73.2944
84494_2,2016-06-13 13:24:26,B,-42.1886,-73.3827
84494_2,2016-06-13 15:09:50,A,-42.1871,-73.1192
84494_2,2016-06-13 19:36:46,B,-42.0773,-73.1099
84494_2,2016-06-13 21:17:09,B,-42.0261,-73.2264
84494_2,2016-06-13 21:58:37,B,-42.0408,-73.1819
84494_2,2016-06-13 22:04:21,B,-42.187,-73.1283
84494_2,2016-06-13 23:36:38,B,-42.1199,-73.2503
84494_2,2016-06-13 23:48:08,B,-42.1208,-73.2524
84494_2,2016-06-14 00:13:09,A,-42.0943,-73.1509
84494_2,2016-06-14 01:44:22,B,-42.0812,-73.086
84494_2,2016-06-14 02:35:47,B,-42.0946,-73.0527
84494_2,2016-06-14 03:25:58,B,-42.0938,-73.1873
84494_2,2016-06-14 05:27:07,B,-42.128,-73.2206
84494_2,2016-06-14 07:13:34,B,-42.1408,-73.2611
84494_2,2016-06-14 08:46:31,B,-42.2933,-73.259
84494_2,2016-06-14 09:15:59,B,-42.4138,-73.3084
84494_2,2016-06-14 10:15:20,B,-42.2941,-73.2505
84494_2,2016-06-14 11:27:46,B,-42.2678,-73.2667
84494_2,2016-06-14 11:55:38,A,-42.2257,-73.0102
84494_2,2016-06-14 13:02:29,B,-42.2159,-72.9592
84494_2,2016-06-14 14:04:50,B,-42.2031,-72.9122
84494_2,2016-06-14 14:48:03,B,-42.2294,-73.0797
84494_2,2016-06-14 19:29:28,B,-42.2046,-73.2218
84494_2,2016-06-14 21:06:13,B,-42.2128,-73.3127
84494_2,2016-06-14 21:32:12,B,-42.2171,-73.3288
84494_2,2016-06-14 21:34:54,B,-42.2528,-73.3058
84494_2,2016-06-14 22:12:33,B,-42.2136,-73.3521
84494_2,2016-06-14 23:15:35,B,-42.2192,-73.3744
84494_2,2016-06-14 23:16:33,B,-42.2486,-73.3445
84494_2,2016-06-14 23:52:41,B,-42.2536,-73.3553
84494_2,2016-06-15 01:38:24,B,-42.2845,-73.3664
84494_2,2016-06-15 02:10:15,B,-42.2607,-73.24
84494_2,2016-06-15 04:41:57,B,-42.2631,-73.056
84494_2,2016-06-15 05:17:10,A,-42.33,-73.0121
84494_2,2016-06-15 08:57:52,B,-42.4948,-72.8552
84494_2,2016-06-15 09:41:25,B,-42.3438,-73.0368
84494_2,2016-06-15 09:42:10,B,-42.3721,-73.071
84494_2,2016-06-15 10:33:56,B,-42.391,-73.0436
84494_2,2016-06-15 11:23:21,A,-42.3858,-73.3105
84494_2,2016-06-15 11:25:40,B,-42.3715,-73.2582
84494_2,2016-06-15 14:25:46,B,-42.4093,-73.3798
84494_2,2016-06-15 20:57:43,B,-42.5127,-73.7499
84494_2,2016-06-15 20:57:43,B,-42.5221,-73.7286
84494_2,2016-06-15 21:08:07,B,-42.3626,-73.3688
84494_2,2016-06-15 22:01:02,B,-42.3886,-73.4279
84494_2,2016-06-15 22:44:02,B,-42.4395,-73.4865
84494_2,2016-06-15 22:44:57,B,-42.4394,-73.4846
84494_2,2016-06-15 23:42:23,B,-42.4078,-73.4936
84494_2,2016-06-16 00:20:56,B,-42.3683,-73.3294
84494_2,2016-06-16 00:33:01,B,-42.381,-73.3316
84494_2,2016-06-16 01:02:16,B,-42.402,-73.4147
84494_2,2016-06-16 02:41:28,B,-42.4087,-73.3857
84494_2,2016-06-16 04:23:39,B,-42.4032,-73.3743
84494_2,2016-06-16 05:09:13,B,-42.4285,-73.3943
84494_2,2016-06-16 06:47:03,B,-42.4331,-73.3768
84494_2,2016-06-16 08:21:48,B,-42.4048,-73.3913
84494_2,2016-06-16 08:32:40,B,-42.4028,-73.3981
84494_2,2016-06-16 10:10:54,B,-42.4289,-73.4042
84494_2,2016-06-16 10:53:19,A,-42.4281,-73.6053
84494_2,2016-06-16 11:50:49,A,-42.4097,-73.4699
84494_2,2016-06-16 12:23:33,B,-42.4268,-73.4827
84494_2,2016-06-16 12:31:19,B,-42.4405,-73.4816
84494_2,2016-06-16 13:59:22,0,-42.2645,-73.435
84494_2,2016-06-16 19:03:59,B,-42.3103,-73.4188
84494_2,2016-06-16 20:40:23,A,-42.408,-73.4374
84494_2,2016-06-16 21:54:07,B,-42.4148,-73.4421
84494_2,2016-06-16 22:11:42,A,-42.4254,-73.35
84494_2,2016-06-16 22:24:20,0,-42.4488,-73.4781
84494_2,2016-06-16 22:26:21,B,-42.4131,-73.442
84494_2,2016-06-16 23:32:38,B,-42.4574,-73.4351
84494_2,2016-06-16 23:45:43,0,-42.4581,-73.4511
84494_2,2016-06-17 00:10:47,B,-42.4715,-73.474
84494_2,2016-06-17 01:13:20,B,-42.4746,-73.4608
84494_2,2016-06-17 01:42:53,B,-42.481,-73.4596
84494_2,2016-06-17 02:28:17,B,-42.5747,-73.1491
84494_2,2016-06-17 03:12:27,B,-42.5736,-73.1161
84494_2,2016-06-17 06:27:56,B,-42.5405,-73.1679
84494_2,2016-06-17 08:05:43,B,-42.5572,-73.4063
84494_2,2016-06-17 09:43:29,B,-42.5023,-73.3976
84494_2,2016-06-17 10:14:49,B,-42.5527,-73.3975
84494_2,2016-06-17 11:05:30,B,-42.5135,-73.408
84494_2,2016-06-17 11:28:55,B,-42.5117,-73.4071
84494_2,2016-06-17 11:58:52,0,-42.4138,-73.4974
84494_2,2016-06-17 12:04:52,A,-42.458,-73.4978
84494_2,2016-06-17 13:44:18,B,-42.3928,-73.5532
84494_2,2016-06-17 18:50:32,B,-42.3751,-73.5452
84494_2,2016-06-17 20:29:45,A,-42.483,-73.3894
84494_2,2016-06-17 21:38:26,A,-42.3851,-73.5052
84494_2,2016-06-17 21:38:33,B,-42.4828,-73.3823
84494_2,2016-06-17 21:58:50,B,-42.4306,-73.5324
84494_2,2016-06-17 22:14:17,B,-42.4423,-73.3478
84494_2,2016-06-17 23:13:31,A,-42.4467,-73.3584
84494_2,2016-06-17 23:26:57,A,-42.3774,-73.3268
84494_2,2016-06-17 23:35:18,B,-42.3741,-73.3291
84494_2,2016-06-18 01:04:57,B,-42.3525,-73.289
84494_2,2016-06-18 01:58:30,A,-42.4723,-73.4494
84494_2,2016-06-18 02:53:18,B,-42.4803,-73.4822
84494_2,2016-06-18 03:35:14,B,-42.4543,-73.4217
84494_2,2016-06-18 06:22:37,A,-42.4198,-73.4927
84494_2,2016-06-18 08:02:39,B,-42.4062,-73.5223
84494_2,2016-06-18 09:08:10,B,-42.3847,-73.5239
84494_2,2016-06-18 09:23:48,B,-42.3824,-73.5266
84494_2,2016-06-18 09:48:27,B,-42.3674,-73.5669
84494_2,2016-06-18 10:48:18,B,-42.3817,-73.6054
84494_2,2016-06-18 11:00:29,B,-42.3828,-73.6082
84494_2,2016-06-18 11:28:32,B,-42.3148,-73.7245
84494_2,2016-06-18 11:46:08,B,-42.3058,-73.7478
84494_2,2016-06-18 13:07:05,A,-42.173,-73.5691
84494_2,2016-06-18 13:21:37,B,-42.2552,-73.4782
84494_2,2016-06-18 14:15:28,B,-42.4277,-73.4242
84494_2,2016-06-18 15:03:18,B,-42.4419,-73.4187
84494_2,2016-06-18 20:22:47,B,-42.4443,-73.4168
84494_2,2016-06-18 21:06:38,A,-42.4187,-73.4104
84494_2,2016-06-18 22:03:03,B,-42.4098,-73.4042
84494_2,2016-06-18 22:51:59,B,-42.4038,-73.3962
84494_2,2016-06-18 23:12:33,B,-42.3917,-73.3981
84494_2,2016-06-19 00:54:58,B,-42.3774,-73.387
84494_2,2016-06-19 00:54:58,B,-42.384,-73.3894
84494_2,2016-06-19 01:41:13,A,-42.3653,-73.2437
84494_2,2016-06-19 03:23:16,B,-42.3182,-73.1699
84494_2,2016-06-19 06:11:13,B,-42.3771,-73.2416
84494_2,2016-06-19 10:34:56,1,-42.3866,-73.2036
84494_2,2016-06-19 10:36:09,A,-42.3852,-73.1983
84494_2,2016-06-19 10:57:06,B,-42.3918,-73.2161
84494_2,2016-06-19 12:38:02,B,-42.4048,-73.1114
84494_2,2016-06-19 13:08:33,A,-42.3885,-73.0749
84494_2,2016-06-19 13:59:16,B,-42.4104,-73.0471
84494_2,2016-06-19 14:41:05,B,-42.4735,-72.9983
84494_2,2016-06-19 18:30:48,B,-42.5481,-72.7666
84494_2,2016-06-19 20:11:34,B,-42.4127,-73.0697
84494_2,2016-06-19 20:36:03,B,-42.3716,-73.0686
84494_2,2016-06-19 21:53:23,B,-42.3757,-73.072
84494_2,2016-06-19 22:17:05,B,-42.3856,-73.1415
84494_2,2016-06-19 22:51:00,1,-42.3435,-73.3095
84494_2,2016-06-19 22:57:04,B,-42.3203,-73.247
84494_2,2016-06-20 00:33:07,A,-42.3888,-73.3843
84494_2,2016-06-20 00:45:23,B,-42.3888,-73.3843
84494_2,2016-06-20 02:56:17,A,-42.4089,-73.5882
84494_2,2016-06-20 03:49:42,B,-42.4162,-73.6098
84494_2,2016-06-20 04:42:51,B,-42.3984,-73.5445
84494_2,2016-06-20 06:01:59,0,-42.3494,-73.2235
84494_2,2016-06-20 07:44:30,1,-42.3568,-73.1816
84494_2,2016-06-20 08:29:40,A,-42.3687,-73.2243
84494_2,2016-06-20 10:06:51,0,-42.3285,-73.2572
84494_2,2016-06-20 10:26:51,B,-42.3792,-73.1925
84494_2,2016-06-20 10:33:38,B,-42.3523,-73.1258
84494_2,2016-06-20 12:07:07,B,-42.371,-73.103
84494_2,2016-06-20 12:07:07,B,-42.3528,-73.111
84494_2,2016-06-20 12:43:01,B,-42.3871,-73.1134
84494_2,2016-06-20 14:21:46,A,-42.3048,-73.0493
84494_2,2016-06-20 18:17:44,A,-42.2637,-73.0826
84494_2,2016-06-20 19:57:18,B,-42.2861,-73.1559
84494_2,2016-06-20 21:42:56,A,-42.3843,-73.2828
84494_2,2016-06-20 21:45:44,B,-42.307,-73.1826
84494_2,2016-06-20 22:27:42,A,-42.3781,-73.4158
84494_2,2016-06-20 22:46:09,1,-42.356,-73.2899
84494_2,2016-06-20 23:25:31,A,-42.3956,-73.3125
84494_2,2016-06-21 00:08:16,A,-42.4048,-73.2811
84494_2,2016-06-21 00:33:23,A,-42.3851,-73.2519
84494_2,2016-06-21 00:57:34,B,-42.3949,-73.2565
84494_2,2016-06-21 02:44:20,B,-42.4334,-73.2745
84494_2,2016-06-21 03:31:23,B,-42.456,-73.2774
84494_2,2016-06-21 04:19:05,B,-42.4854,-73.2916
84494_2,2016-06-21 05:53:13,B,-42.4979,-73.2874
84494_2,2016-06-21 07:29:04,B,-42.4017,-73.2991
84494_2,2016-06-21 08:32:30,B,-42.4041,-73.3034
84494_2,2016-06-21 09:50:26,B,-42.4374,-73.3027
84494_2,2016-06-21 09:50:26,B,-42.4393,-73.3601
84494_2,2016-06-21 10:14:17,B,-42.4441,-73.3101
84494_2,2016-06-21 11:25:36,B,-42.4423,-73.3114
84494_2,2016-06-21 11:34:03,B,-42.4238,-73.3373
84494_2,2016-06-21 12:00:55,B,-42.4097,-73.3486
84494_2,2016-06-21 12:25:25,A,-42.296,-73.0835
84494_2,2016-06-21 13:58:30,A,-42.3427,-73.1482
84494_2,2016-06-21 19:43:53,B,-42.1199,-73.0336
84494_2,2016-06-21 21:15:59,B,-42.2024,-73.1994
84494_2,2016-06-21 21:25:25,A,-42.3933,-73.5997
84494_2,2016-06-21 21:57:22,B,-42.4113,-73.5641
84494_2,2016-06-21 22:41:38,B,-42.4423,-73.5471
84494_2,2016-06-21 22:51:58,B,-42.432,-73.476
84494_2,2016-06-21 23:39:01,A,-42.4761,-73.4063
84494_2,2016-06-22 00:15:02,B,-42.4916,-73.434
84494_2,2016-06-22 01:22:07,B,-42.5186,-73.4285
84494_2,2016-06-22 02:22:23,B,-42.5413,-73.4203
84494_2,2016-06-22 04:01:59,B,-42.5738,-73.3896
84494_2,2016-06-22 07:18:18,B,-42.5079,-73.3474
84494_2,2016-06-22 09:24:53,B,-42.5693,-73.2518
84494_2,2016-06-22 11:41:10,B,-42.6078,-73.201
84494_2,2016-06-22 12:44:58,B,-42.4221,-72.9868
84494_2,2016-06-22 13:35:34,B,-42.3936,-72.8522
84494_2,2016-06-22 20:46:07,B,-42.4066,-72.5538
84494_2,2016-06-22 21:16:17,B,-42.2516,-72.6125
84494_2,2016-06-22 21:33:25,B,-42.3503,-72.9757
84494_2,2016-06-22 22:20:56,A,-42.3961,-73.0517
84494_2,2016-06-22 22:27:32,B,-42.4329,-72.9756
84494_2,2016-06-22 23:14:38,B,-42.3284,-73.1801
84494_2,2016-06-23 00:13:06,B,-42.3468,-73.2267
84494_2,2016-06-23 02:02:51,B,-42.4502,-73.0687
84494_2,2016-06-23 03:39:26,B,-42.4162,-73.0806
84494_2,2016-06-23 07:07:45,A,-42.3346,-72.9394
84494_2,2016-06-23 08:47:33,B,-42.3178,-72.947
84494_2,2016-06-23 08:56:12,B,-42.2901,-73.0804
84494_2,2016-06-23 09:56:23,1,-42.3485,-73.0839
84494_2,2016-06-23 10:31:01,A,-42.3549,-73.1126
84494_2,2016-06-23 10:34:51,A,-42.3554,-73.1143
84494_2,2016-06-23 11:38:07,B,-42.3665,-73.1337
84494_2,2016-06-23 11:44:24,B,-42.3649,-73.1311
84494_2,2016-06-23 12:08:48,B,-42.3236,-73.127
84494_2,2016-06-23 15:05:15,B,-42.2879,-73.1222
84494_2,2016-06-23 19:30:12,B,-42.444,-73.0904
84494_2,2016-06-23 21:02:39,B,-42.4686,-73.1543
84494_2,2016-06-23 21:49:07,A,-42.462,-73.0725
84494_2,2016-06-23 22:48:37,B,-42.4077,-73.0799
84494_2,2016-06-23 23:26:34,B,-42.4409,-73.0416
84494_2,2016-06-23 23:59:27,B,-42.4386,-73.0289
84494_2,2016-06-24 00:26:57,B,-42.4388,-73.0458
84494_2,2016-06-24 01:31:48,B,-42.2309,-73.1256
84494_2,2016-06-24 01:32:13,B,-42.2279,-73.1116
84494_2,2016-06-24 02:26:31,B,-42.2928,-73.2006
84494_2,2016-06-24 05:19:13,B,-42.2321,-73.2702
84494_2,2016-06-24 06:53:55,B,-42.2805,-73.2917
84494_2,2016-06-24 08:34:40,B,-42.2703,-73.3073
84494_2,2016-06-24 08:35:07,B,-42.263,-73.1432
84494_2,2016-06-24 09:42:31,B,-42.3101,-73.0689
84494_2,2016-06-24 09:59:07,B,-42.2753,-73.2924
84494_2,2016-06-24 11:41:12,B,-42.3615,-73.097
84494_2,2016-06-24 11:55:29,B,-42.3606,-73.096
84494_2,2016-06-24 13:01:17,A,-42.3554,-73.171
84494_2,2016-06-24 14:46:42,B,-42.3662,-73.1704
84494_2,2016-06-24 19:18:03,A,-42.3809,-73.3014
84494_2,2016-06-24 20:51:55,B,-42.3886,-73.3185
84494_2,2016-06-24 21:20:26,A,-42.34,-73.2888
84494_2,2016-06-24 21:58:43,B,-42.3578,-73.2819
84494_2,2016-06-25 00:08:06,B,-42.4254,-72.8177
84494_2,2016-06-25 01:25:52,B,-42.4248,-72.8187
84494_2,2016-06-25 04:35:49,B,-42.4928,-72.8724
84494_2,2016-06-25 05:04:33,B,-42.5123,-72.8499
84494_2,2016-06-25 06:45:18,0,-42.5406,-72.8885
84494_2,2016-06-25 07:50:48,B,-42.5611,-72.8543
84494_2,2016-06-25 08:07:08,B,-42.558,-72.8614
84494_2,2016-06-25 09:26:20,B,-42.6042,-72.8276
84494_2,2016-06-25 09:34:05,B,-42.5621,-72.9444
84494_2,2016-06-25 09:49:28,A,-42.5946,-72.9441
84494_2,2016-06-25 11:07:45,A,-42.5727,-72.9628
84494_2,2016-06-25 11:16:56,A,-42.5668,-72.9236
84494_2,2016-06-25 11:22:03,B,-42.5762,-72.8998
84494_2,2016-06-25 12:39:47,B,-42.5834,-72.8955
84494_2,2016-06-25 12:44:24,B,-42.5808,-72.918
84494_2,2016-06-25 19:02:49,B,-42.4871,-72.9427
84494_2,2016-06-25 20:39:55,0,-42.5015,-72.8566
84494_2,2016-06-25 20:47:17,B,-42.5016,-72.8567
84494_2,2016-06-25 21:52:01,B,-42.5166,-72.8347
84494_2,2016-06-25 21:58:31,B,-42.507,-72.8427
84494_2,2016-06-25 22:26:29,1,-42.4995,-72.8681
84494_2,2016-06-25 23:35:41,B,-42.5013,-72.8643
84494_2,2016-06-25 23:45:53,B,-42.5023,-72.8143
84494_2,2016-06-26 00:55:24,B,-42.4964,-72.7988
84494_2,2016-06-26 01:08:19,B,-42.5026,-72.8008
84494_2,2016-06-26 01:18:33,B,-42.4626,-72.8129
84494_2,2016-06-26 02:32:02,B,-42.4997,-72.7851
84494_2,2016-06-26 03:31:59,B,-42.4974,-72.781
84494_2,2016-06-26 04:12:28,0,-42.4551,-72.8051
84494_2,2016-06-26 04:49:52,B,-42.4387,-72.7919
84494_2,2016-06-26 06:34:33,0,-42.4939,-72.8941
84494_2,2016-06-26 08:11:03,B,-42.4761,-72.9231
84494_2,2016-06-26 09:23:29,B,-42.4693,-72.9433
84494_2,2016-06-26 09:24:23,B,-42.4764,-72.9112
84494_2,2016-06-26 10:37:35,B,-42.5113,-73.0187
84494_2,2016-06-26 10:56:55,B,-42.4894,-73.0275
84494_2,2016-06-26 11:00:47,B,-42.5137,-72.9663
84494_2,2016-06-26 12:23:34,B,-42.4188,-72.9344
84494_2,2016-06-26 13:10:07,B,-42.5265,-73.0501
84494_2,2016-06-26 13:57:13,B,-42.5614,-72.9221
84494_2,2016-06-26 15:38:19,B,-42.6163,-72.9644
84494_2,2016-06-26 18:48:59,B,-42.5983,-72.9453
84494_2,2016-06-26 20:16:43,B,-42.5012,-73.0317
84494_2,2016-06-26 21:39:18,B,-42.5126,-73.0732
84494_2,2016-06-26 21:57:54,B,-42.5047,-73.0623
84494_2,2016-06-26 22:13:41,B,-42.5118,-73.0787
84494_2,2016-06-26 23:16:12,B,-42.5178,-73.0754
84494_2,2016-06-26 23:16:12,B,-42.4796,-73.1023
84494_2,2016-06-26 23:33:40,B,-42.481,-73.0426
84494_2,2016-06-27 00:55:58,B,-42.4577,-73.075
84494_2,2016-06-27 00:55:58,B,-42.4539,-73.0621
84494_2,2016-06-27 02:09:37,B,-42.4759,-73.0777
84494_2,2016-06-27 03:05:14,B,-42.474,-73.084
84494_2,2016-06-27 03:52:19,B,-42.4732,-73.0838
84494_2,2016-06-27 06:22:27,A,-42.4813,-72.9487
84494_2,2016-06-27 07:59:40,A,-42.4679,-72.9246
84494_2,2016-06-27 08:59:13,B,-42.465,-72.9131
84494_2,2016-06-27 09:04:47,B,-42.4678,-72.9141
84494_2,2016-06-27 10:30:52,B,-42.4641,-72.8974
84494_2,2016-06-27 10:43:14,B,-42.4631,-72.897
84494_2,2016-06-27 11:48:50,B,-42.4421,-72.8931
84494_2,2016-06-27 11:57:31,0,-42.4371,-72.9787
84494_2,2016-06-27 13:39:56,B,-42.4415,-72.976
84494_2,2016-06-27 14:26:49,B,-42.4415,-72.9727
84494_2,2016-06-27 18:37:31,A,-42.533,-72.8205
84494_2,2016-06-27 20:21:00,A,-42.5052,-72.8142
84494_2,2016-06-27 22:01:31,B,-42.3781,-72.6517
84494_2,2016-06-27 22:48:28,B,-42.4128,-72.6245
84494_2,2016-06-27 23:09:56,B,-42.3694,-72.5948
84494_2,2016-06-28 03:38:17,B,-42.2936,-72.4555
84494_2,2016-06-28 05:14:01,B,-42.4203,-72.7289
84494_2,2016-06-28 06:11:45,B,-42.3444,-72.7298
84494_2,2016-06-28 07:49:02,0,-42.3713,-72.7736
84494_2,2016-06-28 08:33:38,A,-42.3485,-72.7418
84494_2,2016-06-28 09:01:26,B,-42.3484,-72.7416
84494_2,2016-06-28 09:34:19,B,-42.3469,-72.744
84494_2,2016-06-28 10:12:08,0,-42.4107,-72.7827
84494_2,2016-06-28 10:36:19,B,-42.4074,-72.7825
84494_2,2016-06-28 11:12:32,A,-42.3982,-72.8184
84494_2,2016-06-28 11:39:13,B,-42.3971,-72.8247
84494_2,2016-06-28 12:56:18,B,-42.3982,-72.8522
84494_2,2016-06-28 13:16:15,B,-42.3604,-72.7659
84494_2,2016-06-28 14:55:46,B,-42.3685,-72.7907
84494_2,2016-06-28 20:08:00,B,-42.4789,-72.8374
84494_2,2016-06-28 20:55:26,B,-42.4539,-72.7422
84494_2,2016-06-28 21:55:21,B,-42.4421,-72.767
84494_2,2016-06-28 22:23:25,1,-42.3861,-72.77
84494_2,2016-06-28 22:31:34,A,-42.4017,-72.7912
84494_2,2016-06-28 22:54:11,B,-42.389,-72.797
84494_2,2016-06-29 00:00:30,B,-42.3671,-72.8062
84494_2,2016-06-29 00:14:45,B,-42.3684,-72.8039
84494_2,2016-06-29 00:34:20,B,-42.3591,-72.8081
84494_2,2016-06-29 01:29:33,B,-42.3385,-72.8165
84494_2,2016-06-29 02:28:30,B,-42.3271,-72.8204
84494_2,2016-06-29 03:10:40,B,-42.3331,-72.8198
84494_2,2016-06-29 04:54:57,B,-42.3264,-72.7864
84494_2,2016-06-29 06:00:50,B,-42.3696,-72.796
84494_2,2016-06-29 07:34:27,B,-42.3866,-72.8227
84494_2,2016-06-29 08:48:32,B,-42.4032,-72.807
84494_2,2016-06-29 09:47:09,B,-42.392,-72.7884
84494_2,2016-06-29 10:30:18,B,-42.4105,-72.8074
84494_2,2016-06-29 10:45:02,B,-42.4615,-72.9664
84494_2,2016-06-29 11:23:48,B,-42.4237,-72.9645
84494_2,2016-06-29 12:25:24,B,-42.3801,-72.9616
84494_2,2016-06-29 13:00:16,B,-42.3556,-72.9354
84494_2,2016-06-29 13:48:21,B,-42.3552,-72.9353
84494_2,2016-06-29 14:42:56,B,-42.3594,-72.917
84494_2,2016-06-29 20:20:05,B,-42.3141,-72.9217
84494_2,2016-06-29 22:02:15,B,-42.3759,-72.91
84494_2,2016-06-29 22:04:12,B,-42.4518,-73.0437
84494_2,2016-06-30 00:28:54,B,-42.4833,-73.0831
84494_2,2016-06-30 01:18:54,B,-42.4902,-73.0948
84494_2,2016-06-30 02:54:19,A,-42.5487,-73.2819
84494_2,2016-06-30 04:30:47,B,-42.5811,-73.2819
84494_2,2016-06-30 05:50:00,B,-42.525,-73.1715
84494_2,2016-06-30 07:29:32,B,-42.5635,-73.0922
84494_2,2016-06-30 08:36:13,B,-42.5668,-73.0072
84494_2,2016-06-30 09:26:10,B,-42.5783,-72.9698
84494_2,2016-06-30 10:07:22,B,-42.5858,-72.9298
84494_2,2016-06-30 10:08:00,B,-42.5177,-72.9078
84494_2,2016-06-30 11:02:59,B,-42.4952,-72.8626
84494_2,2016-06-30 11:52:06,B,-42.4913,-72.7981
84494_2,2016-06-30 11:54:13,A,-42.5077,-72.8495
84494_2,2016-06-30 12:34:23,B,-42.5132,-72.8493
84494_2,2016-06-30 14:15:31,B,-42.5172,-72.8507
84494_2,2016-06-30 15:55:10,B,-42.5078,-72.7591
84494_2,2016-06-30 19:47:43,A,-42.5516,-72.9077
84494_2,2016-06-30 21:25:47,B,-42.5495,-72.8799
84494_2,2016-06-30 21:29:14,A,-42.5224,-72.9043
84494_2,2016-06-30 21:35:18,A,-42.4868,-72.8336
84494_2,2016-06-30 23:08:19,A,-42.5026,-72.8473
84494_2,2016-06-30 23:16:55,0,-42.5004,-72.7636
84494_2,2016-07-01 00:54:19,B,-42.4705,-72.8172
84494_2,2016-07-01 01:53:35,B,-42.472,-72.8156
84494_2,2016-07-01 02:31:59,B,-42.5103,-72.7934
84494_2,2016-07-01 04:10:35,B,-42.5372,-72.7919
84494_2,2016-07-01 05:31:05,B,-42.6479,-72.8687
84494_2,2016-07-01 07:19:05,A,-42.5671,-72.9404
84494_2,2016-07-01 08:23:22,A,-42.5882,-72.9212
84494_2,2016-07-01 08:51:51,B,-42.5882,-72.9216
84494_2,2016-07-01 10:39:10,B,-42.5401,-72.894
84494_2,2016-07-01 11:21:08,A,-42.5557,-72.8562
84494_2,2016-07-01 11:40:15,B,-42.5588,-72.8519
84494_2,2016-07-01 12:19:58,B,-42.5629,-72.8426
84494_2,2016-07-01 12:56:24,B,-42.5689,-72.8326
84494_2,2016-07-01 13:53:57,A,-42.5681,-72.7334
84494_2,2016-07-01 14:45:00,B,-42.5769,-72.8093
84494_2,2016-07-01 15:36:50,B,-42.5952,-72.7737
84494_2,2016-07-01 19:34:36,A,-42.6415,-72.8511
84494_2,2016-07-01 21:22:57,B,-42.6623,-72.8569
84494_2,2016-07-01 22:38:00,1,-42.6513,-72.8769
84494_2,2016-07-01 23:59:56,A,-42.6084,-72.8659
84494_2,2016-07-02 00:17:34,B,-42.6063,-72.8673
84494_2,2016-07-02 00:29:28,B,-42.5789,-72.8447
84494_2,2016-07-02 02:10:23,0,-42.5362,-72.8272
84494_2,2016-07-02 03:02:09,B,-42.5296,-72.8333
84494_2,2016-07-02 03:52:55,B,-42.5301,-72.8373
84494_2,2016-07-02 05:23:33,B,-42.5412,-72.8874
84494_2,2016-07-02 06:59:56,B,-42.5902,-72.9285
84494_2,2016-07-02 08:43:05,A,-42.6642,-72.8971
84494_2,2016-07-02 09:50:52,A,-42.6274,-72.8809
84494_2,2016-07-02 10:12:09,B,-42.626,-72.8837
84494_2,2016-07-02 10:46:02,B,-42.6254,-72.8808
84494_2,2016-07-02 11:31:03,B,-42.5897,-72.889
84494_2,2016-07-02 11:56:07,B,-42.5466,-72.8295
84494_2,2016-07-02 12:27:37,A,-42.5292,-72.8271
84494_2,2016-07-02 13:28:48,B,-42.4995,-72.8372
84494_2,2016-07-02 14:26:30,B,-42.4674,-72.8287
84494_2,2016-07-02 15:17:19,B,-42.4651,-72.8185
84494_2,2016-07-02 19:20:05,B,-42.3523,-72.7873
84494_2,2016-07-02 21:00:34,B,-42.3141,-72.8477
84494_2,2016-07-02 22:08:35,B,-42.3857,-73.0289
84494_2,2016-07-02 22:08:35,B,-42.3838,-73.0217
84494_2,2016-07-02 22:25:12,2,-42.4156,-72.9238
84494_2,2016-07-03 00:10:24,B,-42.3574,-73.0822
84494_2,2016-07-03 01:32:15,B,-42.4109,-72.9693
84494_2,2016-07-03 02:43:16,B,-42.4506,-72.8773
84494_2,2016-07-03 03:25:38,0,-42.4239,-72.8149
84494_2,2016-07-03 08:08:03,B,-42.3451,-72.8242
84494_2,2016-07-03 08:34:08,0,-42.4754,-72.8778
84494_2,2016-07-03 09:39:49,A,-42.5003,-72.7904
84494_2,2016-07-03 09:42:12,B,-42.4923,-72.7992
84494_2,2016-07-03 10:16:36,A,-42.4756,-72.8774
84494_2,2016-07-03 11:18:03,0,-42.4683,-72.9097
84494_2,2016-07-03 11:23:38,B,-42.6235,-72.8925
84494_2,2016-07-03 11:56:39,B,-42.6322,-72.7993
84494_2,2016-07-03 13:18:08,B,-42.6915,-72.762
84494_2,2016-07-03 14:47:57,B,-42.7435,-72.7082
84494_2,2016-07-03 20:52:31,A,-42.6961,-72.9234
84494_2,2016-07-03 21:36:22,A,-42.6767,-72.9098
84494_2,2016-07-03 21:56:18,B,-42.7205,-72.9048
84494_2,2016-07-03 21:59:26,A,-42.6788,-72.9019
84494_2,2016-07-03 23:12:04,B,-42.6446,-72.8915
84494_2,2016-07-03 23:38:34,1,-42.6412,-72.874
84494_2,2016-07-03 23:45:52,1,-42.6422,-72.8597
84494_2,2016-07-04 01:22:42,B,-42.6387,-72.8331
84494_2,2016-07-04 01:22:42,B,-42.6407,-72.8332
84494_2,2016-07-04 02:22:53,A,-42.4947,-72.8289
84494_2,2016-07-04 05:04:24,B,-42.3985,-72.8081
84494_2,2016-07-04 06:40:06,A,-42.4208,-72.8305
84494_2,2016-07-04 08:21:15,A,-42.4201,-72.7986
84494_2,2016-07-04 09:23:51,1,-42.4457,-72.8777
84494_2,2016-07-04 09:29:04,B,-42.3921,-72.8191
84494_2,2016-07-04 09:46:45,B,-42.4096,-72.8382
84494_2,2016-07-04 11:08:39,B,-42.4305,-72.8394
84494_2,2016-07-04 12:49:33,B,-42.424,-72.8384
84494_2,2016-07-04 14:30:00,B,-42.4161,-72.8488
84494_2,2016-07-04 20:46:14,B,-42.5662,-72.8952
84494_2,2016-07-04 21:31:03,B,-42.5675,-72.8984
84494_2,2016-07-04 23:16:37,B,-42.5623,-72.9101
84494_2,2016-07-04 23:22:17,B,-42.6061,-72.9354
84494_2,2016-07-05 00:53:58,B,-42.6117,-72.968
84494_2,2016-07-05 01:04:18,B,-42.5605,-72.8875
84494_2,2016-07-05 01:11:20,B,-42.5781,-72.8968
84494_2,2016-07-05 04:26:42,B,-42.4956,-72.9904
84494_2,2016-07-05 04:52:25,B,-42.4859,-72.87
84494_2,2016-07-05 06:31:13,A,-42.5419,-72.8739
84494_2,2016-07-05 08:10:18,0,-42.4626,-72.9079
84494_2,2016-07-05 09:01:12,B,-42.479,-72.9404
84494_2,2016-07-05 09:19:15,A,-42.5144,-72.9027
84494_2,2016-07-05 10:34:49,1,-42.5279,-72.9101
84494_2,2016-07-05 10:58:59,B,-42.5154,-72.9337
84494_2,2016-07-05 11:01:00,B,-42.5146,-72.9366
84494_2,2016-07-05 12:32:45,B,-42.531,-72.9059
84494_2,2016-07-05 18:48:50,B,-42.5472,-73.0038
84494_2,2016-07-05 22:09:07,B,-42.5565,-73.0378
84494_2,2016-07-05 22:12:25,A,-42.5668,-72.9569
84494_2,2016-07-05 22:48:10,B,-42.5696,-72.9656
84494_2,2016-07-05 23:52:02,B,-42.5693,-72.9819
84494_2,2016-07-06 00:33:44,B,-42.5676,-72.9794
84494_2,2016-07-06 01:01:27,B,-42.5677,-72.9813
84494_2,2016-07-06 03:21:24,B,-42.5715,-73.0157
84494_2,2016-07-06 04:08:23,B,-42.5658,-73.0047
84494_2,2016-07-06 06:15:18,B,-42.5671,-73.0275
84494_2,2016-07-06 09:00:19,B,-42.5408,-73.0313
84494_2,2016-07-06 10:14:33,B,-42.5353,-73.0179
84494_2,2016-07-06 10:25:12,B,-42.493,-73.0646
84494_2,2016-07-06 11:48:46,B,-42.4354,-73.023
84494_2,2016-07-06 12:01:21,B,-42.4591,-72.9717
84494_2,2016-07-06 12:14:38,B,-42.4517,-72.9698
84494_2,2016-07-06 13:52:57,B,-42.3695,-72.8036
84494_2,2016-07-06 15:29:37,B,-42.4175,-72.678
84494_2,2016-07-06 18:37:02,B,-42.3995,-72.5766
84494_2,2016-07-06 20:21:05,B,-42.3471,-72.5246
84494_2,2016-07-06 21:39:57,B,-42.4127,-72.7513
84494_2,2016-07-06 22:02:20,B,-42.3269,-72.4994
84494_2,2016-07-06 22:24:36,A,-42.4099,-72.7609
84494_2,2016-07-06 23:01:18,B,-42.391,-72.7137
84494_2,2016-07-06 23:19:43,B,-42.391,-72.7294
84494_2,2016-07-07 00:10:34,B,-42.3996,-72.7646
84494_2,2016-07-07 00:44:28,B,-42.4179,-72.7279
84494_2,2016-07-07 02:09:04,B,-42.4702,-72.7243
84494_2,2016-07-07 02:56:26,B,-42.4685,-72.7221
84494_2,2016-07-07 03:45:53,B,-42.4645,-72.7379
84494_2,2016-07-07 06:09:23,B,-42.4178,-72.718
84494_2,2016-07-07 08:10:12,B,-42.4325,-72.7233
84494_2,2016-07-07 09:46:06,A,-42.415,-72.7057
84494_2,2016-07-07 10:36:16,A,-42.4112,-72.7076
84494_2,2016-07-07 11:22:32,1,-42.4143,-72.7337
84494_2,2016-07-07 11:31:38,0,-42.4034,-72.7452
84494_2,2016-07-07 13:13:19,B,-42.4077,-72.749
84494_2,2016-07-07 13:26:48,A,-42.4054,-72.76
84494_2,2016-07-07 15:08:13,B,-42.5684,-72.7458
84494_2,2016-07-07 18:29:18,B,-42.5704,-72.7454
84494_2,2016-07-07 20:06:22,B,-42.4609,-72.7526
84494_2,2016-07-07 21:48:26,0,-42.4354,-72.7723
84494_2,2016-07-07 22:00:49,B,-42.4407,-72.7556
84494_2,2016-07-08 00:29:57,B,-42.4779,-72.7953
84494_2,2016-07-08 01:53:11,B,-42.4805,-72.8043
84494_2,2016-07-08 02:36:48,B,-42.4564,-72.8104
84494_2,2016-07-08 03:26:52,0,-42.506,-72.8429
84494_2,2016-07-08 06:01:01,B,-42.5354,-72.886
84494_2,2016-07-08 07:40:41,B,-42.5674,-72.9011
84494_2,2016-07-08 08:44:02,B,-42.5582,-72.8534
84494_2,2016-07-08 10:16:07,B,-42.568,-72.8605
84494_2,2016-07-08 11:02:41,B,-42.5725,-72.8584
84494_2,2016-07-08 11:02:41,B,-42.5489,-72.8643
84494_2,2016-07-08 12:00:09,B,-42.5764,-72.8574
84494_2,2016-07-08 12:41:21,B,-42.5692,-72.8644
84494_2,2016-07-08 19:56:17,B,-42.5463,-72.8914
84494_2,2016-07-08 21:35:18,B,-42.5173,-72.8185
84494_2,2016-07-08 22:17:35,B,-42.4568,-72.7957
84494_2,2016-07-09 04:44:26,B,-42.3388,-72.8051
84494_2,2016-07-09 05:41:43,B,-42.3128,-72.8125
84494_2,2016-07-09 07:21:16,B,-42.2604,-72.8124
84494_2,2016-07-09 10:08:06,B,-42.3305,-72.8632
84494_2,2016-07-09 10:34:34,B,-42.3302,-72.8639
84494_2,2016-07-09 11:46:21,B,-42.2618,-72.8548
84494_2,2016-07-09 12:12:37,B,-42.2729,-72.946
84494_2,2016-07-09 12:51:30,B,-42.3448,-72.886
84494_2,2016-07-09 13:43:44,B,-42.2772,-73.0339
84494_2,2016-07-09 14:24:33,A,-42.4193,-72.8118
84494_2,2016-07-09 19:45:51,A,-42.5299,-72.8374
84494_2,2016-07-09 21:25:15,B,-42.57,-72.8132
84494_2,2016-07-09 21:47:32,B,-42.5254,-72.928
84494_2,2016-07-09 22:25:10,B,-42.5183,-72.8644
84494_2,2016-07-09 22:52:44,B,-42.5182,-72.8655
84494_2,2016-07-09 23:27:13,B,-42.5628,-72.9587
84494_2,2016-07-10 00:07:36,A,-42.5635,-72.9507
84494_2,2016-07-10 00:32:10,B,-42.5812,-72.9608
84494_2,2016-07-10 01:01:45,B,-42.5662,-72.9529
84494_2,2016-07-10 02:43:29,B,-42.5752,-72.9597
84494_2,2016-07-10 04:25:50,B,-42.8876,-72.9715
84494_2,2016-07-10 05:36:12,A,-42.8898,-72.8352
84494_2,2016-07-10 07:14:44,B,-42.9275,-72.8071
84494_2,2016-07-10 08:32:50,B,-42.9288,-72.935
84494_2,2016-07-10 08:53:26,B,-42.9377,-72.94
84494_2,2016-07-10 10:03:54,B,-42.9652,-72.955
84494_2,2016-07-10 10:09:29,B,-42.9613,-72.9524
84494_2,2016-07-10 11:35:23,B,-42.9229,-72.9855
84494_2,2016-07-10 11:37:03,B,-42.97,-73.0853
84494_2,2016-07-10 12:30:40,B,-42.9679,-73.0848
84494_2,2016-07-10 19:34:00,0,-42.5907,-73.104
84494_2,2016-07-10 21:11:24,B,-42.5706,-73.1161
84494_2,2016-07-10 22:56:29,B,-42.5416,-73.0555
84494_2,2016-07-10 23:55:35,B,-42.5395,-73.0475
84494_2,2016-07-11 00:00:28,B,-42.5393,-73.0489
84494_2,2016-07-11 02:19:33,B,-42.5143,-73.0344
84494_2,2016-07-11 09:43:17,B,-42.5148,-73.0417
84494_2,2016-07-11 09:43:17,B,-42.4516,-72.9973
84494_2,2016-07-11 11:22:43,B,-42.5192,-73.0489
84494_2,2016-07-11 11:23:13,B,-42.5157,-73.0471
84494_2,2016-07-11 12:10:19,B,-42.4903,-73.0233
84494_2,2016-07-11 13:42:43,A,-42.626,-72.5925
84494_2,2016-07-11 15:27:13,B,-42.6749,-72.4233
84494_2,2016-07-11 19:29:19,B,-42.7168,-72.1211
84494_2,2016-07-11 21:59:25,B,-42.7027,-72.3398
84494_2,2016-07-11 22:25:37,B,-42.4705,-72.6987
84494_2,2016-07-12 01:20:33,B,-42.3848,-72.648
84494_2,2016-07-12 06:55:20,B,-42.3264,-72.4833
84494_2,2016-07-12 08:28:53,B,-42.4324,-72.5235
84494_2,2016-07-12 09:22:49,B,-42.274,-72.8302
84494_2,2016-07-12 11:18:11,B,-42.2741,-72.8306
84494_2,2016-07-12 12:16:52,A,-42.222,-72.8281
84494_2,2016-07-12 13:23:29,B,-42.1829,-72.8626
84494_2,2016-07-12 14:22:42,B,-42.218,-72.8382
84494_2,2016-07-12 15:06:46,B,-42.2118,-72.8585
84494_2,2016-07-12 19:15:40,B,-42.3213,-72.7778
84494_2,2016-07-12 20:52:51,B,-42.3633,-72.7435
84494_2,2016-07-12 21:56:37,B,-42.3801,-72.7372
84494_2,2016-07-12 22:31:27,B,-42.3779,-72.7306
84494_2,2016-07-12 23:15:05,B,-42.3302,-72.8003
84494_2,2016-07-12 23:33:01,B,-42.3699,-72.7594
84494_2,2016-07-12 23:33:32,B,-42.3636,-72.7431
84494_2,2016-07-13 00:56:17,B,-42.3744,-72.7583
84494_2,2016-07-13 01:48:29,B,-42.3778,-72.7647
84494_2,2016-07-13 03:25:05,B,-42.4346,-72.7524
84494_2,2016-07-13 06:42:44,B,-42.499,-72.7815
84494_2,2016-07-13 08:59:52,B,-42.4981,-72.7592
84494_2,2016-07-13 09:26:38,B,-42.4446,-72.7217
84494_2,2016-07-13 10:08:03,B,-42.4063,-72.7691
84494_2,2016-07-13 10:38:55,B,-42.3581,-72.8226
84494_2,2016-07-13 11:26:40,B,-42.3241,-72.8778
84494_2,2016-07-13 11:43:25,B,-42.3938,-72.8351
84494_2,2016-07-13 21:23:07,B,-42.3485,-73.2451
84494_2,2016-07-13 22:49:19,B,-42.497,-72.76
84494_2,2016-07-13 23:03:20,B,-42.4548,-72.8435
84494_2,2016-07-13 23:19:23,B,-42.4105,-73.0694
84494_2,2016-07-14 00:28:01,B,-42.4676,-72.8601
84494_2,2016-07-14 01:01:12,B,-42.4749,-72.8379
84494_2,2016-07-14 02:17:49,B,-42.4775,-72.8871
84494_2,2016-07-14 02:58:56,B,-42.4998,-72.857
84494_2,2016-07-14 04:39:02,B,-42.5323,-72.8793
84494_2,2016-07-14 06:27:44,B,-42.532,-72.9448
84494_2,2016-07-14 08:11:43,B,-42.5285,-72.9618
84494_2,2016-07-14 09:34:20,B,-42.5037,-72.9767
84494_2,2016-07-14 10:05:50,B,-42.496,-72.9759
84494_2,2016-07-14 10:53:20,B,-42.4663,-72.9831
84494_2,2016-07-14 11:50:48,B,-42.4598,-72.9829
84494_2,2016-07-14 12:53:23,B,-42.4265,-72.993
84494_2,2016-07-14 13:43:31,B,-42.4127,-73.0002
84494_2,2016-07-14 14:25:56,B,-42.3979,-72.9997
84494_2,2016-07-14 18:48:27,A,-42.4051,-72.9151
84494_2,2016-07-14 20:29:24,B,-42.3659,-72.9316
84494_2,2016-07-14 20:56:09,B,-42.3748,-72.9467
84494_2,2016-07-14 22:10:11,B,-42.3656,-72.9519
84494_2,2016-07-14 22:20:38,B,-42.367,-72.96
84494_2,2016-07-14 22:31:36,0,-42.3901,-73.0226
84494_2,2016-07-14 23:07:33,2,-42.4043,-73.0511
84494_2,2016-07-15 00:05:04,B,-42.3854,-73.0752
84494_2,2016-07-15 00:12:20,B,-42.3859,-73.0739
84494_2,2016-07-15 00:50:08,B,-42.3935,-73.0664
84494_2,2016-07-15 01:01:13,B,-42.3888,-73.0568
84494_2,2016-07-15 01:59:22,B,-42.3883,-73.0503
84494_2,2016-07-15 02:40:57,A,-42.439,-73.1338
84494_2,2016-07-15 03:35:00,B,-42.4638,-73.1565
84494_2,2016-07-15 04:17:43,B,-42.4794,-73.1831
84494_2,2016-07-15 06:14:05,B,-42.5128,-73.2497
84494_2,2016-07-15 08:01:34,B,-42.4864,-73.2342
84494_2,2016-07-15 09:42:33,B,-42.5101,-73.2778
84494_2,2016-07-15 10:38:35,B,-42.449,-73.0913
84494_2,2016-07-15 11:32:05,B,-42.4303,-73.022
84494_2,2016-07-15 12:28:07,B,-42.4109,-72.9917
84494_2,2016-07-15 12:28:07,B,-42.4189,-73.0174
84494_2,2016-07-15 14:12:09,B,-42.3996,-72.9639
84494_2,2016-07-15 18:33:33,B,-42.3751,-72.9559
84494_2,2016-07-15 21:58:49,B,-42.3327,-72.8876
84494_2,2016-07-15 22:01:31,B,-42.3805,-73.0304
84494_2,2016-07-16 01:22:54,B,-42.3541,-72.9417
84494_2,2016-07-16 03:19:12,B,-42.343,-72.9426
84494_2,2016-07-16 04:00:37,B,-42.3525,-73.0031
84494_2,2016-07-16 07:50:03,B,-42.389,-72.9909
84494_2,2016-07-16 08:46:42,B,-42.4621,-73.092
84494_2,2016-07-16 09:21:40,B,-42.4848,-73.1153
84494_2,2016-07-16 10:12:31,B,-42.5873,-73.1775
84494_2,2016-07-16 11:00:35,B,-42.591,-73.1417
84494_2,2016-07-16 11:51:28,1,-42.5914,-72.9619
84494_2,2016-07-16 12:07:30,B,-42.5911,-72.9617
84494_2,2016-07-16 13:45:23,B,-42.5976,-72.8596
84494_2,2016-07-16 20:05:39,A,-42.4781,-73.1023
84494_2,2016-07-16 21:28:08,B,-42.4101,-72.8677
84494_2,2016-07-16 21:50:50,B,-42.4885,-73.0334
84494_2,2016-07-16 22:50:21,B,-42.4704,-72.8348
84494_2,2016-07-16 23:07:21,B,-42.4505,-72.8483
84494_2,2016-07-16 23:18:38,B,-42.4436,-72.8476
84494_2,2016-07-17 00:37:12,B,-42.4556,-72.734
84494_2,2016-07-17 00:55:22,B,-42.4527,-72.7636
84494_2,2016-07-17 02:53:48,B,-42.5603,-72.9612
84494_2,2016-07-17 03:40:33,A,-42.5644,-73.0417
84494_2,2016-07-17 05:54:00,B,-42.6307,-73.1176
84494_2,2016-07-17 07:33:39,B,-42.7754,-73.1452
84494_2,2016-07-17 10:15:36,B,-42.8854,-73.223
84494_2,2016-07-17 11:16:09,B,-42.9054,-73.2265
84494_2,2016-07-17 11:44:57,B,-42.8684,-73.1844
84494_2,2016-07-17 13:23:39,B,-42.8311,-72.9873
84494_2,2016-07-17 19:50:16,A,-43.0036,-72.8271
84494_2,2016-07-17 21:35:22,B,-42.9689,-72.949
84494_2,2016-07-17 22:37:08,B,-42.9575,-72.8954
84494_2,2016-07-17 22:37:08,B,-42.9014,-72.9386
84494_2,2016-07-17 22:53:03,B,-42.8638,-72.8883
84494_2,2016-07-18 04:58:56,B,-42.7416,-72.768
84494_2,2016-07-18 05:40:38,B,-42.7797,-72.7113
84494_2,2016-07-18 07:19:45,B,-42.7794,-72.6679
84494_2,2016-07-18 08:27:49,B,-42.8567,-72.7986
84494_2,2016-07-18 10:07:16,B,-43.2237,-72.9995
84494_2,2016-07-18 10:11:47,A,-43.1414,-73.4385
84494_2,2016-07-18 10:48:06,B,-43.1817,-73.3615
84494_2,2016-07-18 11:48:41,B,-43.2654,-73.4341
84494_2,2016-07-18 12:27:03,B,-43.2481,-73.4587
84494_2,2016-07-18 13:05:16,1,-43.221,-73.4351
84494_2,2016-07-18 13:57:51,B,-43.2326,-73.4542
84494_2,2016-07-18 14:41:32,B,-43.2467,-73.4464
84494_2,2016-07-18 19:42:05,B,-43.4028,-73.5593
84494_2,2016-07-18 20:31:25,B,-43.5302,-73.6972
84494_2,2016-07-18 21:25:07,B,-43.2612,-73.6762
84494_2,2016-07-18 22:06:44,B,-43.5066,-73.8316
84494_2,2016-07-18 22:22:57,B,-43.6363,-73.9495
84494_2,2016-07-18 22:22:57,B,-43.5305,-73.9019
84494_2,2016-07-19 01:23:14,B,-43.8209,-74.3192
84494_2,2016-07-19 02:59:13,A,-43.4998,-74.3225
84494_2,2016-07-19 04:36:27,B,-43.4981,-74.498
84494_2,2016-07-19 09:49:40,B,-43.3965,-74.5062
84494_2,2016-07-19 09:50:09,B,-43.3952,-74.5138
84494_2,2016-07-19 10:13:58,B,-43.5005,-74.2007
84494_2,2016-07-19 11:38:02,B,-43.4639,-74.4593
84494_2,2016-07-19 13:37:27,B,-43.3576,-74.7005
84494_2,2016-07-19 13:37:32,A,-43.3752,-74.6052
84494_2,2016-07-19 14:17:26,B,-43.3615,-74.7011
84494_2,2016-07-19 19:32:46,A,-43.2029,-74.8491
84494_2,2016-07-19 23:20:29,B,-43.1492,-75.221
84494_2,2016-07-20 02:35:23,B,-43.0533,-75.6535
84494_2,2016-07-20 04:14:50,A,-42.9513,-74.992
84494_2,2016-07-20 05:21:34,B,-43.0414,-75.0208
84494_2,2016-07-20 07:03:56,B,-42.9377,-74.9811
84494_2,2016-07-20 11:04:44,B,-42.7317,-74.8551
84494_2,2016-07-20 11:25:28,B,-42.7499,-74.949
84494_2,2016-07-20 11:25:28,B,-42.7596,-74.9424
84494_2,2016-07-20 13:09:13,B,-42.6818,-74.9446
84494_2,2016-07-20 14:00:47,B,-42.6028,-74.9059
84494_2,2016-07-20 22:46:23,B,-42.1783,-74.6961
84494_2,2016-07-21 00:55:11,B,-42.0181,-74.7296
84494_2,2016-07-21 08:29:57,B,-41.8648,-75.251
84494_2,2016-07-21 08:56:14,B,-41.7626,-75.2006
84494_2,2016-07-21 09:30:32,B,-41.7359,-75.1999
84494_2,2016-07-21 10:32:14,B,-41.6824,-75.2068
84494_2,2016-07-21 12:03:41,B,-41.5768,-75.2475
84494_2,2016-07-21 22:07:40,B,-40.927,-75.4004
84494_2,2016-07-21 22:48:41,B,-40.9445,-75.4579
84494_2,2016-07-21 23:58:57,B,-40.8292,-75.3757
84494_2,2016-07-22 03:35:07,B,-41.0151,-75.3228
84494_2,2016-07-22 06:39:39,B,-40.8901,-75.2862
84494_2,2016-07-22 08:18:27,B,-40.8142,-75.3039
84494_2,2016-07-22 08:32:51,B,-40.814,-75.3041
84494_2,2016-07-22 10:57:03,B,-40.7163,-75.3071
84494_2,2016-07-22 12:03:29,B,-40.6377,-75.3175
84494_2,2016-07-22 14:11:45,B,-40.5287,-75.3199
84494_2,2016-07-22 18:59:46,B,-40.2371,-75.2905
84494_2,2016-07-22 20:36:52,B,-40.233,-75.2854
84494_2,2016-07-22 22:29:52,B,-39.9425,-75.3893
84494_2,2016-07-22 23:17:38,A,-39.8986,-75.3645
84494_2,2016-07-22 23:17:38,A,-39.8843,-75.3755
84494_2,2016-07-23 01:46:58,B,-39.7168,-75.3984
84494_2,2016-07-23 08:01:52,B,-39.2669,-75.501
84494_2,2016-07-23 10:40:49,B,-39.174,-75.3877
84494_2,2016-07-23 11:23:18,B,-39.1353,-75.4052
84494_2,2016-07-23 11:35:43,B,-39.1451,-75.4223
84494_2,2016-07-23 12:27:14,B,-39.0947,-75.433
84494_2,2016-07-23 13:47:50,B,-39.0316,-75.4382
84494_2,2016-07-23 18:45:41,B,-38.7562,-75.474
84494_2,2016-07-23 22:01:17,B,-38.5373,-75.5031
84494_2,2016-07-23 22:50:54,B,-38.4475,-75.6762
84494_2,2016-07-23 23:09:03,B,-38.3797,-75.7442
84494_2,2016-07-23 23:43:08,B,-38.4151,-75.667
84494_2,2016-07-24 00:52:53,B,-38.3147,-75.8305
84494_2,2016-07-24 06:12:57,1,-37.8839,-75.8514
84494_2,2016-07-24 07:54:38,B,-37.769,-75.9662
84494_2,2016-07-24 09:23:58,B,-37.7373,-75.9467
84494_2,2016-07-24 10:41:38,A,-37.6137,-75.912
84494_2,2016-07-24 11:03:29,B,-37.5913,-75.9153
84494_2,2016-07-24 11:03:29,B,-37.5861,-75.9091
84494_2,2016-07-24 12:17:46,B,-37.4934,-75.9489
84494_2,2016-07-24 12:41:45,B,-37.4846,-75.9541
84494_2,2016-07-24 13:25:45,B,-37.4326,-75.9828
84494_2,2016-07-24 20:17:26,B,-36.9006,-76.2774
84494_2,2016-07-24 23:19:40,A,-36.6445,-76.1626
84494_2,2016-07-25 00:02:36,B,-36.6388,-76.4121
84494_2,2016-07-25 00:56:01,B,-36.6777,-76.4085
84494_2,2016-07-25 03:28:21,B,-36.5719,-76.4768
84494_2,2016-07-25 07:48:42,B,-36.4011,-76.5824
84494_2,2016-07-25 10:21:59,B,-36.0765,-76.3298
84494_2,2016-07-25 10:33:56,B,-36.1494,-76.7133
84494_2,2016-07-25 10:37:37,B,-36.0552,-76.3405
84494_2,2016-07-25 12:03:41,B,-35.9478,-76.3346
84494_2,2016-07-25 14:49:43,B,-35.8996,-76.3293
84494_2,2016-07-25 20:02:41,B,-35.5522,-76.3008
84494_2,2016-07-25 23:28:17,B,-35.4192,-76.2462
84494_2,2016-07-26 00:25:31,B,-35.2787,-76.3194
84494_2,2016-07-26 00:35:46,B,-35.379,-76.4221
84494_2,2016-07-26 07:26:42,B,-34.993,-76.4417
84494_2,2016-07-26 10:08:41,A,-35.0151,-76.4624
84494_2,2016-07-26 11:43:49,B,-34.9257,-76.4604
84494_2,2016-07-26 11:50:24,B,-34.9425,-76.4659
84494_2,2016-07-26 11:50:24,B,-34.922,-76.4738
84494_2,2016-07-26 22:25:10,B,-34.546,-76.5602
84494_2,2016-07-27 00:10:02,B,-34.3651,-76.4629
84494_2,2016-07-27 00:37:14,B,-34.259,-76.4532
84494_2,2016-07-27 02:51:47,B,-34.3153,-76.511
84494_2,2016-07-27 07:20:42,B,-34.1606,-76.5947
84494_2,2016-07-27 09:02:21,B,-34.0867,-76.5918
84494_2,2016-07-27 09:50:03,B,-34.0531,-76.5625
84494_2,2016-07-27 10:03:43,A,-34.016,-76.5491
84494_2,2016-07-27 11:38:44,B,-33.9394,-76.5339
84494_2,2016-07-27 14:11:48,B,-33.8109,-76.5136
84494_2,2016-07-27 19:44:39,B,-33.6961,-76.3857
84494_2,2016-07-27 21:30:25,B,-33.6233,-76.3799
84494_2,2016-07-27 22:30:39,B,-33.5707,-76.3483
84494_2,2016-07-27 23:45:38,B,-33.5226,-76.339
84494_2,2016-07-28 00:11:30,B,-33.5004,-76.3302
84494_2,2016-07-28 03:14:35,B,-33.3523,-76.2721
84494_2,2016-07-28 08:49:34,B,-33.1665,-76.2208
84494_2,2016-07-28 09:22:40,B,-33.1981,-76.2328
84494_2,2016-07-28 10:59:58,B,-33.1453,-76.2334
84494_2,2016-07-28 11:32:04,B,-33.1598,-76.2641
84494_2,2016-07-28 13:50:41,B,-33.0938,-76.3106
84494_2,2016-07-28 21:58:59,B,-32.8827,-76.4176
84494_2,2016-07-28 23:20:37,B,-33.1464,-76.2165
84494_2,2016-07-28 23:54:43,B,-32.6304,-76.2816
84494_2,2016-07-29 01:36:50,B,-32.5049,-76.2732
84494_2,2016-07-29 02:11:05,B,-32.4725,-76.2545
84494_2,2016-07-29 02:49:51,B,-32.479,-76.2395
84494_2,2016-07-29 04:32:43,B,-32.3752,-76.1924
84494_2,2016-07-29 10:35:27,B,-32.2692,-76.1496
84494_2,2016-07-29 11:48:03,A,-32.18,-76.1759
84494_2,2016-07-29 15:55:35,B,-31.9625,-76.1546
84494_2,2016-07-29 19:24:14,B,-32.0001,-76.2557
84494_2,2016-07-29 20:59:43,A,-31.8796,-76.275
84494_2,2016-07-29 23:01:54,B,-31.7883,-76.2948
84494_2,2016-07-29 23:47:01,B,-31.7673,-76.2861
84494_2,2016-07-30 02:29:09,A,-31.6465,-76.2549
84494_2,2016-07-30 04:12:53,B,-31.5564,-76.2507
84494_2,2016-07-30 11:07:09,B,-31.3763,-76.2494
84494_2,2016-07-30 12:59:11,B,-31.3011,-76.244
84494_2,2016-07-30 13:47:20,B,-31.3099,-76.255
84494_2,2016-07-30 15:30:40,B,-31.2568,-76.2532
84494_2,2016-07-30 20:47:56,B,-31.0795,-76.2496
84494_2,2016-07-30 23:33:08,B,-31.0037,-76.2629
84494_2,2016-07-31 02:14:33,B,-30.9221,-76.2584
84494_2,2016-07-31 06:30:26,B,-30.7726,-76.2996
84494_2,2016-07-31 10:50:13,B,-30.622,-76.3547
84494_2,2016-07-31 10:50:45,B,-30.5797,-76.3058
84494_2,2016-07-31 11:23:08,B,-30.5613,-76.3073
84494_2,2016-07-31 12:25:45,A,-30.5096,-76.2695
84494_2,2016-07-31 20:37:17,B,-30.1715,-76.2539
84494_2,2016-07-31 22:00:18,B,-30.1402,-76.2704
84494_2,2016-07-31 23:17:49,B,-30.1019,-76.2669
84494_2,2016-07-31 23:36:15,B,-30.0844,-76.261
84494_2,2016-07-31 23:45:18,B,-30.0687,-76.2714
84494_2,2016-08-01 01:03:36,B,-30.025,-76.2652
84494_2,2016-08-01 01:58:17,B,-30.0372,-76.2545
84494_2,2016-08-01 02:44:37,B,-29.9961,-76.2396
84494_2,2016-08-01 03:36:17,B,-29.9481,-76.2458
84494_2,2016-08-01 06:22:14,B,-29.7465,-76.1818
84494_2,2016-08-01 08:00:29,B,-29.6335,-76.1776
84494_2,2016-08-01 09:22:57,B,-29.5549,-76.1709
84494_2,2016-08-01 10:43:22,A,-29.4811,-76.1785
84494_2,2016-08-01 11:04:12,B,-29.4614,-76.1773
84494_2,2016-08-01 11:55:41,B,-29.3981,-76.1678
84494_2,2016-08-01 12:20:01,B,-29.3748,-76.1626
84494_2,2016-08-01 13:11:32,B,-29.3355,-76.162
84494_2,2016-08-01 14:01:37,B,-29.2814,-76.1581
84494_2,2016-08-01 14:49:29,B,-29.2063,-76.1776
84494_2,2016-08-01 20:28:59,B,-28.8369,-76.1943
84494_2,2016-08-01 23:04:18,B,-28.6537,-76.2152
84494_2,2016-08-01 23:04:18,B,-28.7042,-76.2131
84494_2,2016-08-02 00:45:12,B,-28.6587,-76.2454
84494_2,2016-08-02 01:00:12,B,-28.6435,-76.2487
84494_2,2016-08-02 03:11:54,B,-28.5125,-76.2373
84494_2,2016-08-02 07:47:58,B,-28.2429,-76.2621
84494_2,2016-08-02 10:37:47,B,-28.091,-76.271
84494_2,2016-08-02 11:23:44,B,-28.103,-76.2807
84494_2,2016-08-02 12:50:18,B,-28.0639,-76.2557
84494_2,2016-08-02 14:33:52,B,-27.9824,-76.2535
84494_2,2016-08-02 20:14:02,0,-27.6294,-76.2038
84494_2,2016-08-02 21:59:14,B,-27.5352,-76.2003
84494_2,2016-08-02 22:35:34,A,-27.5021,-76.2565
84494_2,2016-08-03 02:59:13,B,-27.2687,-76.37
84494_2,2016-08-03 10:54:43,B,-27.0313,-76.6027
84494_2,2016-08-03 11:59:51,B,-27.0273,-76.3559
84494_2,2016-08-03 12:32:20,B,-26.9846,-76.3574
84494_2,2016-08-03 14:07:26,B,-26.9142,-76.3631
84494_2,2016-08-03 15:48:57,B,-26.8285,-76.3515
84494_2,2016-08-03 20:12:57,B,-26.6016,-76.3224
84494_2,2016-08-03 21:48:06,B,-26.6182,-76.3707
84494_2,2016-08-03 22:28:38,B,-26.5905,-76.4015
84494_2,2016-08-03 23:45:34,B,-26.4525,-76.4787
84494_2,2016-08-04 00:13:23,A,-26.3744,-76.537
84494_2,2016-08-04 00:26:52,A,-26.3587,-76.5337
84494_2,2016-08-04 02:34:02,A,-26.2511,-76.5736
84494_2,2016-08-04 07:24:43,B,-26.0656,-76.6861
84494_2,2016-08-04 09:11:55,B,-25.9762,-76.7038
84494_2,2016-08-04 09:43:45,B,-25.9673,-76.7322
84494_2,2016-08-04 10:07:42,B,-25.954,-76.738
84494_2,2016-08-04 10:22:05,B,-25.9746,-76.7325
84494_2,2016-08-04 11:23:50,B,-25.9136,-76.7812
84494_2,2016-08-04 11:44:18,B,-25.904,-76.7765
84494_2,2016-08-04 13:47:56,B,-25.8037,-76.8308
84494_2,2016-08-04 14:35:46,B,-25.7572,-76.857
84494_2,2016-08-04 15:27:30,B,-25.7155,-76.894
84494_2,2016-08-04 20:01:59,B,-25.4519,-77.0685
84494_2,2016-08-04 22:33:32,B,-25.4735,-77.0511
84494_2,2016-08-04 23:16:29,B,-25.4048,-77.1021
84494_2,2016-08-04 23:46:46,B,-25.4217,-77.0797
84494_2,2016-08-05 02:11:31,B,-25.314,-77.1627
84494_2,2016-08-05 11:01:41,B,-24.9872,-77.4533
84494_2,2016-08-05 11:30:18,B,-24.9008,-77.3639
84494_2,2016-08-05 11:40:06,B,-24.9916,-77.3117
84494_2,2016-08-05 14:20:22,B,-24.7954,-77.3364
84494_2,2016-08-05 15:05:52,B,-24.8021,-77.2317
84494_2,2016-08-05 19:40:33,A,-24.5496,-77.3177
84494_2,2016-08-05 21:21:57,B,-24.4778,-77.3054
84494_2,2016-08-05 22:45:32,B,-24.4185,-77.2941
84494_2,2016-08-05 23:23:30,A,-24.3183,-77.3512
84494_2,2016-08-06 00:24:14,B,-24.2946,-77.2954
84494_2,2016-08-06 02:48:10,B,-24.1019,-77.379
84494_2,2016-08-06 07:09:26,B,-23.8914,-77.4528
84494_2,2016-08-06 11:03:47,1,-23.978,-77.555
84494_2,2016-08-06 11:24:26,1,-23.9083,-77.5824
84494_2,2016-08-06 12:13:35,B,-23.862,-77.5995
84494_2,2016-08-06 12:43:17,B,-23.847,-77.6235
84494_2,2016-08-06 13:07:22,B,-23.7707,-77.6079
84494_2,2016-08-06 13:55:33,B,-23.7764,-77.6134
84494_2,2016-08-06 14:43:13,B,-23.5802,-77.6745
84494_2,2016-08-06 19:35:10,A,-23.1225,-78.0734
84494_2,2016-08-06 21:15:38,B,-22.9906,-78.189
84494_2,2016-08-06 22:57:27,A,-22.9513,-78.2559
84494_2,2016-08-06 23:52:48,B,-22.7894,-78.3025
84494_2,2016-08-06 23:54:11,A,-22.8767,-78.2778
84494_2,2016-08-07 00:37:43,A,-22.8528,-78.279
84494_2,2016-08-07 02:22:43,B,-22.7318,-78.3752
84494_2,2016-08-07 08:35:52,A,-22.6285,-78.4112
84494_2,2016-08-07 10:30:32,B,-22.5483,-78.435
84494_2,2016-08-07 11:47:26,1,-22.5195,-78.5504
84494_2,2016-08-07 12:09:21,B,-22.5074,-78.5562
84494_2,2016-08-07 12:49:56,B,-22.4857,-78.676
84494_2,2016-08-07 14:25:30,B,-22.3295,-78.7877
84494_2,2016-08-07 15:21:20,B,-22.3918,-78.8638
84494_2,2016-08-07 19:20:49,A,-21.9516,-78.8423
84494_2,2016-08-07 21:04:13,B,-21.8536,-78.8816
84494_2,2016-08-07 22:29:05,B,-21.7754,-78.9087
84494_2,2016-08-07 23:19:54,A,-21.7002,-78.9729
84494_2,2016-08-07 23:40:38,A,-21.6684,-78.9707
84494_2,2016-08-08 00:15:06,1,-21.6164,-78.9921
84494_2,2016-08-08 06:45:48,B,-21.184,-79.3232
84494_2,2016-08-08 08:19:21,B,-21.1367,-79.4252
84494_2,2016-08-08 11:19:52,B,-21.2174,-79.3376
84494_2,2016-08-08 11:41:48,A,-21.2039,-79.1191
84494_2,2016-08-08 14:06:04,B,-21.1172,-79.16
84494_2,2016-08-08 15:43:04,B,-20.9427,-79.2898
84494_2,2016-08-08 20:51:18,B,-20.6568,-79.4754
84494_2,2016-08-08 22:07:29,B,-20.5687,-79.5046
84494_2,2016-08-08 22:48:03,B,-20.5235,-79.5235
84494_2,2016-08-08 23:29:39,A,-20.4762,-79.5363
84494_2,2016-08-08 23:50:38,B,-20.4608,-79.5399
84494_2,2016-08-09 00:25:36,B,-20.4137,-79.5898
84494_2,2016-08-09 08:04:25,B,-19.8928,-79.9445
84494_2,2016-08-09 10:57:47,B,-19.9668,-79.9591
84494_2,2016-08-09 11:10:31,B,-19.9923,-79.788
84494_2,2016-08-09 12:38:24,B,-19.9347,-79.8099
84494_2,2016-08-09 12:50:24,B,-19.9167,-79.7981
84494_2,2016-08-09 13:42:36,B,-19.885,-79.8122
84494_2,2016-08-09 14:35:31,B,-19.8435,-79.8196
84494_2,2016-08-09 15:22:20,B,-19.7845,-79.8808
84494_2,2016-08-09 18:57:35,B,-19.5764,-80.0099
84494_2,2016-08-09 20:39:48,B,-19.5312,-80.0498
84494_2,2016-08-09 22:16:50,B,-19.4499,-80.0657
84494_2,2016-08-09 23:18:05,B,-19.3991,-80.0912
84494_2,2016-08-09 23:23:42,B,-19.4049,-80.0889
84494_2,2016-08-09 23:58:27,B,-19.4071,-80.0923
84494_2,2016-08-10 03:52:17,B,-19.2738,-80.155
84494_2,2016-08-10 10:38:20,B,-19.0633,-80.1607
84494_2,2016-08-10 10:38:20,B,-19.1168,-80.222
84494_2,2016-08-10 10:38:20,B,-19.0867,-80.1128
84494_2,2016-08-10 12:12:14,B,-19.0066,-80.1803
84494_2,2016-08-10 12:14:17,B,-19.0343,-80.1638
84494_2,2016-08-10 12:17:53,B,-18.9942,-80.2196
84494_2,2016-08-10 15:05:18,B,-18.9146,-80.244
84494_2,2016-08-10 20:28:54,A,-18.6513,-80.2993
84494_2,2016-08-10 23:00:16,B,-18.5407,-80.3488
84494_2,2016-08-10 23:09:56,B,-18.5325,-80.3562
84494_2,2016-08-10 23:26:02,B,-18.5135,-80.3558
84494_2,2016-08-11 00:39:16,B,-18.4499,-80.3519
84494_2,2016-08-11 09:26:25,B,-18.1092,-80.4195
84494_2,2016-08-11 10:04:14,B,-18.0926,-80.4336
84494_2,2016-08-11 11:45:01,B,-18.0568,-80.4738
84494_2,2016-08-11 11:46:44,B,-18.0946,-80.4643
84494_2,2016-08-11 12:06:13,B,-18.0848,-80.4752
84494_2,2016-08-11 15:37:48,B,-17.9765,-80.545
84494_2,2016-08-11 20:23:14,B,-17.7025,-80.6906
84494_2,2016-08-11 21:58:56,B,-17.6381,-80.7265
84494_2,2016-08-11 22:32:25,B,-17.6488,-80.7392
84494_2,2016-08-12 00:13:55,A,-17.423,-80.8346
84494_2,2016-08-12 00:36:27,A,-17.4004,-80.846
84494_2,2016-08-12 03:13:40,B,-17.261,-80.9262
84494_2,2016-08-12 11:25:05,B,-17.0173,-81.1836
84494_2,2016-08-12 14:23:56,B,-16.8589,-81.198
84494_2,2016-08-12 15:08:29,B,-16.8335,-81.2492
84494_2,2016-08-12 15:55:25,B,-16.8418,-81.2045
84494_2,2016-08-12 22:24:42,B,-16.5191,-81.3598
84494_2,2016-08-12 22:42:39,A,-16.5092,-81.3606
84494_2,2016-08-12 23:52:13,B,-16.4527,-81.3865
84494_2,2016-08-13 00:03:26,B,-16.4519,-81.3925
84494_2,2016-08-13 02:50:47,B,-16.3244,-81.4804
84494_2,2016-08-13 04:31:08,B,-16.2453,-81.5218
84494_2,2016-08-13 10:00:18,B,-15.9688,-81.6715
84494_2,2016-08-13 10:47:11,B,-15.9742,-81.6742
84494_2,2016-08-13 12:25:36,B,-15.9228,-81.6697
84494_2,2016-08-13 12:34:26,B,-15.9197,-81.6723
84494_2,2016-08-13 15:41:03,B,-15.7996,-81.7262
84494_2,2016-08-13 19:53:54,B,-15.5875,-81.8822
84494_2,2016-08-13 21:38:32,B,-15.5166,-81.9212
84494_2,2016-08-13 23:24:35,B,-15.4132,-81.9578
84494_2,2016-08-13 23:29:18,B,-15.416,-81.9802
84494_2,2016-08-14 00:13:33,B,-15.3742,-81.994
84494_2,2016-08-14 01:04:49,B,-15.331,-82.0119
84494_2,2016-08-14 02:24:28,B,-15.2649,-82.0405
84494_2,2016-08-14 04:12:12,B,-15.1712,-82.0772
84494_2,2016-08-14 07:09:00,B,-14.9905,-82.1509
84494_2,2016-08-14 08:53:52,B,-14.9655,-82.1818
84494_2,2016-08-14 10:36:52,B,-14.8311,-82.289
84494_2,2016-08-14 11:33:40,B,-14.7772,-82.3247
84494_2,2016-08-14 12:09:24,B,-14.7419,-82.3484
84494_2,2016-08-14 13:41:00,B,-14.6718,-82.3703
84494_2,2016-08-14 15:20:17,B,-14.5749,-82.4715
84494_2,2016-08-14 19:44:13,B,-14.2752,-82.6536
84494_2,2016-08-14 21:25:54,B,-14.2263,-82.7623
84494_2,2016-08-14 23:04:37,B,-14.1313,-82.8518
84494_2,2016-08-15 00:00:53,B,-14.0835,-82.9028
84494_2,2016-08-15 00:36:22,B,-14.0589,-82.9081
84494_2,2016-08-15 00:38:41,B,-14.057,-82.9101
84494_2,2016-08-15 02:05:39,B,-13.9797,-82.9765
84494_2,2016-08-15 03:01:57,B,-13.9372,-83.0162
84494_2,2016-08-15 03:47:49,B,-13.898,-83.0458
84494_2,2016-08-15 06:57:05,B,-13.7487,-83.1766
84494_2,2016-08-15 08:44:31,B,-13.6733,-83.2319
84494_2,2016-08-15 10:08:55,B,-13.6764,-83.212
84494_2,2016-08-15 11:18:22,B,-13.6307,-83.244
84494_2,2016-08-15 11:46:22,B,-13.5484,-83.2977
84494_2,2016-08-15 13:03:52,B,-13.4885,-83.2902
84494_2,2016-08-15 14:57:00,B,-13.3776,-83.3563
84494_2,2016-08-15 19:35:25,B,-13.1409,-83.4535
84494_2,2016-08-15 21:18:23,B,-13.0595,-83.4853
84494_2,2016-08-15 22:25:02,B,-13.0532,-83.525
84494_2,2016-08-15 22:33:25,B,-13.0523,-83.5193
84494_2,2016-08-15 23:56:54,B,-12.9908,-83.5566
84494_2,2016-08-16 00:05:49,B,-12.9872,-83.5596
84494_2,2016-08-16 00:17:23,B,-12.977,-83.5558
84494_2,2016-08-16 03:25:55,B,-12.8178,-83.655
84494_2,2016-08-16 08:31:52,B,-12.5654,-83.7959
84494_2,2016-08-16 10:58:36,B,-12.4461,-83.8687
84494_2,2016-08-16 11:04:42,B,-12.4549,-83.8665
84494_2,2016-08-16 11:16:59,B,-12.4449,-83.8798
84494_2,2016-08-16 12:33:33,B,-12.3844,-83.9012
84494_2,2016-08-16 14:33:57,A,-12.2927,-83.9853
84494_2,2016-08-16 15:25:47,B,-12.2499,-84.0109
84494_2,2016-08-16 21:07:26,B,-11.9783,-84.2015
84494_2,2016-08-16 23:37:29,B,-11.8639,-84.2668
84494_2,2016-08-16 23:44:39,B,-11.8781,-84.2658
84494_2,2016-08-16 23:51:52,B,-11.8452,-84.2098
84494_2,2016-08-17 01:24:00,B,-11.7684,-84.2626
84494_2,2016-08-17 03:09:22,B,-11.6752,-84.326
84494_2,2016-08-17 08:14:14,B,-11.4213,-84.511
84494_2,2016-08-17 14:19:08,B,-11.2232,-84.6353
84494_2,2016-08-17 23:27:08,1,-10.8765,-84.6146
84494_2,2016-08-17 23:28:55,2,-10.8785,-84.6202
84494_2,2016-08-18 00:44:50,B,-10.8208,-84.6476
84494_2,2016-08-18 04:27:00,B,-10.6987,-84.7087
84494_2,2016-08-18 08:06:19,B,-10.5434,-84.7887
84494_2,2016-08-18 10:42:49,B,-10.4236,-84.8514
84494_2,2016-08-18 11:30:57,B,-10.4031,-84.8547
84494_2,2016-08-18 12:13:20,B,-10.3855,-84.883
84494_2,2016-08-18 12:19:46,B,-10.3856,-84.8813
84494_2,2016-08-18 14:42:46,A,-10.2352,-84.9865
84494_2,2016-08-18 15:32:31,B,-10.1998,-84.9866
84494_2,2016-08-18 20:46:20,B,-9.9348,-85.0577
84494_2,2016-08-18 22:35:37,B,-9.8315,-85.1018
84494_2,2016-08-18 23:01:24,B,-9.7709,-85.155
84494_2,2016-08-18 23:17:23,A,-9.7713,-85.178
84494_2,2016-08-19 00:14:44,B,-9.7248,-85.2162
84494_2,2016-08-19 00:42:51,B,-9.7245,-85.2155
84494_2,2016-08-19 01:01:50,B,-9.6713,-85.2254
84494_2,2016-08-19 02:26:51,B,-9.5937,-85.2655
84494_2,2016-08-19 03:20:14,B,-9.5779,-85.2656
84494_2,2016-08-19 04:10:52,B,-9.5476,-85.2866
84494_2,2016-08-19 07:57:45,B,-9.3672,-85.4099
84494_2,2016-08-19 09:33:16,B,-9.302,-85.4504
84494_2,2016-08-19 12:13:01,B,-9.2527,-85.4938
84494_2,2016-08-19 12:40:22,B,-9.2491,-85.5667
84494_2,2016-08-19 15:14:32,B,-9.1056,-85.671
84494_2,2016-08-19 20:33:39,B,-8.8189,-85.8505
84494_2,2016-08-19 22:37:45,B,-8.7352,-85.9332
84494_2,2016-08-19 23:06:32,B,-8.6954,-86.1276
84494_2,2016-08-19 23:36:24,0,-8.7194,-86.1776
84494_2,2016-08-20 00:14:54,B,-8.6915,-86.2235
84494_2,2016-08-20 01:21:11,B,-8.6458,-86.2899
84494_2,2016-08-20 02:07:32,B,-8.6508,-86.2878
84494_2,2016-08-20 02:58:11,B,-8.6408,-86.3052
84494_2,2016-08-20 03:53:48,B,-8.5966,-86.3721
84494_2,2016-08-20 11:25:03,A,-8.3552,-86.7071
84494_2,2016-08-20 11:51:28,0,-8.3671,-86.6488
84494_2,2016-08-20 12:12:00,A,-8.3672,-86.6403
84494_2,2016-08-20 13:00:12,B,-8.3379,-86.6827
84494_2,2016-08-20 14:46:41,A,-8.2342,-86.7503
84494_2,2016-08-20 15:40:20,B,-8.1922,-86.7951
84494_2,2016-08-20 20:18:25,B,-8.0006,-87.0126
84494_2,2016-08-20 22:57:44,B,-7.8896,-87.1432
84494_2,2016-08-20 23:12:23,B,-7.8216,-87.1926
84494_2,2016-08-20 23:59:14,B,-7.8987,-87.1289
84494_2,2016-08-21 00:33:11,B,-7.8103,-87.1946
84494_2,2016-08-21 00:51:39,B,-7.7748,-87.1523
84494_2,2016-08-21 03:26:14,B,-7.6762,-87.2518
84494_2,2016-08-21 07:34:05,B,-7.4296,-87.4749
84494_2,2016-08-21 09:12:24,A,-7.4558,-87.4486
84494_2,2016-08-21 11:39:01,A,-7.3597,-87.5427
84494_2,2016-08-21 11:42:55,A,-7.3549,-87.5494
84494_2,2016-08-21 14:35:40,B,-7.2453,-87.6469
84494_2,2016-08-21 15:23:43,B,-7.246,-87.6473
84494_2,2016-08-21 20:06:33,B,-7.0509,-87.7697
84494_2,2016-08-21 22:38:06,B,-6.9629,-87.848
84494_2,2016-08-21 23:25:30,B,-6.9473,-87.8665
84494_2,2016-08-22 00:14:50,A,-6.8785,-87.9037
84494_2,2016-08-22 00:21:53,A,-6.8679,-87.9072
84494_2,2016-08-22 03:01:35,B,-6.71,-88.0336
84494_2,2016-08-22 04:48:04,B,-6.6982,-87.9544
84494_2,2016-08-22 09:04:42,B,-6.5858,-88.044
84494_2,2016-08-22 11:09:06,B,-6.6369,-88.0133
84494_2,2016-08-22 11:39:23,B,-6.6273,-88.0191
84494_2,2016-08-22 12:15:50,A,-6.6089,-88.0945
84494_2,2016-08-22 12:48:05,B,-6.5722,-88.0994
84494_2,2016-08-22 13:16:30,A,-6.5497,-88.1446
84494_2,2016-08-22 14:11:06,B,-6.5263,-88.1706
84494_2,2016-08-22 15:07:23,B,-6.4689,-88.2179
84494_2,2016-08-22 15:46:22,B,-6.4376,-88.2464
84494_2,2016-08-22 19:55:49,B,-6.224,-88.4061
84494_2,2016-08-22 21:43:21,B,-6.1857,-88.4331
84494_2,2016-08-23 00:12:26,B,-6.1195,-88.5034
84494_2,2016-08-23 04:22:52,B,-5.9325,-88.6348
84494_2,2016-08-23 07:08:37,B,-5.8653,-88.7157
84494_2,2016-08-23 10:40:59,B,-5.7365,-88.6448
84494_2,2016-08-23 11:25:18,B,-5.7251,-88.6549
84494_2,2016-08-23 12:22:10,B,-5.6744,-88.6546
84494_2,2016-08-23 13:52:10,B,-5.6079,-88.6785
84494_2,2016-08-23 15:35:03,B,-5.5343,-88.7013
84494_2,2016-08-23 21:28:04,0,-5.3812,-88.6227
84494_2,2016-08-23 23:20:09,A,-5.2974,-88.6255
84494_2,2016-08-24 00:02:10,B,-5.2631,-88.6336
84494_2,2016-08-24 00:19:30,B,-5.2224,-88.635
84494_2,2016-08-24 00:53:52,B,-5.1962,-88.6772
84494_2,2016-08-24 08:37:34,B,-4.8754,-88.8312
84494_2,2016-08-24 11:14:49,B,-4.7726,-88.8483
84494_2,2016-08-24 11:16:03,B,-4.7454,-88.8647
84494_2,2016-08-24 12:46:32,A,-4.7933,-88.7863
84494_2,2016-08-24 19:34:42,B,-4.6548,-88.7049
84494_2,2016-08-24 21:19:02,B,-4.5902,-88.6988
84494_2,2016-08-24 22:44:36,A,-4.4931,-88.7007
84494_2,2016-08-24 23:51:54,A,-4.4227,-88.733
84494_2,2016-08-24 23:54:34,1,-4.417,-88.7257
84494_2,2016-08-25 01:36:04,B,-4.3276,-88.7118
84494_2,2016-08-25 02:59:04,B,-4.2726,-88.6988
84494_2,2016-08-25 11:02:30,B,-3.963,-88.7215
84494_2,2016-08-25 12:35:28,0,-4.2553,-88.784
84494_2,2016-08-25 12:37:37,0,-4.2727,-88.8332
84494_2,2016-08-25 12:55:56,B,-4.2413,-88.8033
84494_2,2016-08-25 14:43:18,B,-4.2524,-88.8031
84494_2,2016-08-25 23:33:12,B,-4.1942,-88.8081
84494_2,2016-08-25 23:38:45,B,-4.1649,-88.8233
84494_2,2016-08-25 23:57:40,B,-4.1967,-88.9124
84494_2,2016-08-26 03:22:55,B,-4.1328,-88.8983
84494_2,2016-08-26 08:17:30,B,-4.0481,-88.8918
84494_2,2016-08-26 09:52:26,B,-4.0637,-88.8913
84494_2,2016-08-26 23:07:00,B,-3.6183,-88.8766
84494_2,2016-08-27 00:48:51,B,-3.5409,-88.7673
84494_2,2016-08-27 01:11:18,B,-3.5442,-88.789
84494_2,2016-08-27 03:09:56,B,-3.4951,-88.7594
84494_2,2016-08-27 04:48:09,B,-3.4265,-88.7275
84494_2,2016-08-27 11:55:36,B,-2.8941,-88.7028
84494_2,2016-08-27 12:18:52,B,-2.9775,-88.9732
84494_2,2016-08-27 14:06:09,B,-2.9025,-88.9509
84494_2,2016-08-27 15:49:32,B,-2.7095,-89.0034
84494_2,2016-08-27 20:49:43,B,-2.3803,-89.0018
84494_2,2016-08-27 22:24:36,B,-2.2739,-89.0018
84494_2,2016-08-27 23:18:25,B,-2.5224,-89.6425
84494_2,2016-08-28 00:22:19,A,-2.4895,-89.7133
84494_2,2016-08-28 00:24:26,B,-2.5223,-89.6421
84494_2,2016-08-28 02:41:34,B,-2.5445,-89.6539
84494_2,2016-08-28 03:35:26,B,-2.5364,-89.7001
84494_2,2016-08-28 04:21:50,B,-2.5278,-89.726
84494_2,2016-08-28 07:47:54,B,-2.3709,-89.8655
84494_2,2016-08-28 09:32:47,A,-2.3586,-90.2159
84494_2,2016-08-28 11:16:12,A,-2.3054,-90.3188
84494_2,2016-08-28 11:18:46,B,-2.3421,-90.3218
84494_2,2016-08-28 12:05:55,B,-2.3185,-90.3591
84494_2,2016-08-28 12:59:24,A,-2.2568,-90.4018
84494_2,2016-08-28 12:59:58,B,-2.2417,-90.4363
84494_2,2016-08-28 15:31:31,B,-2.1847,-90.5894
84494_2,2016-08-28 23:08:40,B,-2.1746,-90.5956
84494_2,2016-08-28 23:55:43,A,-2.4092,-88.7822
84494_2,2016-08-28 23:57:12,A,-2.0349,-90.4042
84494_2,2016-08-29 00:45:36,B,-2.0649,-90.4038
84494_2,2016-08-29 02:25:23,B,-2.085,-90.4029
84494_2,2016-08-29 03:21:22,B,-2.0871,-90.4026
84494_2,2016-08-29 09:12:54,B,-2.1528,-90.4146
84494_2,2016-08-29 11:50:46,1,-2.0968,-90.5152
84494_2,2016-08-29 12:36:57,B,-2.1112,-90.4653
84494_2,2016-08-29 12:36:57,B,-2.1196,-90.4583
84494_2,2016-08-29 13:36:16,B,-2.1764,-90.5825
84494_2,2016-08-29 15:07:20,1,-2.0866,-90.4422
84494_2,2016-08-29 15:59:38,B,-2.0828,-90.4423
84494_2,2016-08-29 20:17:21,B,-2.0786,-90.4428
84494_2,2016-08-29 22:06:55,B,-2.0644,-90.44
84494_2,2016-08-29 23:26:27,B,-2.0772,-90.4521
84494_2,2016-08-29 23:26:27,B,-2.0795,-90.4476
84494_2,2016-08-30 00:41:20,A,-2.043,-90.4473
84494_2,2016-08-30 01:07:16,B,-2.0373,-90.4676
84494_2,2016-08-30 01:08:10,B,-2.0439,-90.4677
84494_2,2016-08-30 02:52:45,B,-2.025,-90.4679
84494_2,2016-08-30 03:47:17,0,-2.0683,-90.4571
84494_2,2016-08-30 07:27:01,B,-2.0982,-90.449
84494_2,2016-08-30 09:02:48,0,-2.0871,-90.5056
84494_2,2016-08-30 11:37:20,A,-2.1262,-90.5414
84494_2,2016-08-30 12:04:56,B,-2.0819,-90.5595
84494_2,2016-08-30 12:05:32,B,-2.0828,-90.5616
84494_2,2016-08-30 13:20:34,A,-2.0074,-90.5538
84494_2,2016-08-30 15:38:05,B,-2.1021,-90.6705
84494_2,2016-08-30 20:07:13,B,-2.1343,-90.7559
84494_2,2016-08-30 21:49:10,B,-2.1402,-90.7076
84494_2,2016-08-30 22:55:47,0,-2.0218,-90.8022
84494_2,2016-08-31 00:23:54,A,-2.1925,-90.6891
84494_2,2016-08-31 00:36:45,B,-2.0249,-90.7325
84494_2,2016-08-31 00:46:37,A,-2.1317,-90.6818
84494_2,2016-08-31 03:21:47,B,-2.1218,-90.7143
84494_2,2016-08-31 08:54:58,A,-2.1431,-90.7073
84494_2,2016-08-31 11:34:44,B,-2.1205,-90.7315
84494_2,2016-08-31 11:35:37,B,-2.1318,-90.7199
84494_2,2016-08-31 11:50:56,B,-2.1349,-90.716
84494_2,2016-08-31 13:07:06,0,-2.0618,-90.678
84494_2,2016-08-31 13:07:34,0,-2.2412,-90.6931
84494_2,2016-08-31 13:24:15,B,-2.2314,-90.6934
84494_2,2016-08-31 19:53:58,B,-2.1806,-90.7619
84494_2,2016-08-31 21:34:43,B,-2.1748,-90.8137
84494_2,2016-09-01 00:09:26,A,-2.3052,-90.8076
84494_2,2016-09-01 00:09:26,A,-2.262,-90.841
84494_2,2016-09-01 00:23:35,B,-2.1862,-91.0704
84494_2,2016-09-01 08:41:33,B,-2.0973,-90.9972
84494_2,2016-09-01 11:17:01,B,-2.1271,-90.9924
84494_2,2016-09-01 13:02:18,B,-2.2285,-91.0161
84494_2,2016-09-01 13:02:56,A,-2.2504,-90.9867
84494_2,2016-09-01 14:04:55,B,-2.2701,-90.9584
84494_2,2016-09-01 15:38:00,0,-2.1379,-90.8407
84494_2,2016-09-01 21:25:44,B,-2.0284,-90.7028
84494_2,2016-09-01 23:37:15,0,-2.1281,-90.8919
84494_2,2016-09-01 23:54:03,B,-2.1278,-90.8918
84494_2,2016-09-02 00:07:28,B,-2.1304,-90.8951
84494_2,2016-09-02 01:14:32,B,-2.1171,-90.9225
84494_2,2016-09-02 01:36:15,B,-2.1087,-90.9239
84494_2,2016-09-02 01:39:27,A,-2.1266,-90.9023
84494_2,2016-09-02 02:38:52,B,-2.1321,-90.9098
84494_2,2016-09-02 04:17:39,B,-2.0961,-90.9419
84494_2,2016-09-02 08:28:38,B,-2.0677,-91.0023
84494_2,2016-09-02 10:13:16,B,-2.0973,-91.0464
84494_2,2016-09-02 10:55:40,B,-2.0964,-91.082
84494_2,2016-09-02 11:02:50,B,-2.1217,-91.0832
84494_2,2016-09-02 12:05:25,0,-2.175,-91.1369
84494_2,2016-09-02 12:33:05,0,-2.1334,-91.0624
84494_2,2016-09-02 12:50:22,A,-2.1229,-91.1401
84494_2,2016-09-02 15:16:37,B,-2.0931,-91.21
84494_2,2016-09-02 19:39:44,B,-2.1285,-91.1799
84494_2,2016-09-02 21:11:47,A,-2.2022,-91.0125
84494_2,2016-09-02 23:02:37,B,-2.1668,-91.0037
84494_2,2016-09-02 23:35:54,B,-1.5066,-90.6511
84494_2,2016-09-02 23:52:49,B,-2.0221,-91.0574
84494_2,2016-09-03 00:42:53,A,-2.036,-91.093
84494_2,2016-09-03 01:12:47,B,-2.0119,-91.1253
84494_2,2016-09-03 01:30:14,B,-2.0194,-91.108
84494_2,2016-09-03 03:18:04,B,-1.985,-91.1044
84494_2,2016-09-03 04:05:00,1,-2.0346,-91.0984
84494_2,2016-09-03 08:25:13,B,-2.1191,-91.1905
84494_2,2016-09-03 12:39:06,B,-2.1241,-91.1469
84494_2,2016-09-03 13:13:00,B,-2.1429,-91.2203
84494_2,2016-09-03 14:55:27,B,-1.9797,-91.0665
84494_2,2016-09-03 19:26:22,B,-1.8925,-90.8613
84494_2,2016-09-03 21:03:20,B,-1.9048,-90.8986
84494_2,2016-09-03 23:39:03,B,-1.8516,-90.828
84494_2,2016-09-04 00:13:32,B,-2.063,-90.9818
84494_2,2016-09-04 00:49:09,0,-1.9895,-91.1864
84494_2,2016-09-04 02:50:22,B,-1.9906,-91.1869
84494_2,2016-09-04 03:36:49,0,-2.0574,-91.3696
84494_2,2016-09-04 08:15:29,0,-2.0107,-91.1849
84494_2,2016-09-04 09:48:25,A,-2.0044,-91.2189
84494_2,2016-09-04 11:43:41,A,-1.9395,-91.333
84494_2,2016-09-04 12:28:09,A,-2.1007,-91.3097
84494_2,2016-09-04 12:43:46,A,-2.0289,-91.211
84494_2,2016-09-04 14:42:12,A,-2.0567,-91.1826
84494_2,2016-09-04 15:39:24,A,-2.2699,-91.2244
84494_2,2016-09-04 20:59:43,A,-1.7217,-91.4439
84494_2,2016-09-04 22:44:14,B,-1.7538,-91.3685
84494_2,2016-09-04 23:31:19,A,-1.7947,-91.2401
84494_2,2016-09-04 23:36:20,B,-1.7882,-91.2273
84494_2,2016-09-05 00:26:55,B,-1.8277,-91.2291
84494_2,2016-09-05 01:23:19,B,-1.8782,-91.2152
84494_2,2016-09-05 03:17:37,A,-2.0029,-91.2544
84494_2,2016-09-05 04:55:32,B,-2.0787,-91.2645
84494_2,2016-09-05 08:02:23,A,-1.9954,-91.258
84494_2,2016-09-05 09:42:34,B,-2.084,-91.3006
84494_2,2016-09-05 11:16:23,0,-1.953,-91.3664
84494_2,2016-09-05 12:17:11,A,-2.1245,-91.4838
84494_2,2016-09-05 12:18:31,0,-1.9355,-91.7729
84494_2,2016-09-05 13:03:09,A,-1.9333,-91.5029
84494_2,2016-09-05 15:59:48,B,-2.0223,-91.2465
84494_2,2016-09-05 20:45:57,B,-2.083,-91.216
84494_2,2016-09-05 22:21:52,B,-2.1833,-91.2424
84494_2,2016-09-05 23:57:47,B,-1.98,-91.2507
84494_2,2016-09-06 00:50:10,1,-1.9498,-91.3924
84494_2,2016-09-06 00:53:53,A,-1.9622,-91.392
84494_2,2016-09-06 01:35:26,B,-1.9458,-91.4094
84494_2,2016-09-06 03:01:05,A,-1.9219,-91.3681
84494_2,2016-09-06 03:56:02,1,-1.9577,-91.3878
84494_2,2016-09-06 04:37:32,0,-1.9472,-91.3679
84494_2,2016-09-06 07:46:24,B,-1.9335,-91.3676
84494_2,2016-09-06 09:33:49,B,-2.0291,-91.3344
84494_2,2016-09-06 10:57:28,B,-2.0535,-91.3597
84494_2,2016-09-06 11:45:56,A,-1.9414,-91.4628
84494_2,2016-09-06 11:56:08,0,-1.9139,-91.5393
84494_2,2016-09-06 12:40:51,B,-1.9122,-91.5488
84494_2,2016-09-06 13:25:21,B,-1.8305,-91.6019
84494_2,2016-09-06 13:41:58,B,-1.8359,-91.6003
84494_2,2016-09-06 15:35:34,A,-1.7865,-91.629
84494_2,2016-09-06 20:30:24,B,-1.8827,-91.6267
84494_2,2016-09-06 22:38:51,B,-1.8928,-91.6166
84494_2,2016-09-06 23:35:21,A,-1.8606,-91.566
84494_2,2016-09-07 00:13:52,B,-1.8786,-91.4999
84494_2,2016-09-07 00:38:10,B,-1.8035,-91.6525
84494_2,2016-09-07 01:11:14,B,-1.8286,-91.6327
84494_2,2016-09-07 02:34:05,A,-1.971,-91.5849
84494_2,2016-09-07 03:34:12,B,-1.8589,-91.5749
84494_2,2016-09-07 04:13:47,0,-1.8735,-91.6719
84494_2,2016-09-07 07:33:38,B,-1.7751,-91.6784
84494_2,2016-09-07 09:20:33,A,-1.9111,-91.6927
84494_2,2016-09-07 11:14:15,A,-1.7885,-91.762
84494_2,2016-09-07 11:45:49,A,-1.8056,-91.7841
84494_2,2016-09-07 12:14:26,0,-1.8924,-91.7305
84494_2,2016-09-07 12:56:19,B,-1.7244,-91.7806
84494_2,2016-09-07 13:28:58,B,-1.7072,-91.8436
84494_2,2016-09-07 20:18:33,A,-1.9407,-91.832
84494_2,2016-09-07 21:59:05,A,-1.8923,-91.8023
84494_2,2016-09-07 23:05:58,B,-1.8703,-91.8205
84494_2,2016-09-08 00:27:27,B,-1.8573,-91.8357
84494_2,2016-09-08 01:25:11,B,-1.8628,-91.8146
84494_2,2016-09-08 02:19:05,B,-1.7293,-91.6866
84494_2,2016-09-08 03:58:06,B,-1.7252,-91.6525
84494_2,2016-09-08 07:23:47,B,-1.7521,-91.5401
84494_2,2016-09-08 09:06:09,B,-1.8623,-91.8392
84494_2,2016-09-08 11:35:57,A,-1.8,-91.7506
84494_2,2016-09-08 11:50:52,0,-1.9681,-91.7582
84494_2,2016-09-08 12:22:35,0,-1.8509,-91.8449
84494_2,2016-09-08 13:13:06,B,-1.7813,-91.8205
84494_2,2016-09-08 13:27:25,B,-1.7863,-91.8131
84494_2,2016-09-08 14:57:58,0,-1.8316,-91.657
84494_2,2016-09-08 20:10:25,B,-1.8003,-91.5467
84494_2,2016-09-08 21:46:11,0,-1.8949,-91.7602
84494_2,2016-09-08 23:12:25,0,-1.8004,-91.7319
84494_2,2016-09-09 00:14:56,B,-1.7924,-91.7427
84494_2,2016-09-09 00:56:08,A,-1.7386,-91.7459
84494_2,2016-09-09 03:40:53,0,-1.782,-92.0636
84494_2,2016-09-09 08:53:47,B,-1.6845,-92.032
84494_2,2016-09-09 11:21:37,B,-1.7471,-91.7956
84494_2,2016-09-09 11:25:03,B,-1.7247,-91.8146
84494_2,2016-09-09 11:51:09,A,-1.7178,-91.8246
84494_2,2016-09-09 13:01:40,B,-1.6782,-91.796
84494_2,2016-09-09 13:02:19,B,-1.6839,-91.8557
84494_2,2016-09-09 19:53:45,B,-1.6919,-91.8037
84494_2,2016-09-09 21:41:09,0,-1.8131,-92.064
84494_2,2016-09-09 23:59:00,0,-1.8688,-91.9755
84494_2,2016-09-10 00:16:02,B,-1.873,-91.9783
84494_2,2016-09-10 00:19:14,B,-1.8408,-92.1446
84494_2,2016-09-10 01:47:41,B,-1.927,-92.2248
84494_2,2016-09-10 03:09:29,B,-1.9413,-92.1528
84494_2,2016-09-10 04:51:01,B,-1.9532,-92.2325
84494_2,2016-09-10 10:22:01,B,-2.0268,-92.4558
84494_2,2016-09-10 10:56:35,A,-1.9907,-92.5274
84494_2,2016-09-10 11:18:10,B,-2.147,-92.6409
84494_2,2016-09-10 11:18:40,A,-2.0739,-92.5787
84494_2,2016-09-10 12:33:27,B,-2.0408,-92.6754
84494_2,2016-09-10 12:57:51,1,-2.0585,-92.7693
84494_2,2016-09-10 13:00:08,A,-2.054,-92.7749
84494_2,2016-09-10 14:14:04,B,-2.0716,-92.8944
84494_2,2016-09-10 15:56:48,B,-2.0868,-92.9844
84494_2,2016-09-10 19:43:29,B,-2.2324,-93.2001
84494_2,2016-09-10 21:31:15,A,-2.548,-93.0876
84494_2,2016-09-10 23:35:03,0,-2.4568,-92.9034
84494_2,2016-09-10 23:57:15,0,-2.5498,-93.0095
84494_2,2016-09-10 23:59:10,0,-2.5493,-92.9317
84494_2,2016-09-11 01:09:25,A,-2.571,-93.0087
84494_2,2016-09-11 01:37:16,B,-2.562,-92.9971
84494_2,2016-09-11 02:58:00,A,-2.5863,-93.077
84494_2,2016-09-11 04:32:26,B,-2.6524,-93.1425
84494_2,2016-09-11 08:27:19,B,-2.6191,-93.0339
84494_2,2016-09-11 12:16:27,0,-3.0516,-93.1348
84494_2,2016-09-11 15:36:00,0,-2.7989,-93.043
84494_2,2016-09-11 21:12:32,A,-2.7255,-92.8755
84494_2,2016-09-11 23:27:10,B,-2.7547,-92.9058
84494_2,2016-09-11 23:47:12,A,-2.7662,-93.0426
84494_2,2016-09-12 00:42:51,B,-2.7747,-93.0642
84494_2,2016-09-12 01:01:25,A,-2.7162,-93.0653
84494_2,2016-09-12 01:27:55,B,-2.7216,-93.0771
84494_2,2016-09-12 02:36:18,B,-2.7326,-93.0925
84494_2,2016-09-12 03:24:29,B,-2.7671,-93.1154
84494_2,2016-09-12 04:09:33,B,-2.7848,-93.1202
84494_2,2016-09-12 08:16:13,A,-2.8241,-93.0682
84494_2,2016-09-12 09:58:21,B,-2.8534,-93.084
84494_2,2016-09-12 11:44:28,A,-2.8144,-93.0824
84494_2,2016-09-12 12:01:10,A,-2.8313,-93.0678
84494_2,2016-09-12 12:31:44,A,-2.8183,-93.1628
84494_2,2016-09-12 13:37:24,B,-2.8225,-93.2298
84494_2,2016-09-12 21:05:09,0,-2.8549,-93.4407
84494_2,2016-09-12 22:42:30,B,-2.8576,-93.5081
84494_2,2016-09-13 00:16:37,B,-2.8544,-93.5691
84494_2,2016-09-13 00:27:15,A,-2.578,-93.188
84494_2,2016-09-13 01:17:09,B,-2.6967,-93.1334
84494_2,2016-09-13 03:56:42,B,-2.7223,-93.0492
84494_2,2016-09-13 08:09:10,B,-2.8574,-92.9383
84494_2,2016-09-13 11:20:55,B,-2.8136,-93.0236
84494_2,2016-09-13 12:16:46,A,-2.8063,-93.1189
84494_2,2016-09-13 13:08:14,B,-2.7413,-93.2452
84494_2,2016-09-13 14:00:25,B,-2.7244,-93.3137
84494_2,2016-09-13 14:59:50,B,-2.7174,-93.3259
84494_2,2016-09-13 15:44:55,B,-2.6866,-93.3494
84494_2,2016-09-13 20:45:49,B,-2.5653,-93.559
84494_2,2016-09-13 22:30:43,B,-2.7116,-93.2447
84494_2,2016-09-13 23:17:59,A,-2.837,-93.1802
84494_2,2016-09-13 23:55:25,0,-2.6804,-93.1486
84494_2,2016-09-13 23:57:51,B,-2.7347,-93.19
84494_2,2016-09-14 01:02:19,B,-2.6522,-93.0918
84494_2,2016-09-14 03:27:26,B,-2.6076,-93.0094
84494_2,2016-09-14 07:53:57,A,-2.8322,-93.2531
84494_2,2016-09-14 09:37:34,B,-2.9317,-93.0695
84494_2,2016-09-14 12:09:31,B,-2.995,-92.9785
84494_2,2016-09-14 12:36:18,B,-2.9525,-93.0398
84494_2,2016-09-14 13:52:02,A,-3.0144,-93.0998
84494_2,2016-09-14 14:32:18,B,-3.04,-93.0904
84494_2,2016-09-14 15:27:02,B,-3.0961,-93.0792
84494_2,2016-09-14 22:21:28,B,-3.2367,-93.0407
84494_2,2016-09-15 00:50:22,B,-3.2695,-93.0272
84494_2,2016-09-15 01:08:27,B,-3.1619,-93.0477
84494_2,2016-09-15 01:08:27,B,-3.1202,-93.052
84494_2,2016-09-15 03:07:07,B,-3.1591,-92.9659
84494_2,2016-09-15 04:51:27,B,-3.2166,-92.9218
84494_2,2016-09-15 09:22:28,1,-3.1908,-92.8207
84494_2,2016-09-15 11:50:57,B,-3.2423,-92.7635
84494_2,2016-09-15 12:03:09,1,-3.1911,-92.7416
84494_2,2016-09-15 12:17:42,B,-3.1907,-92.7411
84494_2,2016-09-15 13:43:19,B,-3.21,-92.7068
84494_2,2016-09-15 14:13:55,B,-3.322,-92.6924
84494_2,2016-09-15 15:03:00,B,-3.1491,-93.0308
84494_2,2016-09-15 15:53:02,A,-3.2198,-92.8458
84494_2,2016-09-15 20:33:06,A,-3.1406,-92.8889
84494_2,2016-09-15 22:14:16,B,-2.9572,-92.9578
84494_2,2016-09-15 23:06:57,A,-3.1627,-92.7239
84494_2,2016-09-16 00:43:08,B,-2.8368,-93.0694
84494_2,2016-09-16 00:43:08,B,-2.9041,-93.0584
84494_2,2016-09-16 00:51:32,1,-3.1736,-92.7999
84494_2,2016-09-16 02:51:05,B,-3.1155,-92.858
84494_2,2016-09-16 03:48:03,B,-3.204,-92.87
84494_2,2016-09-16 04:29:03,B,-3.2133,-92.8927
84494_2,2016-09-16 09:09:44,2,-3.189,-92.9118
84494_2,2016-09-16 11:31:26,B,-3.1831,-92.9688
84494_2,2016-09-16 11:46:13,B,-3.1824,-92.9851
84494_2,2016-09-16 11:46:36,B,-3.1864,-92.999
84494_2,2016-09-16 13:13:50,B,-3.1609,-92.9906
84494_2,2016-09-16 13:24:56,B,-3.1173,-93.0182
84494_2,2016-09-16 20:13:26,B,-3.022,-93.0863
84494_2,2016-09-16 21:59:23,A,-2.8931,-92.9961
84494_2,2016-09-17 00:02:37,B,-2.7417,-93.0001
84494_2,2016-09-17 00:29:32,B,-2.8832,-92.9441
84494_2,2016-09-17 01:48:00,B,-2.8476,-92.9956
84494_2,2016-09-17 02:07:35,B,-2.9428,-93.0415
84494_2,2016-09-17 03:19:56,B,-2.8963,-93.0579
84494_2,2016-09-17 04:14:03,B,-2.9405,-93.0454
84494_2,2016-09-17 10:45:46,B,-2.9024,-93.132
84494_2,2016-09-17 11:18:54,1,-3.1316,-92.9722
84494_2,2016-09-17 11:32:19,B,-3.0509,-92.9115
84494_2,2016-09-17 12:36:49,0,-3.1714,-92.901
84494_2,2016-09-17 13:05:48,B,-3.1672,-92.9063
84494_2,2016-09-17 13:19:17,B,-3.3582,-92.8755
84494_2,2016-09-17 15:05:52,0,-3.1094,-93.1126
84494_2,2016-09-17 20:02:53,0,-3.1585,-92.9943
84494_2,2016-09-17 21:43:30,A,-3.1,-92.9789
84494_2,2016-09-17 23:40:15,B,-3.184,-93.113
84494_2,2016-09-17 23:58:03,B,-2.9953,-92.9585
84494_2,2016-09-18 01:15:41,A,-3.0446,-92.973
84494_2,2016-09-18 01:37:06,B,-2.9361,-93.2145
84494_2,2016-09-18 01:56:04,B,-3.043,-92.9763
84494_2,2016-09-18 03:54:42,B,-3.0699,-92.9846
84494_2,2016-09-18 08:46:16,A,-3.1979,-93.0856
84494_2,2016-09-18 11:00:07,B,-3.2186,-93.1092
84494_2,2016-09-18 12:13:46,B,-3.2227,-93.1141
84494_2,2016-09-18 12:30:50,B,-3.2159,-93.106
84494_2,2016-09-18 13:07:03,B,-3.1629,-93.1235
84494_2,2016-09-18 14:45:34,B,-3.1297,-93.1383
84494_2,2016-09-18 15:47:48,B,-3.1403,-93.1671
84494_2,2016-09-18 21:34:39,0,-3.1116,-93.0608
84494_2,2016-09-18 23:08:18,B,-3.0873,-93.064
84494_2,2016-09-19 00:01:44,B,-3.0661,-93.0784
84494_2,2016-09-19 00:41:11,A,-3.0435,-93.1079
84494_2,2016-09-19 01:09:42,B,-3.0215,-93.1131
84494_2,2016-09-19 01:44:52,B,-3.0116,-93.1219
84494_2,2016-09-19 03:33:29,B,-2.9865,-93.1456
84494_2,2016-09-19 08:37:50,B,-2.8277,-92.9061
84494_2,2016-09-19 11:14:33,B,-3.1601,-93.1244
84494_2,2016-09-19 11:35:10,B,-3.1294,-93.0982
84494_2,2016-09-19 12:54:35,B,-3.1422,-93.0883
84494_2,2016-09-19 13:20:09,B,-3.1611,-93.1057
84494_2,2016-09-19 14:34:00,A,-3.1599,-93.0617
84494_2,2016-09-19 15:27:01,B,-3.1017,-92.9971
84494_2,2016-09-19 21:19:05,B,-3.0096,-92.8124
84494_2,2016-09-19 23:50:06,B,-2.9567,-92.7548
84494_2,2016-09-20 00:44:32,A,-2.8632,-92.9829
84494_2,2016-09-20 01:34:24,A,-2.8451,-92.9968
84494_2,2016-09-20 08:32:03,B,-2.5386,-93.243
84494_2,2016-09-20 12:37:03,B,-2.487,-93.2614
84494_2,2016-09-20 15:46:32,B,-2.2651,-93.4897
84494_2,2016-09-20 21:09:35,0,-3.0555,-93.1016
84494_2,2016-09-20 23:37:43,A,-2.5295,-92.463
84494_2,2016-09-20 23:44:24,B,-2.5294,-92.4631
84494_2,2016-09-21 00:21:40,A,-2.5256,-92.4523
84494_2,2016-09-21 01:21:39,B,-2.5129,-92.436
84494_2,2016-09-21 01:23:53,B,-2.4997,-92.4302
84494_2,2016-09-21 03:39:15,B,-2.4567,-92.4103
84494_2,2016-09-21 04:31:08,B,-2.4552,-92.4179
84494_2,2016-09-21 08:19:34,B,-2.524,-92.449
84494_2,2016-09-21 09:57:10,B,-2.5005,-92.4343
84494_2,2016-09-21 11:23:30,B,-2.5037,-92.4412
84494_2,2016-09-21 12:20:36,B,-2.4751,-92.4193
84494_2,2016-09-21 12:59:04,A,-2.4383,-92.3877
84494_2,2016-09-21 15:22:21,B,-2.3714,-92.3725
84494_2,2016-09-21 21:08:23,B,-2.2055,-92.2819
84494_2,2016-09-21 23:26:32,B,-2.6383,-92.45
84494_2,2016-09-21 23:52:40,B,-2.4561,-92.426
84494_2,2016-09-22 00:46:16,B,-2.4618,-92.4352
84494_2,2016-09-22 01:14:02,1,-2.486,-92.4094
84494_2,2016-09-22 01:33:59,B,-2.486,-92.4094
84494_2,2016-09-22 02:26:42,B,-2.491,-92.4151
84494_2,2016-09-22 03:23:14,B,-2.489,-92.4172
84494_2,2016-09-22 04:06:04,A,-2.494,-92.4159
84494_2,2016-09-22 08:05:22,A,-2.4365,-92.3308
84494_2,2016-09-22 09:53:53,B,-2.4333,-92.3266
84494_2,2016-09-22 10:59:48,B,-2.4368,-92.3343
84494_2,2016-09-22 11:46:03,0,-2.4747,-92.3328
84494_2,2016-09-22 12:41:38,0,-2.5826,-92.3882
84494_2,2016-09-22 15:14:16,B,-2.6824,-92.4417
84494_2,2016-09-22 20:52:33,B,-2.5975,-92.5264
84494_2,2016-09-22 23:28:41,B,-2.4507,-92.395
84494_2,2016-09-23 00:57:17,A,-2.4407,-92.3838
84494_2,2016-09-23 01:10:43,B,-2.4433,-92.3883
84494_2,2016-09-23 03:52:31,0,-2.4386,-92.4684
84494_2,2016-09-23 07:50:23,B,-2.3851,-92.5266
84494_2,2016-09-23 09:37:18,B,-2.3924,-92.5197
84494_2,2016-09-23 11:12:10,B,-2.4376,-92.5051
84494_2,2016-09-23 12:04:53,A,-2.4924,-92.3316
84494_2,2016-09-23 12:06:09,B,-2.4998,-92.3342
84494_2,2016-09-23 13:43:31,A,-2.3934,-92.4632
84494_2,2016-09-23 14:42:32,A,-2.6,-92.4108
84494_2,2016-09-23 20:36:59,A,-2.7796,-92.6125
84494_2,2016-09-23 23:45:11,0,-2.577,-92.3708
84494_2,2016-09-24 00:44:54,A,-2.6419,-92.3187
84494_2,2016-09-24 00:50:00,A,-2.6292,-92.3132
84494_2,2016-09-24 01:27:48,B,-2.6054,-92.3682
84494_2,2016-09-24 07:49:01,B,-2.7971,-92.1767
84494_2,2016-09-24 09:24:59,1,-2.6489,-92.5242
84494_2,2016-09-24 11:42:14,B,-2.6623,-92.6108
84494_2,2016-09-24 11:54:31,B,-2.6728,-92.6157
84494_2,2016-09-24 12:27:30,A,-2.6624,-92.648
84494_2,2016-09-24 13:33:03,B,-2.67,-92.6998
84494_2,2016-09-24 15:23:32,B,-2.6725,-92.7726
84494_2,2016-09-24 20:28:01,A,-2.727,-92.481
84494_2,2016-09-24 22:08:22,0,-2.7421,-92.704
84494_2,2016-09-24 23:21:04,B,-2.7952,-92.7443
84494_2,2016-09-25 00:21:16,A,-2.7237,-92.5975
84494_2,2016-09-25 00:56:52,B,-2.7085,-92.5846
84494_2,2016-09-25 04:45:30,B,-2.7483,-92.5296
84494_2,2016-09-25 07:34:23,B,-2.8666,-92.6479
84494_2,2016-09-25 09:07:06,A,-2.8909,-92.7319
84494_2,2016-09-25 11:47:50,0,-2.9363,-92.8949
84494_2,2016-09-25 13:19:00,B,-2.8651,-92.8462
84494_2,2016-09-25 13:29:04,B,-2.8674,-92.8452
84494_2,2016-09-25 21:58:38,B,-2.7685,-92.9816
84494_2,2016-09-26 00:21:58,B,-2.7623,-92.9734
84494_2,2016-09-26 00:22:25,0,-2.9577,-92.6297
84494_2,2016-09-26 03:38:05,B,-2.904,-92.5632
84494_2,2016-09-26 07:20:46,B,-2.9036,-92.5559
84494_2,2016-09-26 08:55:18,B,-2.9978,-92.58
84494_2,2016-09-26 10:56:50,A,-3.0121,-92.8046
84494_2,2016-09-26 11:20:45,B,-3.0351,-92.8014
84494_2,2016-09-26 11:30:00,A,-3.0209,-92.8198
84494_2,2016-09-26 12:35:53,B,-3.0426,-92.8343
84494_2,2016-09-26 12:58:48,B,-3.0417,-92.8349
84494_2,2016-09-26 13:11:00,A,-3.0505,-92.8225
84494_2,2016-09-26 20:06:59,B,-3.1754,-92.9454
84494_2,2016-09-26 21:43:56,A,-3.0112,-92.5861
84494_2,2016-09-26 23:30:26,A,-2.9652,-92.6384
84494_2,2016-09-26 23:50:26,B,-2.9901,-92.4954
84494_2,2016-09-27 00:07:41,B,-2.9851,-92.482
84494_2,2016-09-27 01:07:50,B,-2.9732,-92.4648
84494_2,2016-09-27 01:32:30,B,-2.9572,-92.4633
84494_2,2016-09-27 01:56:34,B,-2.9482,-92.4462
84494_2,2016-09-27 03:18:23,B,-2.8702,-92.4216
84494_2,2016-09-27 08:44:48,0,-2.8795,-92.5596
84494_2,2016-09-27 10:51:31,B,-2.8472,-92.5193
84494_2,2016-09-27 11:16:21,0,-2.8462,-92.621
84494_2,2016-09-27 12:14:33,B,-2.833,-92.6011
84494_2,2016-09-27 12:26:18,B,-2.8182,-92.5503
84494_2,2016-09-27 13:01:06,B,-2.8263,-92.6096
84494_2,2016-09-27 15:58:59,B,-2.8581,-92.6299
84494_2,2016-09-27 21:29:45,B,-2.8241,-92.5111
84494_2,2016-09-27 23:21:20,B,-2.8279,-92.5143
84494_2,2016-09-28 00:05:58,B,-2.3674,-92.4863
84494_2,2016-09-28 00:41:36,A,-2.7673,-92.6638
84494_2,2016-09-28 01:07:58,B,-2.8046,-92.535
84494_2,2016-09-28 01:41:17,B,-2.5518,-92.5434
84494_2,2016-09-28 08:35:04,B,-2.8635,-92.5748
84494_2,2016-09-28 10:16:43,B,-2.8591,-92.6519
84494_2,2016-09-28 11:04:55,B,-2.8807,-92.6668
84494_2,2016-09-28 11:41:49,0,-2.8114,-92.7
84494_2,2016-09-28 12:01:21,0,-2.8131,-92.6299
84494_2,2016-09-28 12:49:37,B,-2.8018,-92.6745
84494_2,2016-09-28 13:24:42,B,-2.8103,-92.6465
84494_2,2016-09-28 13:34:48,B,-2.852,-92.6371
84494_2,2016-09-28 14:45:36,B,-2.8607,-92.6696
84494_2,2016-09-28 15:37:09,B,-2.8742,-92.6919
84494_2,2016-09-28 21:27:04,B,-2.6277,-92.7874
84494_2,2016-09-28 23:51:37,0,-2.8745,-92.6281
84494_2,2016-09-29 00:24:23,B,-2.8125,-92.6657
84494_2,2016-09-29 00:38:08,B,-2.9736,-92.3476
84494_2,2016-09-29 01:29:58,B,-2.9379,-92.3729
84494_2,2016-09-29 03:19:47,B,-2.9739,-92.4223
84494_2,2016-09-29 04:10:25,B,-2.9933,-92.4506
84494_2,2016-09-29 08:25:45,1,-2.9732,-92.8105
84494_2,2016-09-29 11:19:51,A,-2.9993,-92.9196
84494_2,2016-09-29 11:26:41,B,-2.9971,-92.9442
84494_2,2016-09-29 12:35:16,B,-3.0773,-92.9741
84494_2,2016-09-29 14:27:48,B,-3.1241,-93.0318
84494_2,2016-09-29 15:16:37,B,-3.17,-93.0526
84494_2,2016-09-29 23:54:32,B,-3.4872,-92.9117
84494_2,2016-09-30 01:22:22,B,-3.5341,-92.9319
84494_2,2016-09-30 02:57:36,B,-3.5224,-92.9267
84494_2,2016-09-30 03:56:29,B,-3.331,-92.9435
84494_2,2016-09-30 08:14:16,B,-3.2514,-93.0899
84494_2,2016-09-30 09:59:40,A,-3.3356,-93.0037
84494_2,2016-09-30 10:56:08,B,-3.2977,-93.0669
84494_2,2016-09-30 10:56:36,B,-3.3149,-92.9856
84494_2,2016-09-30 12:19:47,A,-3.2402,-92.9847
84494_2,2016-09-30 12:33:01,A,-3.353,-93.0802
84494_2,2016-09-30 12:35:45,B,-3.3156,-93.0809
84494_2,2016-09-30 21:03:06,A,-3.2556,-93.0836
84494_2,2016-09-30 23:35:55,A,-3.3094,-93.1368
84494_2,2016-09-30 23:36:23,0,-3.2996,-93.1325
84494_2,2016-10-01 01:08:08,B,-3.2748,-93.1441
84494_2,2016-10-01 01:08:37,2,-3.2829,-92.9956
84494_2,2016-10-01 01:09:19,B,-3.327,-93.0559
84494_2,2016-10-01 02:43:28,B,-3.3212,-93.0458
84494_2,2016-10-01 03:39:03,A,-3.2815,-93.0468
84494_2,2016-10-01 04:21:10,B,-3.2757,-93.0594
84494_2,2016-10-01 08:07:44,B,-3.2557,-93.0779
84494_2,2016-10-01 09:43:25,A,-3.291,-93.0938
84494_2,2016-10-01 12:06:17,B,-3.2849,-93.1058
84494_2,2016-10-01 13:41:40,B,-3.3945,-93.2249
84494_2,2016-10-01 15:21:25,B,-3.3605,-93.31
84494_2,2016-10-01 20:43:42,B,-3.3703,-93.4836
84494_2,2016-10-01 23:14:34,B,-3.3735,-93.5658
84494_2,2016-10-02 00:52:17,B,-3.3171,-93.3918
84494_2,2016-10-02 00:59:47,A,-3.3795,-93.2031
84494_2,2016-10-02 04:03:17,B,-3.3962,-93.1133
84494_2,2016-10-02 07:57:49,B,-3.4043,-92.9867
84494_2,2016-10-02 09:30:21,B,-3.4277,-92.9578
84494_2,2016-10-02 11:31:14,B,-3.1654,-93.1099
84494_2,2016-10-02 12:02:10,A,-3.1168,-93.0559
84494_2,2016-10-02 15:06:37,B,-3.0666,-93.0774
84494_2,2016-10-02 20:32:40,B,-2.8525,-92.9507
84494_2,2016-10-03 00:21:42,B,-2.717,-92.8815
84494_2,2016-10-03 00:49:45,B,-2.7183,-92.8903
84494_2,2016-10-03 20:25:01,B,-2.6406,-92.311
84494_2,2016-10-03 23:34:39,B,-2.4236,-92.2335
84494_2,2016-10-04 00:29:08,B,-2.3925,-92.1175
84494_2,2016-10-04 01:21:28,B,-2.3613,-92.052
84494_2,2016-10-04 04:58:15,B,-2.2641,-91.789
84494_2,2016-10-04 09:15:17,B,-2.2347,-91.7042
84494_2,2016-10-04 12:06:25,B,-2.5041,-92.117
84494_2,2016-10-04 13:20:38,B,-2.4969,-92.0983
84494_2,2016-10-04 23:07:58,B,-2.4553,-91.7356
84494_2,2016-10-04 23:34:50,B,-2.4345,-91.7156
84494_2,2016-10-05 00:21:51,B,-2.3884,-91.6641
84494_2,2016-10-05 01:11:49,B,-2.3795,-91.6517
84494_2,2016-10-05 02:54:02,B,-2.3506,-91.5861
84494_2,2016-10-05 03:50:56,A,-2.4387,-91.5874
84494_2,2016-10-05 11:27:23,B,-2.5372,-91.3729
84494_2,2016-10-05 12:15:35,B,-2.5774,-91.3867
84494_2,2016-10-05 13:12:25,B,-2.666,-91.3203
84494_2,2016-10-05 15:41:52,A,-2.5943,-91.258
84494_2,2016-10-05 21:39:33,B,-2.5959,-91.3045
84494_2,2016-10-05 23:08:36,B,-2.5337,-91.5328
84494_2,2016-10-06 00:11:30,B,-2.4497,-91.5367
84494_2,2016-10-06 00:13:04,A,-2.4829,-91.5171
84494_2,2016-10-06 00:49:21,B,-2.4575,-91.5844
84494_2,2016-10-06 04:22:40,B,-2.317,-91.5485
84494_2,2016-10-06 08:45:46,B,-2.2335,-91.7536
84494_2,2016-10-06 11:50:35,B,-2.1307,-91.9024
84494_2,2016-10-06 12:44:24,A,-2.5517,-91.3108
84494_2,2016-10-06 15:23:42,A,-2.8559,-91.6724
84494_2,2016-10-06 22:41:39,B,-2.9178,-91.9988
84494_2,2016-10-06 23:39:04,A,-2.7056,-91.5608
84494_2,2016-10-07 00:00:41,A,-2.6575,-91.5073
84494_2,2016-10-07 00:26:45,B,-2.5741,-91.4949
84494_2,2016-10-07 01:27:11,B,-2.6037,-91.5169
84494_2,2016-10-07 01:39:22,B,-2.6793,-91.7497
84494_2,2016-10-07 03:52:55,B,-2.712,-91.7804
84494_2,2016-10-07 08:40:47,B,-2.7931,-91.875
84494_2,2016-10-07 11:04:37,B,-2.8205,-91.9089
84494_2,2016-10-07 11:18:06,B,-2.7297,-91.714
84494_2,2016-10-07 14:53:36,0,-2.7631,-92.2571
84494_2,2016-10-07 15:51:21,B,-2.8011,-91.5357
84494_2,2016-10-07 19:41:23,B,-2.6667,-91.3678
84494_2,2016-10-07 21:17:13,0,-2.7589,-91.3486
84494_2,2016-10-07 23:12:03,0,-2.7088,-91.171
84494_2,2016-10-08 00:00:21,0,-2.676,-91.0847
84494_2,2016-10-08 00:57:32,B,-2.6632,-91.041
84494_2,2016-10-08 01:26:04,A,-2.8694,-91.3649
84494_2,2016-10-08 01:37:39,B,-2.8607,-91.4035
84494_2,2016-10-08 02:44:46,B,-2.8509,-91.3154
84494_2,2016-10-08 03:33:33,B,-2.7469,-91.3109
84494_2,2016-10-08 10:02:55,A,-2.5695,-91.0733
84494_2,2016-10-08 12:41:10,B,-2.7164,-90.8591
84494_2,2016-10-08 14:36:25,0,-2.587,-90.7787
84494_2,2016-10-09 03:09:07,B,-2.2461,-90.1983
84494_2,2016-10-09 04:03:59,B,-2.2242,-90.0116
84494_2,2016-10-09 04:54:34,B,-2.802,-90.1426
84494_2,2016-10-09 08:17:31,B,-2.7301,-90.0416
84494_2,2016-10-09 12:14:12,A,-2.6058,-89.9023
84494_2,2016-10-09 12:49:39,B,-2.5891,-89.929
84494_2,2016-10-09 15:07:56,B,-2.5231,-89.8761
84494_2,2016-10-09 21:03:23,B,-2.3782,-89.7335
84494_2,2016-10-09 23:05:01,B,-2.5577,-89.7406
84494_2,2016-10-09 23:26:32,B,-2.5553,-89.406
84494_2,2016-10-09 23:51:28,B,-2.5151,-89.2923
84494_2,2016-10-10 01:29:59,B,-2.4272,-89.1131
84494_2,2016-10-10 03:48:26,B,-2.5727,-89.0571
84494_2,2016-10-10 04:32:44,B,-2.5989,-89.0898
84494_2,2016-10-10 08:04:47,B,-2.6175,-88.9705
84494_2,2016-10-10 09:42:34,B,-2.6171,-88.9706
84494_2,2016-10-10 11:42:41,B,-2.6492,-88.7678
84494_2,2016-10-10 12:11:26,B,-2.6611,-88.7695
84494_2,2016-10-10 15:35:32,B,-2.7931,-88.6691
84494_2,2016-10-10 20:45:25,B,-2.9761,-88.439
84494_2,2016-10-10 23:19:15,B,-2.995,-88.2
84494_2,2016-10-11 00:17:42,B,-3.0121,-88.1427
84494_2,2016-10-11 00:56:33,B,-3.0248,-88.1131
84494_2,2016-10-11 02:31:57,B,-3.058,-88.0475
84494_2,2016-10-11 03:28:00,B,-3.0986,-87.9529
84494_2,2016-10-11 04:15:37,B,-3.1261,-87.889
84494_2,2016-10-11 07:56:50,B,-3.2637,-87.6267
84494_2,2016-10-11 09:29:04,B,-3.2545,-87.6323
84494_2,2016-10-11 11:19:32,B,-3.3317,-87.5493
84494_2,2016-10-11 15:12:17,B,-3.1862,-87.6483
84494_2,2016-10-11 22:14:02,B,-3.41,-87.2652
84494_2,2016-10-12 03:56:12,B,-3.5637,-86.8553
84494_2,2016-10-12 09:25:45,B,-3.5948,-86.8168
84494_2,2016-10-12 10:56:21,B,-3.5757,-86.7097
84494_2,2016-10-12 11:16:29,B,-3.5504,-87.1552
84494_2,2016-10-12 11:40:54,B,-3.5446,-87.1678
84494_2,2016-10-12 12:40:48,B,-3.5801,-86.9597
84494_2,2016-10-12 13:01:05,B,-3.6855,-86.7525
84494_2,2016-10-12 23:32:04,B,-3.7379,-85.664
84494_2,2016-10-12 23:54:40,B,-4.0083,-85.5696
84494_2,2016-10-13 03:33:48,B,-4.0715,-85.2452
84494_2,2016-10-13 07:27:52,B,-4.0261,-85.2663
84494_2,2016-10-13 10:32:11,B,-4.0995,-85.1918
84494_2,2016-10-13 11:33:44,A,-4.1957,-85.4747
84494_2,2016-10-13 12:12:21,A,-4.1378,-85.6052
84494_2,2016-10-13 13:11:53,B,-4.0798,-85.6917
84494_2,2016-10-13 14:36:09,B,-4.1872,-85.6341
84494_2,2016-10-13 20:07:50,A,-4.5882,-85.4343
84494_2,2016-10-13 21:53:45,A,-4.4782,-85.6087
84494_2,2016-10-14 00:49:18,B,-4.6821,-85.4775
84494_2,2016-10-14 01:09:09,B,-4.6191,-85.4055
84494_2,2016-10-14 07:19:37,B,-4.7809,-85.4941
84494_2,2016-10-14 10:05:54,B,-4.879,-85.5037
84494_2,2016-10-14 14:09:27,B,-4.9596,-85.4813
84494_2,2016-10-14 15:48:46,B,-4.8506,-85.3199
84494_2,2016-10-14 21:41:09,B,-5.1242,-85.5452
84494_2,2016-10-14 22:59:39,B,-5.2636,-85.5803
84494_2,2016-10-15 00:05:33,B,-5.2047,-85.5461
84494_2,2016-10-15 00:26:22,A,-5.0511,-85.3302
84494_2,2016-10-15 02:46:46,B,-5.1059,-85.5183
84494_2,2016-10-15 03:41:08,B,-5.1326,-85.4992
84494_2,2016-10-15 04:32:55,B,-5.1285,-85.478
84494_2,2016-10-15 08:51:27,0,-5.3593,-85.5454
84494_2,2016-10-15 11:12:47,B,-5.4122,-85.5403
84494_2,2016-10-15 11:21:57,B,-5.3741,-85.5474
84494_2,2016-10-15 11:21:57,B,-5.4271,-85.5544
84494_2,2016-10-15 12:51:59,B,-5.4061,-85.5235
84494_2,2016-10-15 14:43:53,A,-5.3383,-85.3299
84494_2,2016-10-15 15:32:36,B,-5.3191,-85.2982
84494_2,2016-10-15 21:29:36,B,-5.3304,-85.0876
84494_2,2016-10-16 00:05:44,B,-5.4247,-84.6771
84494_2,2016-10-16 08:33:54,B,-5.4253,-84.6868
84494_2,2016-10-16 10:51:42,B,-5.4784,-84.6075
84494_2,2016-10-16 12:45:28,B,-5.5554,-84.4386
84494_2,2016-10-16 13:32:25,B,-5.5756,-84.3702
84494_2,2016-10-16 15:08:14,B,-5.6207,-84.2307
84494_2,2016-10-16 21:13:34,A,-5.6523,-83.8585
84494_2,2016-10-16 23:28:23,B,-5.6976,-83.6805
84494_2,2016-10-16 23:28:23,B,-5.697,-83.679
84494_2,2016-10-16 23:43:34,A,-5.6554,-83.7733
84494_2,2016-10-17 01:13:00,B,-5.6538,-83.7731
84494_2,2016-10-17 12:29:11,B,-5.6368,-82.9396
84494_2,2016-10-18 00:50:39,B,-5.6943,-82.0131
84494_2,2016-10-18 08:07:07,B,-5.7853,-81.5062
84494_2,2016-10-18 19:14:14,B,-5.9013,-81.9916
84494_2,2016-10-18 22:33:45,B,-6.1405,-82.1268
84494_2,2016-10-18 22:44:15,B,-6.1321,-82.1968
84494_2,2016-10-18 23:22:50,0,-6.089,-82.3001
84494_2,2016-10-19 00:06:39,B,-5.9726,-82.3513
84494_2,2016-10-19 00:23:47,B,-6.0689,-82.335
84494_2,2016-10-19 02:25:07,B,-6.1395,-82.3351
84494_2,2016-10-19 03:10:18,0,-6.146,-82.4197
84494_2,2016-10-19 08:00:15,B,-6.2016,-82.4044
84494_2,2016-10-19 09:43:19,B,-6.2357,-82.4362
84494_2,2016-10-19 10:58:17,B,-6.2178,-82.4284
84494_2,2016-10-19 11:21:19,B,-6.2032,-82.4141
84494_2,2016-10-19 12:00:33,B,-6.2129,-82.4284
84494_2,2016-10-19 14:12:21,B,-6.1939,-82.4662
84494_2,2016-10-19 15:04:35,B,-6.2239,-82.5265
84494_2,2016-10-19 15:54:13,B,-6.3262,-82.4717
84494_2,2016-10-19 20:45:27,B,-6.2164,-82.5455
84494_2,2016-10-19 23:04:55,B,-6.3271,-82.4256
84494_2,2016-10-19 23:38:02,B,-6.3141,-82.3643
84494_2,2016-10-19 23:58:31,B,-6.3158,-82.3504
84494_2,2016-10-20 00:45:49,B,-6.326,-82.3275
84494_2,2016-10-20 02:49:51,A,-6.2483,-82.3483
84494_2,2016-10-20 03:38:04,B,-6.2487,-82.3494
84494_2,2016-10-20 07:47:17,B,-6.1853,-82.4042
84494_2,2016-10-20 10:55:56,B,-6.2992,-82.4414
84494_2,2016-10-20 11:58:29,B,-6.1806,-82.3906
84494_2,2016-10-20 12:09:37,B,-6.3157,-82.4873
84494_2,2016-10-20 15:27:03,A,-6.3897,-82.409
84494_2,2016-10-20 20:34:47,B,-6.4267,-82.3566
84494_2,2016-10-20 23:07:33,B,-6.4654,-82.4454
84494_2,2016-10-20 23:30:43,B,-6.445,-82.3369
84494_2,2016-10-21 00:37:07,B,-6.4682,-82.3698
84494_2,2016-10-21 02:29:11,B,-6.5314,-82.485
84494_2,2016-10-21 04:04:06,B,-6.555,-82.5207
84494_2,2016-10-21 07:41:16,B,-6.5139,-82.6218
84494_2,2016-10-21 09:23:06,B,-6.5214,-82.7032
84494_2,2016-10-21 10:34:01,B,-6.5102,-82.702
84494_2,2016-10-21 11:40:36,B,-6.4357,-82.7071
84494_2,2016-10-21 11:41:13,A,-6.4468,-82.6587
84494_2,2016-10-21 12:18:31,B,-6.4465,-82.6454
84494_2,2016-10-21 20:22:37,B,-6.5385,-82.619
84494_2,2016-10-22 02:01:33,B,-6.5663,-82.7048
84494_2,2016-10-22 20:06:17,B,-6.5996,-82.8839
84494_2,2016-10-22 21:46:05,B,-6.9048,-82.5212
84494_2,2016-10-22 23:41:46,B,-6.8948,-82.5215
84494_2,2016-10-23 00:12:53,B,-6.7814,-82.422
84494_2,2016-10-23 03:24:40,B,-6.6694,-82.1635
