{
"type": "FeatureCollection",
"name": "tpl_metropercorsi",
"crs": { "type": "name", "properties": { "name": "urn:ogc:def:crs:OGC:1.3:CRS84" } },
"features": [
{ "type": "Feature", "properties": { "linea": "1", "mezzo": "METRO", "percorso": "100035", "nome": "SESTO 1 MAGGIO FS - RHO FIERAMILANO", "lung_km": "21.16", "num_ferm": "31" }, "geometry": { "type": "LineString", "coordinates": [ [ 9.238335229365667, 45.541696543853192 ], [ 9.236721764382841, 45.540011428455543 ], [ 9.234856867104524, 45.538093396587229 ], [ 9.232906323110067, 45.536099069761292 ], [ 9.231251361489663, 45.534161440546143 ], [ 9.231251361489663, 45.534161440546143 ], [ 9.227945436497007, 45.523488542366628 ], [ 9.227945436497007, 45.523488542366628 ], [ 9.226134820756773, 45.517453495167651 ], [ 9.226134820756773, 45.517453495167651 ], [ 9.224513352214395, 45.512018630897927 ], [ 9.224513352214395, 45.512018630897927 ], [ 9.222737544818386, 45.506747836198485 ], [ 9.222737544818386, 45.506747836198485 ], [ 9.222155392686201, 45.50482708121325 ], [ 9.221964327700023, 45.503626272416938 ], [ 9.221051272938327, 45.500461292687874 ], [ 9.221051272938327, 45.500461292687874 ], [ 9.219510453562897, 45.495550337336859 ], [ 9.219510453562897, 45.495550337336859 ], [ 9.218179239780234, 45.491075751069012 ], [ 9.218179239780234, 45.491075751069012 ], [ 9.216716983178079, 45.486274447464666 ], [ 9.216716983178079, 45.486274447464666 ], [ 9.210974155071495, 45.480344131637423 ], [ 9.210974155071495, 45.480344131637423 ], [ 9.205046336148689, 45.474425421373006 ], [ 9.205046336148689, 45.474425421373006 ], [ 9.201948887516282, 45.47142591732613 ], [ 9.201948887516282, 45.47142591732613 ], [ 9.200976879122324, 45.470590893103726 ], [ 9.1999486902724, 45.46949524651518 ], [ 9.198546718851633, 45.468012583795328 ], [ 9.198079462305104, 45.467532918710383 ], [ 9.197532791321411, 45.466529234242785 ], [ 9.197532791321411, 45.466529234242785 ], [ 9.197345462472773, 45.466212880751094 ], [ 9.197205223784632, 45.466049324219206 ], [ 9.196894205012084, 45.465864221734151 ], [ 9.195977585922968, 45.465570958350959 ], [ 9.19360082205073, 45.464865211586286 ], [ 9.192863179583005, 45.464713578782835 ], [ 9.192203428784337, 45.46464916952965 ], [ 9.191062723129221, 45.464618320208054 ], [ 9.189588485136765, 45.464620772253625 ], [ 9.189588485136765, 45.464620772253625 ], [ 9.188975676330708, 45.464670925425338 ], [ 9.188277787781905, 45.464803114503312 ], [ 9.187595667417757, 45.465011712695407 ], [ 9.186216287810966, 45.465549040251041 ], [ 9.186216287810966, 45.465549040251041 ], [ 9.185611994274833, 45.465833939114994 ], [ 9.185116040208817, 45.466031300460244 ], [ 9.184605239917214, 45.466436161455597 ], [ 9.182012067298514, 45.468378594915258 ], [ 9.182012067298514, 45.468378594915258 ], [ 9.181083036198212, 45.469046181589214 ], [ 9.18066461858005, 45.469237940837353 ], [ 9.180114211892576, 45.469408066592266 ], [ 9.179485857627943, 45.469469113154382 ], [ 9.178756090243009, 45.469361056547989 ], [ 9.178258913145646, 45.469187113936293 ], [ 9.177497017981505, 45.468729663083529 ], [ 9.176409025664691, 45.468207190931025 ], [ 9.176409025664691, 45.468207190931025 ], [ 9.175989496045741, 45.468044038576821 ], [ 9.175616560295373, 45.467891733073266 ], [ 9.175181684937138, 45.467783200712894 ], [ 9.17359839435769, 45.467676414408217 ], [ 9.169035340622127, 45.467541286100939 ], [ 9.167498786818742, 45.467488945637598 ], [ 9.167227234767285, 45.467500262595095 ], [ 9.166971201713235, 45.467511556268867 ], [ 9.166482413965223, 45.467534108038144 ], [ 9.166482413965223, 45.467534108038144 ], [ 9.16589289538352, 45.467605943237352 ], [ 9.165582688173282, 45.467666451784936 ], [ 9.1652259546298, 45.467737946545277 ], [ 9.164613518300071, 45.46793538688781 ], [ 9.164039765255886, 45.4680945489145 ], [ 9.16313224941074, 45.468221424568611 ], [ 9.162321428217979, 45.468244417035876 ], [ 9.161076111950765, 45.46828439581796 ], [ 9.161076111950765, 45.46828439581796 ], [ 9.158221257110212, 45.468539534789798 ], [ 9.157973068513639, 45.468583557098192 ], [ 9.157600875991601, 45.468682349072566 ], [ 9.157166937424066, 45.468901343330259 ], [ 9.157039173900772, 45.468999797613471 ], [ 9.155215705012314, 45.470446438800735 ], [ 9.155215705012314, 45.470446438800735 ], [ 9.150940814454698, 45.473684438401811 ], [ 9.150940814454698, 45.473684438401811 ], [ 9.143628991879275, 45.479219297748237 ], [ 9.143628991879275, 45.479219297748237 ], [ 9.137125885622796, 45.485953901603168 ], [ 9.137125885622796, 45.485953901603168 ], [ 9.127198243083052, 45.489459709325345 ], [ 9.127198243083052, 45.489459709325345 ], [ 9.120500474347461, 45.493747528134534 ], [ 9.120500474347461, 45.493747528134534 ], [ 9.110073046092328, 45.496990291428531 ], [ 9.110073046092328, 45.496990291428531 ], [ 9.102874271712254, 45.500229248410335 ], [ 9.101571395650824, 45.501060316899078 ], [ 9.101478420988439, 45.50116959746007 ], [ 9.097414598104164, 45.503859398469018 ], [ 9.096825087899807, 45.504209332006099 ], [ 9.096080166044304, 45.504493873965075 ], [ 9.09521100156757, 45.504778514310345 ], [ 9.092913367854623, 45.505217192028191 ], [ 9.092913367854623, 45.505217192028191 ], [ 9.090460576312054, 45.505765144129576 ], [ 9.088784090976512, 45.506225086576009 ], [ 9.087635764253482, 45.506793800051504 ], [ 9.08710855139867, 45.507318352566976 ], [ 9.085837398440765, 45.508848084025722 ], [ 9.085837398440765, 45.508848084025722 ], [ 9.084721355442788, 45.510290328029171 ], [ 9.084536156852565, 45.511076690408309 ], [ 9.084599845672972, 45.512124944233292 ], [ 9.08653287561603, 45.516797173954139 ], [ 9.087096684424969, 45.519810608340855 ] ] } },
{ "type": "Feature", "properties": { "linea": "2", "mezzo": "METRO", "percorso": "100073", "nome": "GESSATE - ABBIATEGRASSO", "lung_km": "30.05", "num_ferm": "30" }, "geometry": { "type": "LineString", "coordinates": [ [ 9.436627021354205, 45.545276115958764 ], [ 9.433630865739341, 45.544536001612045 ], [ 9.427772921021385, 45.543114364616507 ], [ 9.423506605429145, 45.542088258256584 ], [ 9.423506605429145, 45.542088258256584 ], [ 9.41654964705404, 45.540404360213508 ], [ 9.412389900466669, 45.539222943480603 ], [ 9.410303038825186, 45.538629731202867 ], [ 9.405174539144522, 45.537219146348633 ], [ 9.403447449171098, 45.536740721889345 ], [ 9.403447449171098, 45.536740721889345 ], [ 9.400722965690965, 45.535990131994346 ], [ 9.399795421617648, 45.535649756896021 ], [ 9.39935268009908, 45.535468368589044 ], [ 9.398720952775651, 45.535173921026022 ], [ 9.398018307739687, 45.534798137430911 ], [ 9.397407142795773, 45.534424503643933 ], [ 9.396869955865258, 45.534065442412775 ], [ 9.396258060558916, 45.53358550446643 ], [ 9.395589084099729, 45.532989571793529 ], [ 9.394607903778487, 45.532009064724868 ], [ 9.394363657344758, 45.531787417999851 ], [ 9.393543050439245, 45.531130193450267 ], [ 9.393309742400382, 45.530962893113795 ], [ 9.392338212885297, 45.530348204718926 ], [ 9.391494641229635, 45.529923422090064 ], [ 9.390771400205496, 45.529604522556532 ], [ 9.390048406341338, 45.52932022707477 ], [ 9.384968439800003, 45.527865305420328 ], [ 9.384968439800003, 45.527865305420328 ], [ 9.379175357936381, 45.526234532976012 ], [ 9.375896599227463, 45.525305958687206 ], [ 9.375896599227463, 45.525305958687206 ], [ 9.372228679534661, 45.524278437374903 ], [ 9.371376033998795, 45.524041415549881 ], [ 9.370269846763758, 45.523753294437341 ], [ 9.364513930884717, 45.522300884919431 ], [ 9.363062685628361, 45.521937158091809 ], [ 9.363062685628361, 45.521937158091809 ], [ 9.360808352376869, 45.521370764786511 ], [ 9.360332928312282, 45.521265963349087 ], [ 9.359533709050703, 45.521120152694856 ], [ 9.35882269182447, 45.521018557656646 ], [ 9.357890177628114, 45.520925068045564 ], [ 9.355529162144228, 45.520714888200118 ], [ 9.352928943391298, 45.520490565480941 ], [ 9.352088171167583, 45.520443715376246 ], [ 9.351163048450502, 45.520404534503307 ], [ 9.350311943727759, 45.520392312599874 ], [ 9.349267626049885, 45.520412812143746 ], [ 9.348406200424622, 45.520437689219278 ], [ 9.345952622880196, 45.520608298391203 ], [ 9.345952622880196, 45.520608298391203 ], [ 9.342078784511106, 45.5208597480731 ], [ 9.340387948600352, 45.520973566851751 ], [ 9.33865115249921, 45.52104794297059 ], [ 9.337452160035136, 45.521081153031076 ], [ 9.336495681137697, 45.521091388103173 ], [ 9.334431243642452, 45.521067779382797 ], [ 9.332222407888487, 45.521007471330968 ], [ 9.331387143935919, 45.520998770561128 ], [ 9.331387143935919, 45.520998770561128 ], [ 9.330611568823226, 45.520973822406852 ], [ 9.328700002766743, 45.520931127182969 ], [ 9.328383427726415, 45.520918440156059 ], [ 9.327656901269224, 45.520861193643739 ], [ 9.326115537931006, 45.520677719566898 ], [ 9.323440262606454, 45.520221797334209 ], [ 9.32264131433079, 45.520104157039931 ], [ 9.321967439846501, 45.520026948881366 ], [ 9.321038616298909, 45.519950452799961 ], [ 9.320219046713047, 45.519915669145789 ], [ 9.31919922965907, 45.519916048300388 ], [ 9.314905367756124, 45.519903232360228 ], [ 9.314159753256067, 45.519886742376968 ], [ 9.313016480144432, 45.519819422402001 ], [ 9.312124472688197, 45.519720504061574 ], [ 9.311337883011115, 45.519606459132767 ], [ 9.300580053050963, 45.517849141571453 ], [ 9.29781894342662, 45.517389136489804 ], [ 9.29781894342662, 45.517389136489804 ], [ 9.291938036616834, 45.516440176865835 ], [ 9.289654414409755, 45.516151802255422 ], [ 9.285988507280706, 45.515788975447926 ], [ 9.285988507280706, 45.515788975447926 ], [ 9.284663948070781, 45.515660022057141 ], [ 9.283862031045025, 45.51562246147742 ], [ 9.283306405041177, 45.515613950769072 ], [ 9.282539837912472, 45.515613375013388 ], [ 9.281935156501287, 45.51563958838252 ], [ 9.281077423116557, 45.515691141869048 ], [ 9.279942046151431, 45.515773034191916 ], [ 9.279175818645346, 45.515841654162742 ], [ 9.276887831231095, 45.51607959479206 ], [ 9.273549427773808, 45.516525192026826 ], [ 9.272045208294612, 45.51669193922659 ], [ 9.27157751831483, 45.516690578604411 ], [ 9.270947778786924, 45.516627797288713 ], [ 9.270060707928554, 45.516432126383222 ], [ 9.267313433567509, 45.515484345130183 ], [ 9.266594615530851, 45.515169592529176 ], [ 9.266114981264243, 45.514869111806348 ], [ 9.26568427748186, 45.514504240480633 ], [ 9.265408548255328, 45.514193394470539 ], [ 9.265189011751731, 45.513867584828411 ], [ 9.264698845073742, 45.512815600163997 ], [ 9.264557042795539, 45.512568716927731 ], [ 9.264344988978428, 45.51233682857162 ], [ 9.264133167886103, 45.512154381544036 ], [ 9.263879178219053, 45.511976975640614 ], [ 9.263590006354075, 45.511794706025746 ], [ 9.263244556330546, 45.511607620987398 ], [ 9.262836095483973, 45.511480010443542 ], [ 9.262181421489069, 45.511333186175221 ], [ 9.261160991703933, 45.511167416965016 ], [ 9.260591477656584, 45.511094729320106 ], [ 9.260591477656584, 45.511094729320106 ], [ 9.257342137350181, 45.510629203353702 ], [ 9.256245033800674, 45.510535282681232 ], [ 9.255558937520922, 45.5103862180313 ], [ 9.25485519368069, 45.510122732844522 ], [ 9.254318605751495, 45.50987694373304 ], [ 9.25378576554392, 45.509510664042146 ], [ 9.251937396675418, 45.508090077141865 ], [ 9.248236667743859, 45.505251833228328 ], [ 9.248236667743859, 45.505251833228328 ], [ 9.245193721817166, 45.502890967448089 ], [ 9.244398947982866, 45.502344484874548 ], [ 9.243212787549192, 45.50141931787649 ], [ 9.241425105078523, 45.50004360981832 ], [ 9.241425105078523, 45.50004360981832 ], [ 9.237398823523025, 45.49694064149427 ], [ 9.236333135445269, 45.496093464122239 ], [ 9.236182685664788, 45.495961246832749 ], [ 9.236036406239535, 45.495801912732205 ], [ 9.235889813704118, 45.495567279069299 ], [ 9.235768529520639, 45.495239221024214 ], [ 9.235729219802268, 45.495055569982412 ], [ 9.235736580458545, 45.494766402716287 ], [ 9.235795583720931, 45.494537369020868 ], [ 9.235931221606139, 45.494199745204959 ], [ 9.236266793879995, 45.493539424257349 ], [ 9.23636011702075, 45.49332537934005 ], [ 9.237010769967139, 45.491208854385697 ], [ 9.237010769967139, 45.491208854385697 ], [ 9.237126793890956, 45.490792957506535 ], [ 9.237161199481385, 45.490316989654922 ], [ 9.237065230724321, 45.489386479439951 ], [ 9.23722947871838, 45.48617383582166 ], [ 9.237124464365028, 45.485637916528866 ], [ 9.236728003934036, 45.485036336462365 ], [ 9.236092571002205, 45.484628016839835 ], [ 9.234874689392575, 45.484190770981243 ], [ 9.234874689392575, 45.484190770981243 ], [ 9.225960248201114, 45.481088286919764 ], [ 9.225960248201114, 45.481088286919764 ], [ 9.224755497234359, 45.480684039065601 ], [ 9.224095666664091, 45.480567865170229 ], [ 9.22354342530406, 45.480590029672086 ], [ 9.222897889785722, 45.48084128596043 ], [ 9.218026286837667, 45.483299436198429 ], [ 9.216521399006142, 45.483904695607187 ], [ 9.215145221689466, 45.484584993314108 ], [ 9.215145221689466, 45.484584993314108 ], [ 9.213965616366858, 45.485168522705017 ], [ 9.213542681687169, 45.485428345411073 ], [ 9.213239139249318, 45.485555415816329 ], [ 9.212926884209635, 45.48564334555153 ], [ 9.212490349007716, 45.485704397270048 ], [ 9.212293400589807, 45.485710786900086 ], [ 9.211933646692419, 45.485693381841877 ], [ 9.210547631419178, 45.485482088478818 ], [ 9.209874916680258, 45.485362844237883 ], [ 9.209410101904338, 45.485303455820471 ], [ 9.209410101904338, 45.485303455820471 ], [ 9.205121856695197, 45.484755509027984 ], [ 9.204616319322396, 45.484681114065438 ], [ 9.202612243931537, 45.484438637196874 ], [ 9.202612243931537, 45.484438637196874 ], [ 9.198457829987237, 45.483859659454296 ], [ 9.197888302820489, 45.483848597815125 ], [ 9.197310390624963, 45.483888751910399 ], [ 9.196189361264873, 45.484125616020634 ], [ 9.194791782530112, 45.484881005324681 ], [ 9.194791782530112, 45.484881005324681 ], [ 9.192261364985727, 45.486204543485776 ], [ 9.19140587706465, 45.486477058148346 ], [ 9.190832245788268, 45.48652620830395 ], [ 9.190018151506072, 45.486376962778905 ], [ 9.189263607104253, 45.486107132751386 ], [ 9.188670822166664, 45.485547878587838 ], [ 9.187972482859314, 45.484145432952452 ], [ 9.187541463014696, 45.483290730219757 ], [ 9.187541463014696, 45.483290730219757 ], [ 9.187097693168079, 45.481164979283854 ], [ 9.186761380883587, 45.480454694688014 ], [ 9.186580522165999, 45.480141740819207 ], [ 9.184916898837498, 45.478105310933344 ], [ 9.184805090772747, 45.477954891059092 ], [ 9.184507971850579, 45.477432786764894 ], [ 9.184507971850579, 45.477432786764894 ], [ 9.183582464321868, 45.475226471389121 ], [ 9.183526125693584, 45.475015720961309 ], [ 9.183495406149513, 45.47478384534115 ], [ 9.183513416131419, 45.473735636358619 ], [ 9.183486997925982, 45.473509777810698 ], [ 9.183434971690875, 45.47330805639686 ], [ 9.183365841201431, 45.473112386384841 ], [ 9.183210925238754, 45.472865649483623 ], [ 9.182588023034734, 45.472197978212343 ], [ 9.182588023034734, 45.472197978212343 ], [ 9.182020961617511, 45.471584430900464 ], [ 9.181171567698216, 45.471031568292389 ], [ 9.180918534359806, 45.470887391944082 ], [ 9.17852039642306, 45.469261658421999 ], [ 9.17769036781729, 45.468719281546846 ], [ 9.177437136749022, 45.468505821395489 ], [ 9.17712141419679, 45.468156916734131 ], [ 9.17712141419679, 45.468156916734131 ], [ 9.176300434577259, 45.467073858880049 ], [ 9.175659267235849, 45.465990519074708 ], [ 9.175065255577129, 45.464922163426202 ], [ 9.174251700610984, 45.46344149258325 ], [ 9.173920240909332, 45.462830557181263 ], [ 9.173583899314552, 45.462020834956199 ], [ 9.173450697060295, 45.461852363882393 ], [ 9.173193149781406, 45.461611792442248 ], [ 9.173193149781406, 45.461611792442248 ], [ 9.171081626596498, 45.459732456407792 ], [ 9.170671866418559, 45.45939496898788 ], [ 9.17048036821012, 45.459227899048393 ], [ 9.17034115209051, 45.459100283742544 ], [ 9.17016733669753, 45.458941846507848 ], [ 9.169892932768391, 45.458690750495904 ], [ 9.16981501214182, 45.458619801286765 ], [ 9.16981501214182, 45.458619801286765 ], [ 9.169651497005818, 45.458460924405458 ], [ 9.169584964969665, 45.458396452823351 ], [ 9.169512263253466, 45.45832615455047 ], [ 9.169453912626075, 45.458269200823651 ], [ 9.169390063577138, 45.458207266545628 ], [ 9.169317091760082, 45.458135933163994 ], [ 9.169300590847396, 45.458119203210522 ], [ 9.169261011567643, 45.4580777523447 ], [ 9.169220475502, 45.458034996886219 ], [ 9.169199176171684, 45.458012567645554 ], [ 9.169152921663388, 45.457963925998165 ], [ 9.169135480973093, 45.457945973775978 ], [ 9.169116356248004, 45.457923929574179 ], [ 9.169106291078441, 45.457912484649583 ], [ 9.169077336888758, 45.457879536389761 ], [ 9.169055451462228, 45.457851142775084 ], [ 9.169016180114006, 45.457800702369092 ], [ 9.168985841107318, 45.457763049848381 ], [ 9.168914627542142, 45.457653027969414 ], [ 9.168884915768302, 45.457601396837305 ], [ 9.168858278514344, 45.457549196407257 ], [ 9.168854248203971, 45.457543178312029 ], [ 9.168820286158583, 45.457456538692547 ], [ 9.168813011353972, 45.45743890086414 ], [ 9.168776062100163, 45.45731470950259 ], [ 9.168757429783389, 45.457233318290839 ], [ 9.168733009486159, 45.457094566023741 ], [ 9.168724389958449, 45.457018289889838 ], [ 9.168724335700418, 45.457005677132372 ], [ 9.168723930364695, 45.456964980150651 ], [ 9.168731717945102, 45.456834769358693 ], [ 9.168734179743995, 45.456813728645351 ], [ 9.168752823973977, 45.45674193034445 ], [ 9.168765277065887, 45.456702002704027 ], [ 9.168783329516803, 45.456644841809279 ], [ 9.168786541897232, 45.456634459718131 ], [ 9.168789595364768, 45.456626854568135 ], [ 9.168825956996018, 45.456565101568785 ], [ 9.168846114946204, 45.456530104150126 ], [ 9.168908118635716, 45.456433627986335 ], [ 9.168962847131711, 45.456364294250051 ], [ 9.168996156692639, 45.45632193558604 ], [ 9.169025809191503, 45.456286594674886 ], [ 9.169038400572338, 45.456270715904687 ], [ 9.169106450249242, 45.456194891283047 ], [ 9.169162636854921, 45.456132544124507 ], [ 9.169202193841526, 45.456088590735654 ], [ 9.169203670286613, 45.456086857523076 ], [ 9.169212320918295, 45.456076771816782 ], [ 9.169284421852678, 45.455991763844018 ], [ 9.16930961276463, 45.455962830001539 ], [ 9.169380424582819, 45.455871705704801 ], [ 9.169387236106656, 45.45586298899952 ], [ 9.16939897620156, 45.45584761737372 ], [ 9.169407405599495, 45.45583485086874 ], [ 9.169472692527513, 45.455735551639386 ], [ 9.169575896875184, 45.455541876387564 ], [ 9.169654553137073, 45.455368568573242 ], [ 9.169748856382929, 45.455061202519829 ], [ 9.169818279974784, 45.45466351262624 ], [ 9.169963516285094, 45.453145237681589 ], [ 9.169928657181412, 45.45293745985586 ], [ 9.169833750096442, 45.45268459078401 ], [ 9.169624187801594, 45.452371651137014 ], [ 9.169624187801594, 45.452371651137014 ], [ 9.168342882646648, 45.45070488172307 ], [ 9.16809349332889, 45.450304649023302 ], [ 9.167831037916006, 45.449826122269798 ], [ 9.167684607351193, 45.449510074292711 ], [ 9.167520429747098, 45.448980198306103 ], [ 9.167468091840558, 45.448645940097272 ], [ 9.16743656783083, 45.448114363725047 ], [ 9.167433021079798, 45.445463785772091 ], [ 9.167441036503819, 45.445280040396462 ], [ 9.167703896058876, 45.443732979422975 ], [ 9.167703896058876, 45.443732979422975 ], [ 9.168280351536426, 45.439727640800243 ], [ 9.168304637362795, 45.439260740415975 ], [ 9.168130777703546, 45.436899563714967 ], [ 9.168130777703546, 45.436899563714967 ], [ 9.167655369750332, 45.432382212006395 ], [ 9.168365519946079, 45.432294401715311 ], [ 9.1693167572011, 45.432073747139306 ], [ 9.170118932437784, 45.431708799743141 ], [ 9.17109399141675, 45.431179149866225 ], [ 9.172083156027732, 45.43063950443657 ], [ 9.172634256442029, 45.430339695336379 ], [ 9.173157438493197, 45.430169483441624 ], [ 9.173595968150874, 45.430089091329855 ], [ 9.174034618832827, 45.43004856123796 ], [ 9.175011241766969, 45.430047071935455 ], [ 9.177304057691304, 45.430003678800034 ] ] } },
{ "type": "Feature", "properties": { "linea": "5", "mezzo": "METRO", "percorso": "100084", "nome": "BIGNAMI - SAN SIRO STADIO", "lung_km": "12.18", "num_ferm": "19" }, "geometry": { "type": "LineString", "coordinates": [ [ 9.212163897037087, 45.526753198180756 ], [ 9.209412200319813, 45.522040924343102 ], [ 9.209412200319813, 45.522040924343102 ], [ 9.205160311122366, 45.514710529998162 ], [ 9.205160311122366, 45.514710529998162 ], [ 9.201033147989651, 45.507205032003419 ], [ 9.201033147989651, 45.507205032003419 ], [ 9.197907593293403, 45.501619535684924 ], [ 9.197907593293403, 45.501619535684924 ], [ 9.194659043835465, 45.496208874984966 ], [ 9.194659043835465, 45.496208874984966 ], [ 9.19259744485031, 45.492674337435112 ], [ 9.192597452734798, 45.492674338463466 ], [ 9.19146124825115, 45.49053535336791 ], [ 9.191028639328941, 45.48972442840325 ], [ 9.190991021161796, 45.48961894137085 ], [ 9.190943998452846, 45.489473896378676 ], [ 9.19094399845283, 45.489309072070597 ], [ 9.1909439984528, 45.489117875268931 ], [ 9.19097221207813, 45.488913491763249 ], [ 9.191009830245251, 45.488768444954466 ], [ 9.191263752873285, 45.487608057037725 ], [ 9.191263760757636, 45.48760805806662 ], [ 9.191376607374629, 45.487087193324669 ], [ 9.191451843708853, 45.486652037669209 ], [ 9.19148005733418, 45.486447645216217 ], [ 9.191423630083429, 45.486164131876166 ], [ 9.191282561956607, 45.485775122878188 ], [ 9.191197921080521, 45.485610287746709 ], [ 9.191169707455145, 45.485432265262993 ], [ 9.191113280204416, 45.485267429128285 ], [ 9.191141493829743, 45.485076218607759 ], [ 9.191254348331034, 45.484133343446906 ], [ 9.191207325622068, 45.483849818459298 ], [ 9.191160302913129, 45.483684977694253 ], [ 9.191066257495262, 45.48350694912628 ], [ 9.19099102116097, 45.483414637795448 ], [ 9.190896975743106, 45.48330913894646 ], [ 9.190727693990963, 45.483177265107422 ], [ 9.190501984988106, 45.483038797244134 ], [ 9.190248062359911, 45.4829398914192 ], [ 9.189918903397432, 45.482867360370562 ], [ 9.189617958060317, 45.482840985420616 ], [ 9.189307608181421, 45.482847579159298 ], [ 9.188809167466834, 45.482926703962846 ], [ 9.18833894037761, 45.483045390959795 ], [ 9.187802881495907, 45.483243202065729 ], [ 9.186721359190711, 45.483645415839192 ], [ 9.186742407885667, 45.4836397010369 ], [ 9.185951311158721, 45.484036966988278 ], [ 9.185446907430034, 45.484293435250812 ], [ 9.184350884794645, 45.485018825375548 ], [ 9.183780953024229, 45.485342584054848 ], [ 9.183111648534855, 45.485621260921597 ], [ 9.182696621296884, 45.485654046344735 ], [ 9.18198347590207, 45.485697077183659 ], [ 9.181656130474934, 45.485668389961404 ], [ 9.181102617090202, 45.485404575567536 ], [ 9.180522112388017, 45.485186852264391 ], [ 9.179846642103461, 45.484941011937991 ], [ 9.179846642103461, 45.484941011937991 ], [ 9.179647114477053, 45.484868391820413 ], [ 9.179101667052361, 45.484736047285679 ], [ 9.178458667106197, 45.484654082356528 ], [ 9.177827358068159, 45.484727850798201 ], [ 9.177069782000014, 45.484918831244407 ], [ 9.176599812716468, 45.485170459419528 ], [ 9.176127518761691, 45.485579230116983 ], [ 9.175711303700091, 45.486080255109108 ], [ 9.175372267364907, 45.486531049331042 ], [ 9.174892940132336, 45.486670384997097 ], [ 9.174238249278119, 45.48708838992728 ], [ 9.173922594759119, 45.487211331963501 ], [ 9.173583558423896, 45.487383450363438 ], [ 9.171956563002562, 45.487479300015188 ], [ 9.171956563002562, 45.487479300015188 ], [ 9.170737961671396, 45.487508337400556 ], [ 9.170041611637503, 45.48752298057731 ], [ 9.169441900814521, 45.487510263458873 ], [ 9.168647613738159, 45.48711684769291 ], [ 9.168182063207777, 45.486682124266252 ], [ 9.167928574974844, 45.486002170690178 ], [ 9.167714464764254, 45.485553469574455 ], [ 9.167500398205128, 45.485118374476549 ], [ 9.167131669436523, 45.484710717924017 ], [ 9.166793057618905, 45.484508328936649 ], [ 9.166793057618905, 45.484508328936649 ], [ 9.162113163401406, 45.481710894133819 ], [ 9.162113163401406, 45.481710894133819 ], [ 9.156672896396216, 45.478138592418624 ], [ 9.156672896396216, 45.478138592418624 ], [ 9.155641161374691, 45.477461032512963 ], [ 9.155350788706116, 45.477366181180358 ], [ 9.154712358660756, 45.477299013102652 ], [ 9.154190159406657, 45.477299717648023 ], [ 9.15347514269269, 45.477518383052953 ], [ 9.152702464554729, 45.477873186257384 ], [ 9.152259013047665, 45.478390825229624 ], [ 9.152066478612909, 45.478717637948407 ], [ 9.152126146229755, 45.479329852645996 ], [ 9.152204608467445, 45.479737944299529 ], [ 9.151993019514322, 45.48017363438916 ], [ 9.15147253979506, 45.480827437624974 ], [ 9.15147253979506, 45.480827437624974 ], [ 9.150854975004158, 45.481345301114608 ], [ 9.150352983132994, 45.481686124654601 ], [ 9.150044156298454, 45.481931447289462 ], [ 9.149522201424636, 45.482040982377079 ], [ 9.148864740619, 45.482109871777553 ], [ 9.148149001973289, 45.482083587143634 ], [ 9.147703914947815, 45.482002523071891 ], [ 9.146871489354291, 45.481731463447368 ], [ 9.146348370305111, 45.481391970157567 ], [ 9.143724987007582, 45.479733920097679 ], [ 9.143724987007582, 45.479733920097679 ], [ 9.138955088595029, 45.47672546095005 ], [ 9.138791415881446, 45.476618891368197 ], [ 9.13860436135165, 45.47656150766371 ], [ 9.138393925005627, 45.476487728529257 ], [ 9.138183488659605, 45.476446740079481 ], [ 9.137891215956797, 45.476364763090501 ], [ 9.13789122386121, 45.476364764124263 ], [ 9.137446961448534, 45.476249995105526 ], [ 9.137142997837616, 45.476184413294902 ], [ 9.136815652410469, 45.476086040435803 ], [ 9.136675361513126, 45.476077842689854 ], [ 9.129006125791737, 45.476200808755308 ], [ 9.129006133699725, 45.476200809789781 ], [ 9.118285563053137, 45.476282785983614 ] ] } },
{ "type": "Feature", "properties": { "linea": "1", "mezzo": "METRO", "percorso": "100002", "nome": "BISCEGLIE - SESTO 1 MAGGIO FS", "lung_km": "16.38", "num_ferm": "27" }, "geometry": { "type": "LineString", "coordinates": [ [ 9.112913181069819, 45.45538556070953 ], [ 9.116483230975913, 45.456069940575183 ], [ 9.117632003780834, 45.456352684274023 ], [ 9.122242937768286, 45.457581805627569 ], [ 9.122242937768286, 45.457581805627569 ], [ 9.129252777920662, 45.459408652913773 ], [ 9.129252777920662, 45.459408652913773 ], [ 9.131511919002401, 45.460023055230081 ], [ 9.133080104760014, 45.460430739792187 ], [ 9.134807475726609, 45.460884625074051 ], [ 9.135743158357672, 45.461202926718485 ], [ 9.136480964132637, 45.46150507685357 ], [ 9.136480964132637, 45.46150507685357 ], [ 9.137016996674268, 45.461785624030647 ], [ 9.137770606430468, 45.462199675817828 ], [ 9.141364022651025, 45.464182716339465 ], [ 9.141923477872741, 45.464501431057911 ], [ 9.142358470115861, 45.464691989127175 ], [ 9.1430185923368, 45.464925944101957 ], [ 9.1430185923368, 45.464925944101957 ], [ 9.144509577995061, 45.465401817119343 ], [ 9.146373241322731, 45.46595636397025 ], [ 9.147910646429461, 45.466358423917114 ], [ 9.148873041783466, 45.466444535602697 ], [ 9.149571360241842, 45.466432705513135 ], [ 9.149571360241842, 45.466432705513135 ], [ 9.150545311482166, 45.466486028350012 ], [ 9.151088645473468, 45.466550831892029 ], [ 9.151492420283969, 45.466656767186606 ], [ 9.152187447439319, 45.466863323185549 ], [ 9.153655215832226, 45.467314537789505 ], [ 9.155045381799283, 45.467754918744866 ], [ 9.15589950758827, 45.467961236524822 ], [ 9.15589950758827, 45.467961236524822 ], [ 9.157973068513639, 45.468583557098192 ], [ 9.158221257110212, 45.468539534789798 ], [ 9.161076111950765, 45.46828439581796 ], [ 9.161076111950765, 45.46828439581796 ], [ 9.162321428217979, 45.468244417035876 ], [ 9.16313224941074, 45.468221424568611 ], [ 9.164039765255886, 45.4680945489145 ], [ 9.164613518300071, 45.46793538688781 ], [ 9.1652259546298, 45.467737946545277 ], [ 9.165582688173282, 45.467666451784936 ], [ 9.16589289538352, 45.467605943237352 ], [ 9.166482413965223, 45.467534108038144 ], [ 9.166482413965223, 45.467534108038144 ], [ 9.166971201713235, 45.467511556268867 ], [ 9.167227234767285, 45.467500262595095 ], [ 9.167498786818742, 45.467488945637598 ], [ 9.169035340622127, 45.467541286100939 ], [ 9.17359839435769, 45.467676414408217 ], [ 9.175181684937138, 45.467783200712894 ], [ 9.175616560295373, 45.467891733073266 ], [ 9.175989496045741, 45.468044038576821 ], [ 9.176409025664691, 45.468207190931025 ], [ 9.176409025664691, 45.468207190931025 ], [ 9.177497017981505, 45.468729663083529 ], [ 9.178258913145646, 45.469187113936293 ], [ 9.178756090243009, 45.469361056547989 ], [ 9.179485857627943, 45.469469113154382 ], [ 9.180114211892576, 45.469408066592266 ], [ 9.18066461858005, 45.469237940837353 ], [ 9.181083036198212, 45.469046181589214 ], [ 9.182012067298514, 45.468378594915258 ], [ 9.182012067298514, 45.468378594915258 ], [ 9.184605239917214, 45.466436161455597 ], [ 9.185116040208817, 45.466031300460244 ], [ 9.185611994274833, 45.465833939114994 ], [ 9.186216287810966, 45.465549040251041 ], [ 9.186216287810966, 45.465549040251041 ], [ 9.187595667417757, 45.465011712695407 ], [ 9.188277787781905, 45.464803114503312 ], [ 9.188975676330708, 45.464670925425338 ], [ 9.189588485136765, 45.464620772253625 ], [ 9.189588485136765, 45.464620772253625 ], [ 9.191062723129221, 45.464618320208054 ], [ 9.192203428784337, 45.46464916952965 ], [ 9.192863179583005, 45.464713578782835 ], [ 9.19360082205073, 45.464865211586286 ], [ 9.195977585922968, 45.465570958350959 ], [ 9.196894205012084, 45.465864221734151 ], [ 9.197205223784632, 45.466049324219206 ], [ 9.197345462472773, 45.466212880751094 ], [ 9.197532791321411, 45.466529234242785 ], [ 9.197532791321411, 45.466529234242785 ], [ 9.198079462305104, 45.467532918710383 ], [ 9.198546718851633, 45.468012583795328 ], [ 9.1999486902724, 45.46949524651518 ], [ 9.200976879122324, 45.470590893103726 ], [ 9.201948887516282, 45.47142591732613 ], [ 9.201948887516282, 45.47142591732613 ], [ 9.205046336148689, 45.474425421373006 ], [ 9.205046336148689, 45.474425421373006 ], [ 9.210974155071495, 45.480344131637423 ], [ 9.210974155071495, 45.480344131637423 ], [ 9.216716983178079, 45.486274447464666 ], [ 9.216716983178079, 45.486274447464666 ], [ 9.218179239780234, 45.491075751069012 ], [ 9.218179239780234, 45.491075751069012 ], [ 9.219510453562897, 45.495550337336859 ], [ 9.219510453562897, 45.495550337336859 ], [ 9.221051272938327, 45.500461292687874 ], [ 9.221051272938327, 45.500461292687874 ], [ 9.221964327700023, 45.503626272416938 ], [ 9.222155392686201, 45.50482708121325 ], [ 9.222737544818386, 45.506747836198485 ], [ 9.222737544818386, 45.506747836198485 ], [ 9.224513352214395, 45.512018630897927 ], [ 9.224513352214395, 45.512018630897927 ], [ 9.226134820756773, 45.517453495167651 ], [ 9.226134820756773, 45.517453495167651 ], [ 9.227945436497007, 45.523488542366628 ], [ 9.227945436497007, 45.523488542366628 ], [ 9.231251361489663, 45.534161440546143 ], [ 9.231251361489663, 45.534161440546143 ], [ 9.232906323110067, 45.536099069761292 ], [ 9.234856867104524, 45.538093396587229 ], [ 9.236721764382841, 45.540011428455543 ], [ 9.238335229365667, 45.541696543853192 ] ] } },
{ "type": "Feature", "properties": { "linea": "2", "mezzo": "METRO", "percorso": "100058", "nome": "CASCINA ANTONIETTA - GESSATE", "lung_km": "1.08", "num_ferm": "2" }, "geometry": { "type": "LineString", "coordinates": [ [ 9.423506605429145, 45.542088258256584 ], [ 9.427772921021385, 45.543114364616507 ], [ 9.433630865739341, 45.544536001612045 ], [ 9.436627021354205, 45.545276115958764 ] ] } },
{ "type": "Feature", "properties": { "linea": "2", "mezzo": "METRO", "percorso": "100052", "nome": "ASSAGO MILANOFIORI FORUM - COLOGNO NORD", "lung_km": "22.09", "num_ferm": "24" }, "geometry": { "type": "LineString", "coordinates": [ [ 9.145537788211529, 45.401749881754682 ], [ 9.149403257801346, 45.408356348622654 ], [ 9.15004651283162, 45.4094541512208 ], [ 9.15004651283162, 45.4094541512208 ], [ 9.152821804293566, 45.414225323934467 ], [ 9.153178312928105, 45.414800147726588 ], [ 9.153407865379304, 45.415078454321097 ], [ 9.153845246750466, 45.415507083464142 ], [ 9.154239413486918, 45.415768600768793 ], [ 9.154783363601332, 45.416064552759366 ], [ 9.155183673768356, 45.416223649030989 ], [ 9.155618117625787, 45.416352577073425 ], [ 9.156185105641466, 45.416467768501221 ], [ 9.157836578114852, 45.416697430514475 ], [ 9.158354386875123, 45.416811172948073 ], [ 9.158731072059382, 45.416928120858678 ], [ 9.159253474117666, 45.417153298395917 ], [ 9.159643290309052, 45.417375646487109 ], [ 9.160037530740146, 45.417649191762834 ], [ 9.16039337679929, 45.417955921928815 ], [ 9.160616472672604, 45.418202596496094 ], [ 9.160856968280292, 45.418551655568649 ], [ 9.161024767441893, 45.418903828446226 ], [ 9.16113276812235, 45.419283193619115 ], [ 9.161185075231071, 45.419629504658353 ], [ 9.161173390170417, 45.420033134545783 ], [ 9.160834478118463, 45.42269023030844 ], [ 9.160801915686246, 45.423274611600398 ], [ 9.160854472065724, 45.423708271315128 ], [ 9.160924027580862, 45.424102750577234 ], [ 9.161113854632529, 45.424674770787021 ], [ 9.161303291764911, 45.425108237438458 ], [ 9.161630176013434, 45.425740304212056 ], [ 9.162756483734823, 45.427696532208657 ], [ 9.163366209687863, 45.428496865210072 ], [ 9.163820998379732, 45.428966092785998 ], [ 9.166796396241065, 45.431232869950662 ], [ 9.167655369750332, 45.432382212006395 ], [ 9.168130777703546, 45.436899563714967 ], [ 9.168130777703546, 45.436899563714967 ], [ 9.168304637362795, 45.439260740415975 ], [ 9.168280351536426, 45.439727640800243 ], [ 9.167703896058876, 45.443732979422975 ], [ 9.167703896058876, 45.443732979422975 ], [ 9.167441036503819, 45.445280040396462 ], [ 9.167433021079798, 45.445463785772091 ], [ 9.16743656783083, 45.448114363725047 ], [ 9.167468091840558, 45.448645940097272 ], [ 9.167520429747098, 45.448980198306103 ], [ 9.167684607351193, 45.449510074292711 ], [ 9.167831037916006, 45.449826122269798 ], [ 9.16809349332889, 45.450304649023302 ], [ 9.168342882646648, 45.45070488172307 ], [ 9.169624187801594, 45.452371651137014 ], [ 9.169624187801594, 45.452371651137014 ], [ 9.169833750096442, 45.45268459078401 ], [ 9.169928657181412, 45.45293745985586 ], [ 9.169963516285094, 45.453145237681589 ], [ 9.169818279974784, 45.45466351262624 ], [ 9.169748856382929, 45.455061202519829 ], [ 9.169654553137073, 45.455368568573242 ], [ 9.169575896875184, 45.455541876387564 ], [ 9.169472692527513, 45.455735551639386 ], [ 9.169407405599495, 45.45583485086874 ], [ 9.16939897620156, 45.45584761737372 ], [ 9.169387236106656, 45.45586298899952 ], [ 9.169380424582819, 45.455871705704801 ], [ 9.16930961276463, 45.455962830001539 ], [ 9.169284421852678, 45.455991763844018 ], [ 9.169212320918295, 45.456076771816782 ], [ 9.169203670286613, 45.456086857523076 ], [ 9.169202193841526, 45.456088590735654 ], [ 9.169162636854921, 45.456132544124507 ], [ 9.169106450249242, 45.456194891283047 ], [ 9.169038400572338, 45.456270715904687 ], [ 9.169025809191503, 45.456286594674886 ], [ 9.168996156692639, 45.45632193558604 ], [ 9.168962847131711, 45.456364294250051 ], [ 9.168908118635716, 45.456433627986335 ], [ 9.168846114946204, 45.456530104150126 ], [ 9.168825956996018, 45.456565101568785 ], [ 9.168789595364768, 45.456626854568135 ], [ 9.168786541897232, 45.456634459718131 ], [ 9.168783329516803, 45.456644841809279 ], [ 9.168765277065887, 45.456702002704027 ], [ 9.168752823973977, 45.45674193034445 ], [ 9.168734179743995, 45.456813728645351 ], [ 9.168731717945102, 45.456834769358693 ], [ 9.168723930364695, 45.456964980150651 ], [ 9.168724335700418, 45.457005677132372 ], [ 9.168724389958449, 45.457018289889838 ], [ 9.168733009486159, 45.457094566023741 ], [ 9.168757429783389, 45.457233318290839 ], [ 9.168776062100163, 45.45731470950259 ], [ 9.168813011353972, 45.45743890086414 ], [ 9.168820286158583, 45.457456538692547 ], [ 9.168854248203971, 45.457543178312029 ], [ 9.168858278514344, 45.457549196407257 ], [ 9.168884915768302, 45.457601396837305 ], [ 9.168914627542142, 45.457653027969414 ], [ 9.168985841107318, 45.457763049848381 ], [ 9.169016180114006, 45.457800702369092 ], [ 9.169055451462228, 45.457851142775084 ], [ 9.169077336888758, 45.457879536389761 ], [ 9.169106291078441, 45.457912484649583 ], [ 9.169116356248004, 45.457923929574179 ], [ 9.169135480973093, 45.457945973775978 ], [ 9.169152921663388, 45.457963925998165 ], [ 9.169199176171684, 45.458012567645554 ], [ 9.169220475502, 45.458034996886219 ], [ 9.169261011567643, 45.4580777523447 ], [ 9.169300590847396, 45.458119203210522 ], [ 9.169317091760082, 45.458135933163994 ], [ 9.169390063577138, 45.458207266545628 ], [ 9.169453912626075, 45.458269200823651 ], [ 9.169512263253466, 45.45832615455047 ], [ 9.169584964969665, 45.458396452823351 ], [ 9.169651497005818, 45.458460924405458 ], [ 9.16981501214182, 45.458619801286765 ], [ 9.16981501214182, 45.458619801286765 ], [ 9.169892932768391, 45.458690750495904 ], [ 9.17016733669753, 45.458941846507848 ], [ 9.17034115209051, 45.459100283742544 ], [ 9.17048036821012, 45.459227899048393 ], [ 9.170671866418559, 45.45939496898788 ], [ 9.171081626596498, 45.459732456407792 ], [ 9.173193149781406, 45.461611792442248 ], [ 9.173193149781406, 45.461611792442248 ], [ 9.173450697060295, 45.461852363882393 ], [ 9.173583899314552, 45.462020834956199 ], [ 9.173920240909332, 45.462830557181263 ], [ 9.174251700610984, 45.46344149258325 ], [ 9.175065255577129, 45.464922163426202 ], [ 9.175659267235849, 45.465990519074708 ], [ 9.176300434577259, 45.467073858880049 ], [ 9.17712141419679, 45.468156916734131 ], [ 9.17712141419679, 45.468156916734131 ], [ 9.177437136749022, 45.468505821395489 ], [ 9.17769036781729, 45.468719281546846 ], [ 9.17852039642306, 45.469261658421999 ], [ 9.180918534359806, 45.470887391944082 ], [ 9.181171567698216, 45.471031568292389 ], [ 9.182020961617511, 45.471584430900464 ], [ 9.182588023034734, 45.472197978212343 ], [ 9.182588023034734, 45.472197978212343 ], [ 9.183210925238754, 45.472865649483623 ], [ 9.183365841201431, 45.473112386384841 ], [ 9.183434971690875, 45.47330805639686 ], [ 9.183486997925982, 45.473509777810698 ], [ 9.183513416131419, 45.473735636358619 ], [ 9.183495406149513, 45.47478384534115 ], [ 9.183526125693584, 45.475015720961309 ], [ 9.183582464321868, 45.475226471389121 ], [ 9.184507971850579, 45.477432786764894 ], [ 9.184507971850579, 45.477432786764894 ], [ 9.184805090772747, 45.477954891059092 ], [ 9.184916898837498, 45.478105310933344 ], [ 9.186580522165999, 45.480141740819207 ], [ 9.186761380883587, 45.480454694688014 ], [ 9.187097693168079, 45.481164979283854 ], [ 9.187541463014696, 45.483290730219757 ], [ 9.187541463014696, 45.483290730219757 ], [ 9.187972482859314, 45.484145432952452 ], [ 9.188670822166664, 45.485547878587838 ], [ 9.189263607104253, 45.486107132751386 ], [ 9.190018151506072, 45.486376962778905 ], [ 9.190832245788268, 45.48652620830395 ], [ 9.19140587706465, 45.486477058148346 ], [ 9.192261364985727, 45.486204543485776 ], [ 9.194791782530112, 45.484881005324681 ], [ 9.194791782530112, 45.484881005324681 ], [ 9.196189361264873, 45.484125616020634 ], [ 9.197310390624963, 45.483888751910399 ], [ 9.197888302820489, 45.483848597815125 ], [ 9.198457829987237, 45.483859659454296 ], [ 9.202612243931537, 45.484438637196874 ], [ 9.202612243931537, 45.484438637196874 ], [ 9.204616319322396, 45.484681114065438 ], [ 9.205121856695197, 45.484755509027984 ], [ 9.209410101904338, 45.485303455820471 ], [ 9.209410101904338, 45.485303455820471 ], [ 9.209874916680258, 45.485362844237883 ], [ 9.210547631419178, 45.485482088478818 ], [ 9.211933646692419, 45.485693381841877 ], [ 9.212293400589807, 45.485710786900086 ], [ 9.212490349007716, 45.485704397270048 ], [ 9.212926884209635, 45.48564334555153 ], [ 9.213239139249318, 45.485555415816329 ], [ 9.213542681687169, 45.485428345411073 ], [ 9.213965616366858, 45.485168522705017 ], [ 9.215145221689466, 45.484584993314108 ], [ 9.215145221689466, 45.484584993314108 ], [ 9.216521399006142, 45.483904695607187 ], [ 9.218026286837667, 45.483299436198429 ], [ 9.222897889785722, 45.48084128596043 ], [ 9.22354342530406, 45.480590029672086 ], [ 9.224095666664091, 45.480567865170229 ], [ 9.224755497234359, 45.480684039065601 ], [ 9.225960248201114, 45.481088286919764 ], [ 9.225960248201114, 45.481088286919764 ], [ 9.234874689392575, 45.484190770981243 ], [ 9.234874689392575, 45.484190770981243 ], [ 9.236092571002205, 45.484628016839835 ], [ 9.236728003934036, 45.485036336462365 ], [ 9.237124464365028, 45.485637916528866 ], [ 9.23722947871838, 45.48617383582166 ], [ 9.237065230724321, 45.489386479439951 ], [ 9.237161199481385, 45.490316989654922 ], [ 9.237126793890956, 45.490792957506535 ], [ 9.237010769967139, 45.491208854385697 ], [ 9.237010769967139, 45.491208854385697 ], [ 9.23636011702075, 45.49332537934005 ], [ 9.236266793879995, 45.493539424257349 ], [ 9.235931221606139, 45.494199745204959 ], [ 9.235795583720931, 45.494537369020868 ], [ 9.235736580458545, 45.494766402716287 ], [ 9.235729219802268, 45.495055569982412 ], [ 9.235768529520639, 45.495239221024214 ], [ 9.235889813704118, 45.495567279069299 ], [ 9.236036406239535, 45.495801912732205 ], [ 9.236182685664788, 45.495961246832749 ], [ 9.236333135445269, 45.496093464122239 ], [ 9.237398823523025, 45.49694064149427 ], [ 9.241425105078523, 45.50004360981832 ], [ 9.241425105078523, 45.50004360981832 ], [ 9.243212787549192, 45.50141931787649 ], [ 9.244398947982866, 45.502344484874548 ], [ 9.245193721817166, 45.502890967448089 ], [ 9.248236667743859, 45.505251833228328 ], [ 9.248236667743859, 45.505251833228328 ], [ 9.251937396675418, 45.508090077141865 ], [ 9.25378576554392, 45.509510664042146 ], [ 9.254318605751495, 45.50987694373304 ], [ 9.25485519368069, 45.510122732844522 ], [ 9.255558937520922, 45.5103862180313 ], [ 9.256245033800674, 45.510535282681232 ], [ 9.257342137350181, 45.510629203353702 ], [ 9.260591477656584, 45.511094729320106 ], [ 9.260591247715031, 45.511094980626886 ], [ 9.261161013032183, 45.511167128835147 ], [ 9.262181846601745, 45.511333291147295 ], [ 9.262835945001177, 45.511480125548104 ], [ 9.263244155218816, 45.511607360266126 ], [ 9.263590172205495, 45.511794503166307 ], [ 9.263878814805476, 45.511976736865201 ], [ 9.264133641584568, 45.512154727471589 ], [ 9.264345475039796, 45.512337137333077 ], [ 9.264557538987486, 45.512568511415076 ], [ 9.264699010546664, 45.512815890153668 ], [ 9.265189409164975, 45.513867504800999 ], [ 9.265408070394404, 45.514193191845223 ], [ 9.26568402219416, 45.514504343875352 ], [ 9.266114887674496, 45.514869140552562 ], [ 9.266594619170672, 45.515169734977391 ], [ 9.26731306863538, 45.515484171203987 ], [ 9.270060505285281, 45.516431816754569 ], [ 9.270903693758836, 45.51690651250297 ], [ 9.271595125901577, 45.517344118550326 ], [ 9.272252858090688, 45.517800522557444 ], [ 9.272739300043563, 45.518206206011975 ], [ 9.274951265006274, 45.520209918857027 ], [ 9.274951315746423, 45.52020970711385 ], [ 9.282947493436618, 45.527482975079685 ], [ 9.282947493436618, 45.527482975079685 ], [ 9.283390889285791, 45.52788623608599 ], [ 9.284643650417635, 45.529030690706591 ], [ 9.2857195301657, 45.529931602804631 ], [ 9.29109554737021, 45.534303490674105 ] ] } },
{ "type": "Feature", "properties": { "linea": "2", "mezzo": "METRO", "percorso": "100066", "nome": "COLOGNO NORD - ABBIATEGRASSO", "lung_km": "18.89", "num_ferm": "23" }, "geometry": { "type": "LineString", "coordinates": [ [ 9.29109554737021, 45.534303490674105 ], [ 9.2857195301657, 45.529931602804631 ], [ 9.284643650417635, 45.529030690706591 ], [ 9.283390889285791, 45.52788623608599 ], [ 9.282947493436618, 45.527482975079685 ], [ 9.282947493436618, 45.527482975079685 ], [ 9.274951315746423, 45.52020970711385 ], [ 9.274951265006274, 45.520209918857027 ], [ 9.272739300043563, 45.518206206011975 ], [ 9.272252858090688, 45.517800522557444 ], [ 9.271595125901577, 45.517344118550326 ], [ 9.270903693758836, 45.51690651250297 ], [ 9.270060505285281, 45.516431816754569 ], [ 9.26731306863538, 45.515484171203987 ], [ 9.266594619170672, 45.515169734977391 ], [ 9.266114887674496, 45.514869140552562 ], [ 9.26568402219416, 45.514504343875352 ], [ 9.265408070394404, 45.514193191845223 ], [ 9.265189409164975, 45.513867504800999 ], [ 9.264699010546664, 45.512815890153668 ], [ 9.264557538987486, 45.512568511415076 ], [ 9.264345475039796, 45.512337137333077 ], [ 9.264133641584568, 45.512154727471589 ], [ 9.263878814805476, 45.511976736865201 ], [ 9.263590172205495, 45.511794503166307 ], [ 9.263244155218816, 45.511607360266126 ], [ 9.262835945001177, 45.511480125548104 ], [ 9.262181846601745, 45.511333291147295 ], [ 9.261161013032183, 45.511167128835147 ], [ 9.260591247715031, 45.511094980626886 ], [ 9.260591477656584, 45.511094729320106 ], [ 9.257342137350181, 45.510629203353702 ], [ 9.256245033800674, 45.510535282681232 ], [ 9.255558937520922, 45.5103862180313 ], [ 9.25485519368069, 45.510122732844522 ], [ 9.254318605751495, 45.50987694373304 ], [ 9.25378576554392, 45.509510664042146 ], [ 9.251937396675418, 45.508090077141865 ], [ 9.248236667743859, 45.505251833228328 ], [ 9.248236667743859, 45.505251833228328 ], [ 9.245193721817166, 45.502890967448089 ], [ 9.244398947982866, 45.502344484874548 ], [ 9.243212787549192, 45.50141931787649 ], [ 9.241425105078523, 45.50004360981832 ], [ 9.241425105078523, 45.50004360981832 ], [ 9.237398823523025, 45.49694064149427 ], [ 9.236333135445269, 45.496093464122239 ], [ 9.236182685664788, 45.495961246832749 ], [ 9.236036406239535, 45.495801912732205 ], [ 9.235889813704118, 45.495567279069299 ], [ 9.235768529520639, 45.495239221024214 ], [ 9.235729219802268, 45.495055569982412 ], [ 9.235736580458545, 45.494766402716287 ], [ 9.235795583720931, 45.494537369020868 ], [ 9.235931221606139, 45.494199745204959 ], [ 9.236266793879995, 45.493539424257349 ], [ 9.23636011702075, 45.49332537934005 ], [ 9.237010769967139, 45.491208854385697 ], [ 9.237010769967139, 45.491208854385697 ], [ 9.237126793890956, 45.490792957506535 ], [ 9.237161199481385, 45.490316989654922 ], [ 9.237065230724321, 45.489386479439951 ], [ 9.23722947871838, 45.48617383582166 ], [ 9.237124464365028, 45.485637916528866 ], [ 9.236728003934036, 45.485036336462365 ], [ 9.236092571002205, 45.484628016839835 ], [ 9.234874689392575, 45.484190770981243 ], [ 9.234874689392575, 45.484190770981243 ], [ 9.225960248201114, 45.481088286919764 ], [ 9.225960248201114, 45.481088286919764 ], [ 9.224755497234359, 45.480684039065601 ], [ 9.224095666664091, 45.480567865170229 ], [ 9.22354342530406, 45.480590029672086 ], [ 9.222897889785722, 45.48084128596043 ], [ 9.218026286837667, 45.483299436198429 ], [ 9.216521399006142, 45.483904695607187 ], [ 9.215145221689466, 45.484584993314108 ], [ 9.215145221689466, 45.484584993314108 ], [ 9.213965616366858, 45.485168522705017 ], [ 9.213542681687169, 45.485428345411073 ], [ 9.213239139249318, 45.485555415816329 ], [ 9.212926884209635, 45.48564334555153 ], [ 9.212490349007716, 45.485704397270048 ], [ 9.212293400589807, 45.485710786900086 ], [ 9.211933646692419, 45.485693381841877 ], [ 9.210547631419178, 45.485482088478818 ], [ 9.209874916680258, 45.485362844237883 ], [ 9.209410101904338, 45.485303455820471 ], [ 9.209410101904338, 45.485303455820471 ], [ 9.205121856695197, 45.484755509027984 ], [ 9.204616319322396, 45.484681114065438 ], [ 9.202612243931537, 45.484438637196874 ], [ 9.202612243931537, 45.484438637196874 ], [ 9.198457829987237, 45.483859659454296 ], [ 9.197888302820489, 45.483848597815125 ], [ 9.197310390624963, 45.483888751910399 ], [ 9.196189361264873, 45.484125616020634 ], [ 9.194791782530112, 45.484881005324681 ], [ 9.194791782530112, 45.484881005324681 ], [ 9.192261364985727, 45.486204543485776 ], [ 9.19140587706465, 45.486477058148346 ], [ 9.190832245788268, 45.48652620830395 ], [ 9.190018151506072, 45.486376962778905 ], [ 9.189263607104253, 45.486107132751386 ], [ 9.188670822166664, 45.485547878587838 ], [ 9.187972482859314, 45.484145432952452 ], [ 9.187541463014696, 45.483290730219757 ], [ 9.187541463014696, 45.483290730219757 ], [ 9.187097693168079, 45.481164979283854 ], [ 9.186761380883587, 45.480454694688014 ], [ 9.186580522165999, 45.480141740819207 ], [ 9.184916898837498, 45.478105310933344 ], [ 9.184805090772747, 45.477954891059092 ], [ 9.184507971850579, 45.477432786764894 ], [ 9.184507971850579, 45.477432786764894 ], [ 9.183582464321868, 45.475226471389121 ], [ 9.183526125693584, 45.475015720961309 ], [ 9.183495406149513, 45.47478384534115 ], [ 9.183513416131419, 45.473735636358619 ], [ 9.183486997925982, 45.473509777810698 ], [ 9.183434971690875, 45.47330805639686 ], [ 9.183365841201431, 45.473112386384841 ], [ 9.183210925238754, 45.472865649483623 ], [ 9.182588023034734, 45.472197978212343 ], [ 9.182588023034734, 45.472197978212343 ], [ 9.182020961617511, 45.471584430900464 ], [ 9.181171567698216, 45.471031568292389 ], [ 9.180918534359806, 45.470887391944082 ], [ 9.17852039642306, 45.469261658421999 ], [ 9.17769036781729, 45.468719281546846 ], [ 9.177437136749022, 45.468505821395489 ], [ 9.17712141419679, 45.468156916734131 ], [ 9.17712141419679, 45.468156916734131 ], [ 9.176300434577259, 45.467073858880049 ], [ 9.175659267235849, 45.465990519074708 ], [ 9.175065255577129, 45.464922163426202 ], [ 9.174251700610984, 45.46344149258325 ], [ 9.173920240909332, 45.462830557181263 ], [ 9.173583899314552, 45.462020834956199 ], [ 9.173450697060295, 45.461852363882393 ], [ 9.173193149781406, 45.461611792442248 ], [ 9.173193149781406, 45.461611792442248 ], [ 9.171081626596498, 45.459732456407792 ], [ 9.170671866418559, 45.45939496898788 ], [ 9.17048036821012, 45.459227899048393 ], [ 9.17034115209051, 45.459100283742544 ], [ 9.17016733669753, 45.458941846507848 ], [ 9.169892932768391, 45.458690750495904 ], [ 9.16981501214182, 45.458619801286765 ], [ 9.16981501214182, 45.458619801286765 ], [ 9.169651497005818, 45.458460924405458 ], [ 9.169584964969665, 45.458396452823351 ], [ 9.169512263253466, 45.45832615455047 ], [ 9.169453912626075, 45.458269200823651 ], [ 9.169390063577138, 45.458207266545628 ], [ 9.169317091760082, 45.458135933163994 ], [ 9.169300590847396, 45.458119203210522 ], [ 9.169261011567643, 45.4580777523447 ], [ 9.169220475502, 45.458034996886219 ], [ 9.169199176171684, 45.458012567645554 ], [ 9.169152921663388, 45.457963925998165 ], [ 9.169135480973093, 45.457945973775978 ], [ 9.169116356248004, 45.457923929574179 ], [ 9.169106291078441, 45.457912484649583 ], [ 9.169077336888758, 45.457879536389761 ], [ 9.169055451462228, 45.457851142775084 ], [ 9.169016180114006, 45.457800702369092 ], [ 9.168985841107318, 45.457763049848381 ], [ 9.168914627542142, 45.457653027969414 ], [ 9.168884915768302, 45.457601396837305 ], [ 9.168858278514344, 45.457549196407257 ], [ 9.168854248203971, 45.457543178312029 ], [ 9.168820286158583, 45.457456538692547 ], [ 9.168813011353972, 45.45743890086414 ], [ 9.168776062100163, 45.45731470950259 ], [ 9.168757429783389, 45.457233318290839 ], [ 9.168733009486159, 45.457094566023741 ], [ 9.168724389958449, 45.457018289889838 ], [ 9.168724335700418, 45.457005677132372 ], [ 9.168723930364695, 45.456964980150651 ], [ 9.168731717945102, 45.456834769358693 ], [ 9.168734179743995, 45.456813728645351 ], [ 9.168752823973977, 45.45674193034445 ], [ 9.168765277065887, 45.456702002704027 ], [ 9.168783329516803, 45.456644841809279 ], [ 9.168786541897232, 45.456634459718131 ], [ 9.168789595364768, 45.456626854568135 ], [ 9.168825956996018, 45.456565101568785 ], [ 9.168846114946204, 45.456530104150126 ], [ 9.168908118635716, 45.456433627986335 ], [ 9.168962847131711, 45.456364294250051 ], [ 9.168996156692639, 45.45632193558604 ], [ 9.169025809191503, 45.456286594674886 ], [ 9.169038400572338, 45.456270715904687 ], [ 9.169106450249242, 45.456194891283047 ], [ 9.169162636854921, 45.456132544124507 ], [ 9.169202193841526, 45.456088590735654 ], [ 9.169203670286613, 45.456086857523076 ], [ 9.169212320918295, 45.456076771816782 ], [ 9.169284421852678, 45.455991763844018 ], [ 9.16930961276463, 45.455962830001539 ], [ 9.169380424582819, 45.455871705704801 ], [ 9.169387236106656, 45.45586298899952 ], [ 9.16939897620156, 45.45584761737372 ], [ 9.169407405599495, 45.45583485086874 ], [ 9.169472692527513, 45.455735551639386 ], [ 9.169575896875184, 45.455541876387564 ], [ 9.169654553137073, 45.455368568573242 ], [ 9.169748856382929, 45.455061202519829 ], [ 9.169818279974784, 45.45466351262624 ], [ 9.169963516285094, 45.453145237681589 ], [ 9.169928657181412, 45.45293745985586 ], [ 9.169833750096442, 45.45268459078401 ], [ 9.169624187801594, 45.452371651137014 ], [ 9.169624187801594, 45.452371651137014 ], [ 9.168342882646648, 45.45070488172307 ], [ 9.16809349332889, 45.450304649023302 ], [ 9.167831037916006, 45.449826122269798 ], [ 9.167684607351193, 45.449510074292711 ], [ 9.167520429747098, 45.448980198306103 ], [ 9.167468091840558, 45.448645940097272 ], [ 9.16743656783083, 45.448114363725047 ], [ 9.167433021079798, 45.445463785772091 ], [ 9.167441036503819, 45.445280040396462 ], [ 9.167703896058876, 45.443732979422975 ], [ 9.167703896058876, 45.443732979422975 ], [ 9.168280351536426, 45.439727640800243 ], [ 9.168304637362795, 45.439260740415975 ], [ 9.168130777703546, 45.436899563714967 ], [ 9.168130777703546, 45.436899563714967 ], [ 9.167655369750332, 45.432382212006395 ], [ 9.168365519946079, 45.432294401715311 ], [ 9.1693167572011, 45.432073747139306 ], [ 9.170118932437784, 45.431708799743141 ], [ 9.17109399141675, 45.431179149866225 ], [ 9.172083156027732, 45.43063950443657 ], [ 9.172634256442029, 45.430339695336379 ], [ 9.173157438493197, 45.430169483441624 ], [ 9.173595968150874, 45.430089091329855 ], [ 9.174034618832827, 45.43004856123796 ], [ 9.175011241766969, 45.430047071935455 ], [ 9.177304057691304, 45.430003678800034 ] ] } },
{ "type": "Feature", "properties": { "linea": "1", "mezzo": "METRO", "percorso": "100013", "nome": "MOLINO DORINO - SESTO 1 MAGGIO FS", "lung_km": "19.18", "num_ferm": "29" }, "geometry": { "type": "LineString", "coordinates": [ [ 9.092913367854623, 45.505217192028191 ], [ 9.09521100156757, 45.504778514310345 ], [ 9.096080166044304, 45.504493873965075 ], [ 9.096825087899807, 45.504209332006099 ], [ 9.097414598104164, 45.503859398469018 ], [ 9.101478420988439, 45.50116959746007 ], [ 9.101571395650824, 45.501060316899078 ], [ 9.102874271712254, 45.500229248410335 ], [ 9.110073046092328, 45.496990291428531 ], [ 9.110073046092328, 45.496990291428531 ], [ 9.120500474347461, 45.493747528134534 ], [ 9.120500474347461, 45.493747528134534 ], [ 9.127198243083052, 45.489459709325345 ], [ 9.127198243083052, 45.489459709325345 ], [ 9.137125885622796, 45.485953901603168 ], [ 9.137125885622796, 45.485953901603168 ], [ 9.143628991879275, 45.479219297748237 ], [ 9.143628991879275, 45.479219297748237 ], [ 9.150940814454698, 45.473684438401811 ], [ 9.150940814454698, 45.473684438401811 ], [ 9.155215705012314, 45.470446438800735 ], [ 9.155215705012314, 45.470446438800735 ], [ 9.157039173900772, 45.468999797613471 ], [ 9.157166937424066, 45.468901343330259 ], [ 9.157600875991601, 45.468682349072566 ], [ 9.157973068513639, 45.468583557098192 ], [ 9.158221257110212, 45.468539534789798 ], [ 9.161076111950765, 45.46828439581796 ], [ 9.161076111950765, 45.46828439581796 ], [ 9.162321428217979, 45.468244417035876 ], [ 9.16313224941074, 45.468221424568611 ], [ 9.164039765255886, 45.4680945489145 ], [ 9.164613518300071, 45.46793538688781 ], [ 9.1652259546298, 45.467737946545277 ], [ 9.165582688173282, 45.467666451784936 ], [ 9.16589289538352, 45.467605943237352 ], [ 9.166482413965223, 45.467534108038144 ], [ 9.166482413965223, 45.467534108038144 ], [ 9.166971201713235, 45.467511556268867 ], [ 9.167227234767285, 45.467500262595095 ], [ 9.167498786818742, 45.467488945637598 ], [ 9.169035340622127, 45.467541286100939 ], [ 9.17359839435769, 45.467676414408217 ], [ 9.175181684937138, 45.467783200712894 ], [ 9.175616560295373, 45.467891733073266 ], [ 9.175989496045741, 45.468044038576821 ], [ 9.176409025664691, 45.468207190931025 ], [ 9.176409025664691, 45.468207190931025 ], [ 9.177497017981505, 45.468729663083529 ], [ 9.178258913145646, 45.469187113936293 ], [ 9.178756090243009, 45.469361056547989 ], [ 9.179485857627943, 45.469469113154382 ], [ 9.180114211892576, 45.469408066592266 ], [ 9.18066461858005, 45.469237940837353 ], [ 9.181083036198212, 45.469046181589214 ], [ 9.182012067298514, 45.468378594915258 ], [ 9.182012067298514, 45.468378594915258 ], [ 9.184605239917214, 45.466436161455597 ], [ 9.185116040208817, 45.466031300460244 ], [ 9.185611994274833, 45.465833939114994 ], [ 9.186216287810966, 45.465549040251041 ], [ 9.186216287810966, 45.465549040251041 ], [ 9.187595667417757, 45.465011712695407 ], [ 9.188277787781905, 45.464803114503312 ], [ 9.188975676330708, 45.464670925425338 ], [ 9.189588485136765, 45.464620772253625 ], [ 9.189588485136765, 45.464620772253625 ], [ 9.191062723129221, 45.464618320208054 ], [ 9.192203428784337, 45.46464916952965 ], [ 9.192863179583005, 45.464713578782835 ], [ 9.19360082205073, 45.464865211586286 ], [ 9.195977585922968, 45.465570958350959 ], [ 9.196894205012084, 45.465864221734151 ], [ 9.197205223784632, 45.466049324219206 ], [ 9.197345462472773, 45.466212880751094 ], [ 9.197532791321411, 45.466529234242785 ], [ 9.197532791321411, 45.466529234242785 ], [ 9.198079462305104, 45.467532918710383 ], [ 9.198546718851633, 45.468012583795328 ], [ 9.1999486902724, 45.46949524651518 ], [ 9.200976879122324, 45.470590893103726 ], [ 9.201948887516282, 45.47142591732613 ], [ 9.201948887516282, 45.47142591732613 ], [ 9.205046336148689, 45.474425421373006 ], [ 9.205046336148689, 45.474425421373006 ], [ 9.210974155071495, 45.480344131637423 ], [ 9.210974155071495, 45.480344131637423 ], [ 9.216716983178079, 45.486274447464666 ], [ 9.216716983178079, 45.486274447464666 ], [ 9.218179239780234, 45.491075751069012 ], [ 9.218179239780234, 45.491075751069012 ], [ 9.219510453562897, 45.495550337336859 ], [ 9.219510453562897, 45.495550337336859 ], [ 9.221051272938327, 45.500461292687874 ], [ 9.221051272938327, 45.500461292687874 ], [ 9.221964327700023, 45.503626272416938 ], [ 9.222155392686201, 45.50482708121325 ], [ 9.222737544818386, 45.506747836198485 ], [ 9.222737544818386, 45.506747836198485 ], [ 9.224513352214395, 45.512018630897927 ], [ 9.224513352214395, 45.512018630897927 ], [ 9.226134820756773, 45.517453495167651 ], [ 9.226134820756773, 45.517453495167651 ], [ 9.227945436497007, 45.523488542366628 ], [ 9.227945436497007, 45.523488542366628 ], [ 9.231251361489663, 45.534161440546143 ], [ 9.231251361489663, 45.534161440546143 ], [ 9.232906323110067, 45.536099069761292 ], [ 9.234856867104524, 45.538093396587229 ], [ 9.236721764382841, 45.540011428455543 ], [ 9.238335229365667, 45.541696543853192 ] ] } },
{ "type": "Feature", "properties": { "linea": "2", "mezzo": "METRO", "percorso": "100053", "nome": "ASSAGO MILANOFIORI FORUM - GESSATE", "lung_km": "33.25", "num_ferm": "31" }, "geometry": { "type": "LineString", "coordinates": [ [ 9.145537788211529, 45.401749881754682 ], [ 9.149403257801346, 45.408356348622654 ], [ 9.15004651283162, 45.4094541512208 ], [ 9.15004651283162, 45.4094541512208 ], [ 9.152821804293566, 45.414225323934467 ], [ 9.153178312928105, 45.414800147726588 ], [ 9.153407865379304, 45.415078454321097 ], [ 9.153845246750466, 45.415507083464142 ], [ 9.154239413486918, 45.415768600768793 ], [ 9.154783363601332, 45.416064552759366 ], [ 9.155183673768356, 45.416223649030989 ], [ 9.155618117625787, 45.416352577073425 ], [ 9.156185105641466, 45.416467768501221 ], [ 9.157836578114852, 45.416697430514475 ], [ 9.158354386875123, 45.416811172948073 ], [ 9.158731072059382, 45.416928120858678 ], [ 9.159253474117666, 45.417153298395917 ], [ 9.159643290309052, 45.417375646487109 ], [ 9.160037530740146, 45.417649191762834 ], [ 9.16039337679929, 45.417955921928815 ], [ 9.160616472672604, 45.418202596496094 ], [ 9.160856968280292, 45.418551655568649 ], [ 9.161024767441893, 45.418903828446226 ], [ 9.16113276812235, 45.419283193619115 ], [ 9.161185075231071, 45.419629504658353 ], [ 9.161173390170417, 45.420033134545783 ], [ 9.160834478118463, 45.42269023030844 ], [ 9.160801915686246, 45.423274611600398 ], [ 9.160854472065724, 45.423708271315128 ], [ 9.160924027580862, 45.424102750577234 ], [ 9.161113854632529, 45.424674770787021 ], [ 9.161303291764911, 45.425108237438458 ], [ 9.161630176013434, 45.425740304212056 ], [ 9.162756483734823, 45.427696532208657 ], [ 9.163366209687863, 45.428496865210072 ], [ 9.163820998379732, 45.428966092785998 ], [ 9.166796396241065, 45.431232869950662 ], [ 9.167655369750332, 45.432382212006395 ], [ 9.168130777703546, 45.436899563714967 ], [ 9.168130777703546, 45.436899563714967 ], [ 9.168304637362795, 45.439260740415975 ], [ 9.168280351536426, 45.439727640800243 ], [ 9.167703896058876, 45.443732979422975 ], [ 9.167703896058876, 45.443732979422975 ], [ 9.167441036503819, 45.445280040396462 ], [ 9.167433021079798, 45.445463785772091 ], [ 9.16743656783083, 45.448114363725047 ], [ 9.167468091840558, 45.448645940097272 ], [ 9.167520429747098, 45.448980198306103 ], [ 9.167684607351193, 45.449510074292711 ], [ 9.167831037916006, 45.449826122269798 ], [ 9.16809349332889, 45.450304649023302 ], [ 9.168342882646648, 45.45070488172307 ], [ 9.169624187801594, 45.452371651137014 ], [ 9.169624187801594, 45.452371651137014 ], [ 9.169833750096442, 45.45268459078401 ], [ 9.169928657181412, 45.45293745985586 ], [ 9.169963516285094, 45.453145237681589 ], [ 9.169818279974784, 45.45466351262624 ], [ 9.169748856382929, 45.455061202519829 ], [ 9.169654553137073, 45.455368568573242 ], [ 9.169575896875184, 45.455541876387564 ], [ 9.169472692527513, 45.455735551639386 ], [ 9.169407405599495, 45.45583485086874 ], [ 9.16939897620156, 45.45584761737372 ], [ 9.169387236106656, 45.45586298899952 ], [ 9.169380424582819, 45.455871705704801 ], [ 9.16930961276463, 45.455962830001539 ], [ 9.169284421852678, 45.455991763844018 ], [ 9.169212320918295, 45.456076771816782 ], [ 9.169203670286613, 45.456086857523076 ], [ 9.169202193841526, 45.456088590735654 ], [ 9.169162636854921, 45.456132544124507 ], [ 9.169106450249242, 45.456194891283047 ], [ 9.169038400572338, 45.456270715904687 ], [ 9.169025809191503, 45.456286594674886 ], [ 9.168996156692639, 45.45632193558604 ], [ 9.168962847131711, 45.456364294250051 ], [ 9.168908118635716, 45.456433627986335 ], [ 9.168846114946204, 45.456530104150126 ], [ 9.168825956996018, 45.456565101568785 ], [ 9.168789595364768, 45.456626854568135 ], [ 9.168786541897232, 45.456634459718131 ], [ 9.168783329516803, 45.456644841809279 ], [ 9.168765277065887, 45.456702002704027 ], [ 9.168752823973977, 45.45674193034445 ], [ 9.168734179743995, 45.456813728645351 ], [ 9.168731717945102, 45.456834769358693 ], [ 9.168723930364695, 45.456964980150651 ], [ 9.168724335700418, 45.457005677132372 ], [ 9.168724389958449, 45.457018289889838 ], [ 9.168733009486159, 45.457094566023741 ], [ 9.168757429783389, 45.457233318290839 ], [ 9.168776062100163, 45.45731470950259 ], [ 9.168813011353972, 45.45743890086414 ], [ 9.168820286158583, 45.457456538692547 ], [ 9.168854248203971, 45.457543178312029 ], [ 9.168858278514344, 45.457549196407257 ], [ 9.168884915768302, 45.457601396837305 ], [ 9.168914627542142, 45.457653027969414 ], [ 9.168985841107318, 45.457763049848381 ], [ 9.169016180114006, 45.457800702369092 ], [ 9.169055451462228, 45.457851142775084 ], [ 9.169077336888758, 45.457879536389761 ], [ 9.169106291078441, 45.457912484649583 ], [ 9.169116356248004, 45.457923929574179 ], [ 9.169135480973093, 45.457945973775978 ], [ 9.169152921663388, 45.457963925998165 ], [ 9.169199176171684, 45.458012567645554 ], [ 9.169220475502, 45.458034996886219 ], [ 9.169261011567643, 45.4580777523447 ], [ 9.169300590847396, 45.458119203210522 ], [ 9.169317091760082, 45.458135933163994 ], [ 9.169390063577138, 45.458207266545628 ], [ 9.169453912626075, 45.458269200823651 ], [ 9.169512263253466, 45.45832615455047 ], [ 9.169584964969665, 45.458396452823351 ], [ 9.169651497005818, 45.458460924405458 ], [ 9.16981501214182, 45.458619801286765 ], [ 9.16981501214182, 45.458619801286765 ], [ 9.169892932768391, 45.458690750495904 ], [ 9.17016733669753, 45.458941846507848 ], [ 9.17034115209051, 45.459100283742544 ], [ 9.17048036821012, 45.459227899048393 ], [ 9.170671866418559, 45.45939496898788 ], [ 9.171081626596498, 45.459732456407792 ], [ 9.173193149781406, 45.461611792442248 ], [ 9.173193149781406, 45.461611792442248 ], [ 9.173450697060295, 45.461852363882393 ], [ 9.173583899314552, 45.462020834956199 ], [ 9.173920240909332, 45.462830557181263 ], [ 9.174251700610984, 45.46344149258325 ], [ 9.175065255577129, 45.464922163426202 ], [ 9.175659267235849, 45.465990519074708 ], [ 9.176300434577259, 45.467073858880049 ], [ 9.17712141419679, 45.468156916734131 ], [ 9.17712141419679, 45.468156916734131 ], [ 9.177437136749022, 45.468505821395489 ], [ 9.17769036781729, 45.468719281546846 ], [ 9.17852039642306, 45.469261658421999 ], [ 9.180918534359806, 45.470887391944082 ], [ 9.181171567698216, 45.471031568292389 ], [ 9.182020961617511, 45.471584430900464 ], [ 9.182588023034734, 45.472197978212343 ], [ 9.182588023034734, 45.472197978212343 ], [ 9.183210925238754, 45.472865649483623 ], [ 9.183365841201431, 45.473112386384841 ], [ 9.183434971690875, 45.47330805639686 ], [ 9.183486997925982, 45.473509777810698 ], [ 9.183513416131419, 45.473735636358619 ], [ 9.183495406149513, 45.47478384534115 ], [ 9.183526125693584, 45.475015720961309 ], [ 9.183582464321868, 45.475226471389121 ], [ 9.184507971850579, 45.477432786764894 ], [ 9.184507971850579, 45.477432786764894 ], [ 9.184805090772747, 45.477954891059092 ], [ 9.184916898837498, 45.478105310933344 ], [ 9.186580522165999, 45.480141740819207 ], [ 9.186761380883587, 45.480454694688014 ], [ 9.187097693168079, 45.481164979283854 ], [ 9.187541463014696, 45.483290730219757 ], [ 9.187541463014696, 45.483290730219757 ], [ 9.187972482859314, 45.484145432952452 ], [ 9.188670822166664, 45.485547878587838 ], [ 9.189263607104253, 45.486107132751386 ], [ 9.190018151506072, 45.486376962778905 ], [ 9.190832245788268, 45.48652620830395 ], [ 9.19140587706465, 45.486477058148346 ], [ 9.192261364985727, 45.486204543485776 ], [ 9.194791782530112, 45.484881005324681 ], [ 9.194791782530112, 45.484881005324681 ], [ 9.196189361264873, 45.484125616020634 ], [ 9.197310390624963, 45.483888751910399 ], [ 9.197888302820489, 45.483848597815125 ], [ 9.198457829987237, 45.483859659454296 ], [ 9.202612243931537, 45.484438637196874 ], [ 9.202612243931537, 45.484438637196874 ], [ 9.204616319322396, 45.484681114065438 ], [ 9.205121856695197, 45.484755509027984 ], [ 9.209410101904338, 45.485303455820471 ], [ 9.209410101904338, 45.485303455820471 ], [ 9.209874916680258, 45.485362844237883 ], [ 9.210547631419178, 45.485482088478818 ], [ 9.211933646692419, 45.485693381841877 ], [ 9.212293400589807, 45.485710786900086 ], [ 9.212490349007716, 45.485704397270048 ], [ 9.212926884209635, 45.48564334555153 ], [ 9.213239139249318, 45.485555415816329 ], [ 9.213542681687169, 45.485428345411073 ], [ 9.213965616366858, 45.485168522705017 ], [ 9.215145221689466, 45.484584993314108 ], [ 9.215145221689466, 45.484584993314108 ], [ 9.216521399006142, 45.483904695607187 ], [ 9.218026286837667, 45.483299436198429 ], [ 9.222897889785722, 45.48084128596043 ], [ 9.22354342530406, 45.480590029672086 ], [ 9.224095666664091, 45.480567865170229 ], [ 9.224755497234359, 45.480684039065601 ], [ 9.225960248201114, 45.481088286919764 ], [ 9.225960248201114, 45.481088286919764 ], [ 9.234874689392575, 45.484190770981243 ], [ 9.234874689392575, 45.484190770981243 ], [ 9.236092571002205, 45.484628016839835 ], [ 9.236728003934036, 45.485036336462365 ], [ 9.237124464365028, 45.485637916528866 ], [ 9.23722947871838, 45.48617383582166 ], [ 9.237065230724321, 45.489386479439951 ], [ 9.237161199481385, 45.490316989654922 ], [ 9.237126793890956, 45.490792957506535 ], [ 9.237010769967139, 45.491208854385697 ], [ 9.237010769967139, 45.491208854385697 ], [ 9.23636011702075, 45.49332537934005 ], [ 9.236266793879995, 45.493539424257349 ], [ 9.235931221606139, 45.494199745204959 ], [ 9.235795583720931, 45.494537369020868 ], [ 9.235736580458545, 45.494766402716287 ], [ 9.235729219802268, 45.495055569982412 ], [ 9.235768529520639, 45.495239221024214 ], [ 9.235889813704118, 45.495567279069299 ], [ 9.236036406239535, 45.495801912732205 ], [ 9.236182685664788, 45.495961246832749 ], [ 9.236333135445269, 45.496093464122239 ], [ 9.237398823523025, 45.49694064149427 ], [ 9.241425105078523, 45.50004360981832 ], [ 9.241425105078523, 45.50004360981832 ], [ 9.243212787549192, 45.50141931787649 ], [ 9.244398947982866, 45.502344484874548 ], [ 9.245193721817166, 45.502890967448089 ], [ 9.248236667743859, 45.505251833228328 ], [ 9.248236667743859, 45.505251833228328 ], [ 9.251937396675418, 45.508090077141865 ], [ 9.25378576554392, 45.509510664042146 ], [ 9.254318605751495, 45.50987694373304 ], [ 9.25485519368069, 45.510122732844522 ], [ 9.255558937520922, 45.5103862180313 ], [ 9.256245033800674, 45.510535282681232 ], [ 9.257342137350181, 45.510629203353702 ], [ 9.260591477656584, 45.511094729320106 ], [ 9.260591477656584, 45.511094729320106 ], [ 9.261160991703933, 45.511167416965016 ], [ 9.262181421489069, 45.511333186175221 ], [ 9.262836095483973, 45.511480010443542 ], [ 9.263244556330546, 45.511607620987398 ], [ 9.263590006354075, 45.511794706025746 ], [ 9.263879178219053, 45.511976975640614 ], [ 9.264133167886103, 45.512154381544036 ], [ 9.264344988978428, 45.51233682857162 ], [ 9.264557042795539, 45.512568716927731 ], [ 9.264698845073742, 45.512815600163997 ], [ 9.265189011751731, 45.513867584828411 ], [ 9.265408548255328, 45.514193394470539 ], [ 9.26568427748186, 45.514504240480633 ], [ 9.266114981264243, 45.514869111806348 ], [ 9.266594615530851, 45.515169592529176 ], [ 9.267313433567509, 45.515484345130183 ], [ 9.270060707928554, 45.516432126383222 ], [ 9.270947778786924, 45.516627797288713 ], [ 9.27157751831483, 45.516690578604411 ], [ 9.272045208294612, 45.51669193922659 ], [ 9.273549427773808, 45.516525192026826 ], [ 9.276887831231095, 45.51607959479206 ], [ 9.279175818645346, 45.515841654162742 ], [ 9.279942046151431, 45.515773034191916 ], [ 9.281077423116557, 45.515691141869048 ], [ 9.281935156501287, 45.51563958838252 ], [ 9.282539837912472, 45.515613375013388 ], [ 9.283306405041177, 45.515613950769072 ], [ 9.283862031045025, 45.51562246147742 ], [ 9.284663948070781, 45.515660022057141 ], [ 9.285988507280706, 45.515788975447926 ], [ 9.285988507280706, 45.515788975447926 ], [ 9.289654414409755, 45.516151802255422 ], [ 9.291938036616834, 45.516440176865835 ], [ 9.29781894342662, 45.517389136489804 ], [ 9.29781894342662, 45.517389136489804 ], [ 9.300580053050963, 45.517849141571453 ], [ 9.311337883011115, 45.519606459132767 ], [ 9.312124472688197, 45.519720504061574 ], [ 9.313016480144432, 45.519819422402001 ], [ 9.314159753256067, 45.519886742376968 ], [ 9.314905367756124, 45.519903232360228 ], [ 9.31919922965907, 45.519916048300388 ], [ 9.320219046713047, 45.519915669145789 ], [ 9.321038616298909, 45.519950452799961 ], [ 9.321967439846501, 45.520026948881366 ], [ 9.32264131433079, 45.520104157039931 ], [ 9.323440262606454, 45.520221797334209 ], [ 9.326115537931006, 45.520677719566898 ], [ 9.327656901269224, 45.520861193643739 ], [ 9.328383427726415, 45.520918440156059 ], [ 9.328700002766743, 45.520931127182969 ], [ 9.330611568823226, 45.520973822406852 ], [ 9.331387143935919, 45.520998770561128 ], [ 9.331387143935919, 45.520998770561128 ], [ 9.332222407888487, 45.521007471330968 ], [ 9.334431243642452, 45.521067779382797 ], [ 9.336495681137697, 45.521091388103173 ], [ 9.337452160035136, 45.521081153031076 ], [ 9.33865115249921, 45.52104794297059 ], [ 9.340387948600352, 45.520973566851751 ], [ 9.342078784511106, 45.5208597480731 ], [ 9.345952622880196, 45.520608298391203 ], [ 9.345952622880196, 45.520608298391203 ], [ 9.348406200424622, 45.520437689219278 ], [ 9.349267626049885, 45.520412812143746 ], [ 9.350311943727759, 45.520392312599874 ], [ 9.351163048450502, 45.520404534503307 ], [ 9.352088171167583, 45.520443715376246 ], [ 9.352928943391298, 45.520490565480941 ], [ 9.355529162144228, 45.520714888200118 ], [ 9.357890177628114, 45.520925068045564 ], [ 9.35882269182447, 45.521018557656646 ], [ 9.359533709050703, 45.521120152694856 ], [ 9.360332928312282, 45.521265963349087 ], [ 9.360808352376869, 45.521370764786511 ], [ 9.363062685628361, 45.521937158091809 ], [ 9.363062685628361, 45.521937158091809 ], [ 9.364513930884717, 45.522300884919431 ], [ 9.370269846763758, 45.523753294437341 ], [ 9.371376033998795, 45.524041415549881 ], [ 9.372228679534661, 45.524278437374903 ], [ 9.375896599227463, 45.525305958687206 ], [ 9.375896599227463, 45.525305958687206 ], [ 9.379175357936381, 45.526234532976012 ], [ 9.384968439800003, 45.527865305420328 ], [ 9.384968439800003, 45.527865305420328 ], [ 9.390048406341338, 45.52932022707477 ], [ 9.390771400205496, 45.529604522556532 ], [ 9.391494641229635, 45.529923422090064 ], [ 9.392338212885297, 45.530348204718926 ], [ 9.393309742400382, 45.530962893113795 ], [ 9.393543050439245, 45.531130193450267 ], [ 9.394363657344758, 45.531787417999851 ], [ 9.394607903778487, 45.532009064724868 ], [ 9.395589084099729, 45.532989571793529 ], [ 9.396258060558916, 45.53358550446643 ], [ 9.396869955865258, 45.534065442412775 ], [ 9.397407142795773, 45.534424503643933 ], [ 9.398018307739687, 45.534798137430911 ], [ 9.398720952775651, 45.535173921026022 ], [ 9.39935268009908, 45.535468368589044 ], [ 9.399795421617648, 45.535649756896021 ], [ 9.400722965690965, 45.535990131994346 ], [ 9.403447449171098, 45.536740721889345 ], [ 9.403447449171098, 45.536740721889345 ], [ 9.405174539144522, 45.537219146348633 ], [ 9.410303038825186, 45.538629731202867 ], [ 9.412389900466669, 45.539222943480603 ], [ 9.41654964705404, 45.540404360213508 ], [ 9.423506605429145, 45.542088258256584 ], [ 9.423506605429145, 45.542088258256584 ], [ 9.427772921021385, 45.543114364616507 ], [ 9.433630865739341, 45.544536001612045 ], [ 9.436627021354205, 45.545276115958764 ] ] } },
{ "type": "Feature", "properties": { "linea": "2", "mezzo": "METRO", "percorso": "100050", "nome": "ASSAGO MILANOFIORI FORUM - CASCINA GOBBA", "lung_km": "18.51", "num_ferm": "21" }, "geometry": { "type": "LineString", "coordinates": [ [ 9.145537788211529, 45.401749881754682 ], [ 9.149403257801346, 45.408356348622654 ], [ 9.15004651283162, 45.4094541512208 ], [ 9.15004651283162, 45.4094541512208 ], [ 9.152821804293566, 45.414225323934467 ], [ 9.153178312928105, 45.414800147726588 ], [ 9.153407865379304, 45.415078454321097 ], [ 9.153845246750466, 45.415507083464142 ], [ 9.154239413486918, 45.415768600768793 ], [ 9.154783363601332, 45.416064552759366 ], [ 9.155183673768356, 45.416223649030989 ], [ 9.155618117625787, 45.416352577073425 ], [ 9.156185105641466, 45.416467768501221 ], [ 9.157836578114852, 45.416697430514475 ], [ 9.158354386875123, 45.416811172948073 ], [ 9.158731072059382, 45.416928120858678 ], [ 9.159253474117666, 45.417153298395917 ], [ 9.159643290309052, 45.417375646487109 ], [ 9.160037530740146, 45.417649191762834 ], [ 9.16039337679929, 45.417955921928815 ], [ 9.160616472672604, 45.418202596496094 ], [ 9.160856968280292, 45.418551655568649 ], [ 9.161024767441893, 45.418903828446226 ], [ 9.16113276812235, 45.419283193619115 ], [ 9.161185075231071, 45.419629504658353 ], [ 9.161173390170417, 45.420033134545783 ], [ 9.160834478118463, 45.42269023030844 ], [ 9.160801915686246, 45.423274611600398 ], [ 9.160854472065724, 45.423708271315128 ], [ 9.160924027580862, 45.424102750577234 ], [ 9.161113854632529, 45.424674770787021 ], [ 9.161303291764911, 45.425108237438458 ], [ 9.161630176013434, 45.425740304212056 ], [ 9.162756483734823, 45.427696532208657 ], [ 9.163366209687863, 45.428496865210072 ], [ 9.163820998379732, 45.428966092785998 ], [ 9.166796396241065, 45.431232869950662 ], [ 9.167655369750332, 45.432382212006395 ], [ 9.168130777703546, 45.436899563714967 ], [ 9.168130777703546, 45.436899563714967 ], [ 9.168304637362795, 45.439260740415975 ], [ 9.168280351536426, 45.439727640800243 ], [ 9.167703896058876, 45.443732979422975 ], [ 9.167703896058876, 45.443732979422975 ], [ 9.167441036503819, 45.445280040396462 ], [ 9.167433021079798, 45.445463785772091 ], [ 9.16743656783083, 45.448114363725047 ], [ 9.167468091840558, 45.448645940097272 ], [ 9.167520429747098, 45.448980198306103 ], [ 9.167684607351193, 45.449510074292711 ], [ 9.167831037916006, 45.449826122269798 ], [ 9.16809349332889, 45.450304649023302 ], [ 9.168342882646648, 45.45070488172307 ], [ 9.169624187801594, 45.452371651137014 ], [ 9.169624187801594, 45.452371651137014 ], [ 9.169833750096442, 45.45268459078401 ], [ 9.169928657181412, 45.45293745985586 ], [ 9.169963516285094, 45.453145237681589 ], [ 9.169818279974784, 45.45466351262624 ], [ 9.169748856382929, 45.455061202519829 ], [ 9.169654553137073, 45.455368568573242 ], [ 9.169575896875184, 45.455541876387564 ], [ 9.169472692527513, 45.455735551639386 ], [ 9.169407405599495, 45.45583485086874 ], [ 9.16939897620156, 45.45584761737372 ], [ 9.169387236106656, 45.45586298899952 ], [ 9.169380424582819, 45.455871705704801 ], [ 9.16930961276463, 45.455962830001539 ], [ 9.169284421852678, 45.455991763844018 ], [ 9.169212320918295, 45.456076771816782 ], [ 9.169203670286613, 45.456086857523076 ], [ 9.169202193841526, 45.456088590735654 ], [ 9.169162636854921, 45.456132544124507 ], [ 9.169106450249242, 45.456194891283047 ], [ 9.169038400572338, 45.456270715904687 ], [ 9.169025809191503, 45.456286594674886 ], [ 9.168996156692639, 45.45632193558604 ], [ 9.168962847131711, 45.456364294250051 ], [ 9.168908118635716, 45.456433627986335 ], [ 9.168846114946204, 45.456530104150126 ], [ 9.168825956996018, 45.456565101568785 ], [ 9.168789595364768, 45.456626854568135 ], [ 9.168786541897232, 45.456634459718131 ], [ 9.168783329516803, 45.456644841809279 ], [ 9.168765277065887, 45.456702002704027 ], [ 9.168752823973977, 45.45674193034445 ], [ 9.168734179743995, 45.456813728645351 ], [ 9.168731717945102, 45.456834769358693 ], [ 9.168723930364695, 45.456964980150651 ], [ 9.168724335700418, 45.457005677132372 ], [ 9.168724389958449, 45.457018289889838 ], [ 9.168733009486159, 45.457094566023741 ], [ 9.168757429783389, 45.457233318290839 ], [ 9.168776062100163, 45.45731470950259 ], [ 9.168813011353972, 45.45743890086414 ], [ 9.168820286158583, 45.457456538692547 ], [ 9.168854248203971, 45.457543178312029 ], [ 9.168858278514344, 45.457549196407257 ], [ 9.168884915768302, 45.457601396837305 ], [ 9.168914627542142, 45.457653027969414 ], [ 9.168985841107318, 45.457763049848381 ], [ 9.169016180114006, 45.457800702369092 ], [ 9.169055451462228, 45.457851142775084 ], [ 9.169077336888758, 45.457879536389761 ], [ 9.169106291078441, 45.457912484649583 ], [ 9.169116356248004, 45.457923929574179 ], [ 9.169135480973093, 45.457945973775978 ], [ 9.169152921663388, 45.457963925998165 ], [ 9.169199176171684, 45.458012567645554 ], [ 9.169220475502, 45.458034996886219 ], [ 9.169261011567643, 45.4580777523447 ], [ 9.169300590847396, 45.458119203210522 ], [ 9.169317091760082, 45.458135933163994 ], [ 9.169390063577138, 45.458207266545628 ], [ 9.169453912626075, 45.458269200823651 ], [ 9.169512263253466, 45.45832615455047 ], [ 9.169584964969665, 45.458396452823351 ], [ 9.169651497005818, 45.458460924405458 ], [ 9.16981501214182, 45.458619801286765 ], [ 9.16981501214182, 45.458619801286765 ], [ 9.169892932768391, 45.458690750495904 ], [ 9.17016733669753, 45.458941846507848 ], [ 9.17034115209051, 45.459100283742544 ], [ 9.17048036821012, 45.459227899048393 ], [ 9.170671866418559, 45.45939496898788 ], [ 9.171081626596498, 45.459732456407792 ], [ 9.173193149781406, 45.461611792442248 ], [ 9.173193149781406, 45.461611792442248 ], [ 9.173450697060295, 45.461852363882393 ], [ 9.173583899314552, 45.462020834956199 ], [ 9.173920240909332, 45.462830557181263 ], [ 9.174251700610984, 45.46344149258325 ], [ 9.175065255577129, 45.464922163426202 ], [ 9.175659267235849, 45.465990519074708 ], [ 9.176300434577259, 45.467073858880049 ], [ 9.17712141419679, 45.468156916734131 ], [ 9.17712141419679, 45.468156916734131 ], [ 9.177437136749022, 45.468505821395489 ], [ 9.17769036781729, 45.468719281546846 ], [ 9.17852039642306, 45.469261658421999 ], [ 9.180918534359806, 45.470887391944082 ], [ 9.181171567698216, 45.471031568292389 ], [ 9.182020961617511, 45.471584430900464 ], [ 9.182588023034734, 45.472197978212343 ], [ 9.182588023034734, 45.472197978212343 ], [ 9.183210925238754, 45.472865649483623 ], [ 9.183365841201431, 45.473112386384841 ], [ 9.183434971690875, 45.47330805639686 ], [ 9.183486997925982, 45.473509777810698 ], [ 9.183513416131419, 45.473735636358619 ], [ 9.183495406149513, 45.47478384534115 ], [ 9.183526125693584, 45.475015720961309 ], [ 9.183582464321868, 45.475226471389121 ], [ 9.184507971850579, 45.477432786764894 ], [ 9.184507971850579, 45.477432786764894 ], [ 9.184805090772747, 45.477954891059092 ], [ 9.184916898837498, 45.478105310933344 ], [ 9.186580522165999, 45.480141740819207 ], [ 9.186761380883587, 45.480454694688014 ], [ 9.187097693168079, 45.481164979283854 ], [ 9.187541463014696, 45.483290730219757 ], [ 9.187541463014696, 45.483290730219757 ], [ 9.187972482859314, 45.484145432952452 ], [ 9.188670822166664, 45.485547878587838 ], [ 9.189263607104253, 45.486107132751386 ], [ 9.190018151506072, 45.486376962778905 ], [ 9.190832245788268, 45.48652620830395 ], [ 9.19140587706465, 45.486477058148346 ], [ 9.192261364985727, 45.486204543485776 ], [ 9.194791782530112, 45.484881005324681 ], [ 9.194791782530112, 45.484881005324681 ], [ 9.196189361264873, 45.484125616020634 ], [ 9.197310390624963, 45.483888751910399 ], [ 9.197888302820489, 45.483848597815125 ], [ 9.198457829987237, 45.483859659454296 ], [ 9.202612243931537, 45.484438637196874 ], [ 9.202612243931537, 45.484438637196874 ], [ 9.204616319322396, 45.484681114065438 ], [ 9.205121856695197, 45.484755509027984 ], [ 9.209410101904338, 45.485303455820471 ], [ 9.209410101904338, 45.485303455820471 ], [ 9.209874916680258, 45.485362844237883 ], [ 9.210547631419178, 45.485482088478818 ], [ 9.211933646692419, 45.485693381841877 ], [ 9.212293400589807, 45.485710786900086 ], [ 9.212490349007716, 45.485704397270048 ], [ 9.212926884209635, 45.48564334555153 ], [ 9.213239139249318, 45.485555415816329 ], [ 9.213542681687169, 45.485428345411073 ], [ 9.213965616366858, 45.485168522705017 ], [ 9.215145221689466, 45.484584993314108 ], [ 9.215145221689466, 45.484584993314108 ], [ 9.216521399006142, 45.483904695607187 ], [ 9.218026286837667, 45.483299436198429 ], [ 9.222897889785722, 45.48084128596043 ], [ 9.22354342530406, 45.480590029672086 ], [ 9.224095666664091, 45.480567865170229 ], [ 9.224755497234359, 45.480684039065601 ], [ 9.225960248201114, 45.481088286919764 ], [ 9.225960248201114, 45.481088286919764 ], [ 9.234874689392575, 45.484190770981243 ], [ 9.234874689392575, 45.484190770981243 ], [ 9.236092571002205, 45.484628016839835 ], [ 9.236728003934036, 45.485036336462365 ], [ 9.237124464365028, 45.485637916528866 ], [ 9.23722947871838, 45.48617383582166 ], [ 9.237065230724321, 45.489386479439951 ], [ 9.237161199481385, 45.490316989654922 ], [ 9.237126793890956, 45.490792957506535 ], [ 9.237010769967139, 45.491208854385697 ], [ 9.237010769967139, 45.491208854385697 ], [ 9.23636011702075, 45.49332537934005 ], [ 9.236266793879995, 45.493539424257349 ], [ 9.235931221606139, 45.494199745204959 ], [ 9.235795583720931, 45.494537369020868 ], [ 9.235736580458545, 45.494766402716287 ], [ 9.235729219802268, 45.495055569982412 ], [ 9.235768529520639, 45.495239221024214 ], [ 9.235889813704118, 45.495567279069299 ], [ 9.236036406239535, 45.495801912732205 ], [ 9.236182685664788, 45.495961246832749 ], [ 9.236333135445269, 45.496093464122239 ], [ 9.237398823523025, 45.49694064149427 ], [ 9.241425105078523, 45.50004360981832 ], [ 9.241425105078523, 45.50004360981832 ], [ 9.243212787549192, 45.50141931787649 ], [ 9.244398947982866, 45.502344484874548 ], [ 9.245193721817166, 45.502890967448089 ], [ 9.248236667743859, 45.505251833228328 ], [ 9.248236667743859, 45.505251833228328 ], [ 9.251937396675418, 45.508090077141865 ], [ 9.25378576554392, 45.509510664042146 ], [ 9.254318605751495, 45.50987694373304 ], [ 9.25485519368069, 45.510122732844522 ], [ 9.255558937520922, 45.5103862180313 ], [ 9.256245033800674, 45.510535282681232 ], [ 9.257342137350181, 45.510629203353702 ], [ 9.260591477656584, 45.511094729320106 ] ] } },
{ "type": "Feature", "properties": { "linea": "2", "mezzo": "METRO", "percorso": "100059", "nome": "CASCINA GOBBA - ABBIATEGRASSO", "lung_km": "15.30", "num_ferm": "20" }, "geometry": { "type": "LineString", "coordinates": [ [ 9.260591477656584, 45.511094729320106 ], [ 9.257342137350181, 45.510629203353702 ], [ 9.256245033800674, 45.510535282681232 ], [ 9.255558937520922, 45.5103862180313 ], [ 9.25485519368069, 45.510122732844522 ], [ 9.254318605751495, 45.50987694373304 ], [ 9.25378576554392, 45.509510664042146 ], [ 9.251937396675418, 45.508090077141865 ], [ 9.248236667743859, 45.505251833228328 ], [ 9.248236667743859, 45.505251833228328 ], [ 9.245193721817166, 45.502890967448089 ], [ 9.244398947982866, 45.502344484874548 ], [ 9.243212787549192, 45.50141931787649 ], [ 9.241425105078523, 45.50004360981832 ], [ 9.241425105078523, 45.50004360981832 ], [ 9.237398823523025, 45.49694064149427 ], [ 9.236333135445269, 45.496093464122239 ], [ 9.236182685664788, 45.495961246832749 ], [ 9.236036406239535, 45.495801912732205 ], [ 9.235889813704118, 45.495567279069299 ], [ 9.235768529520639, 45.495239221024214 ], [ 9.235729219802268, 45.495055569982412 ], [ 9.235736580458545, 45.494766402716287 ], [ 9.235795583720931, 45.494537369020868 ], [ 9.235931221606139, 45.494199745204959 ], [ 9.236266793879995, 45.493539424257349 ], [ 9.23636011702075, 45.49332537934005 ], [ 9.237010769967139, 45.491208854385697 ], [ 9.237010769967139, 45.491208854385697 ], [ 9.237126793890956, 45.490792957506535 ], [ 9.237161199481385, 45.490316989654922 ], [ 9.237065230724321, 45.489386479439951 ], [ 9.23722947871838, 45.48617383582166 ], [ 9.237124464365028, 45.485637916528866 ], [ 9.236728003934036, 45.485036336462365 ], [ 9.236092571002205, 45.484628016839835 ], [ 9.234874689392575, 45.484190770981243 ], [ 9.234874689392575, 45.484190770981243 ], [ 9.225960248201114, 45.481088286919764 ], [ 9.225960248201114, 45.481088286919764 ], [ 9.224755497234359, 45.480684039065601 ], [ 9.224095666664091, 45.480567865170229 ], [ 9.22354342530406, 45.480590029672086 ], [ 9.222897889785722, 45.48084128596043 ], [ 9.218026286837667, 45.483299436198429 ], [ 9.216521399006142, 45.483904695607187 ], [ 9.215145221689466, 45.484584993314108 ], [ 9.215145221689466, 45.484584993314108 ], [ 9.213965616366858, 45.485168522705017 ], [ 9.213542681687169, 45.485428345411073 ], [ 9.213239139249318, 45.485555415816329 ], [ 9.212926884209635, 45.48564334555153 ], [ 9.212490349007716, 45.485704397270048 ], [ 9.212293400589807, 45.485710786900086 ], [ 9.211933646692419, 45.485693381841877 ], [ 9.210547631419178, 45.485482088478818 ], [ 9.209874916680258, 45.485362844237883 ], [ 9.209410101904338, 45.485303455820471 ], [ 9.209410101904338, 45.485303455820471 ], [ 9.205121856695197, 45.484755509027984 ], [ 9.204616319322396, 45.484681114065438 ], [ 9.202612243931537, 45.484438637196874 ], [ 9.202612243931537, 45.484438637196874 ], [ 9.198457829987237, 45.483859659454296 ], [ 9.197888302820489, 45.483848597815125 ], [ 9.197310390624963, 45.483888751910399 ], [ 9.196189361264873, 45.484125616020634 ], [ 9.194791782530112, 45.484881005324681 ], [ 9.194791782530112, 45.484881005324681 ], [ 9.192261364985727, 45.486204543485776 ], [ 9.19140587706465, 45.486477058148346 ], [ 9.190832245788268, 45.48652620830395 ], [ 9.190018151506072, 45.486376962778905 ], [ 9.189263607104253, 45.486107132751386 ], [ 9.188670822166664, 45.485547878587838 ], [ 9.187972482859314, 45.484145432952452 ], [ 9.187541463014696, 45.483290730219757 ], [ 9.187541463014696, 45.483290730219757 ], [ 9.187097693168079, 45.481164979283854 ], [ 9.186761380883587, 45.480454694688014 ], [ 9.186580522165999, 45.480141740819207 ], [ 9.184916898837498, 45.478105310933344 ], [ 9.184805090772747, 45.477954891059092 ], [ 9.184507971850579, 45.477432786764894 ], [ 9.184507971850579, 45.477432786764894 ], [ 9.183582464321868, 45.475226471389121 ], [ 9.183526125693584, 45.475015720961309 ], [ 9.183495406149513, 45.47478384534115 ], [ 9.183513416131419, 45.473735636358619 ], [ 9.183486997925982, 45.473509777810698 ], [ 9.183434971690875, 45.47330805639686 ], [ 9.183365841201431, 45.473112386384841 ], [ 9.183210925238754, 45.472865649483623 ], [ 9.182588023034734, 45.472197978212343 ], [ 9.182588023034734, 45.472197978212343 ], [ 9.182020961617511, 45.471584430900464 ], [ 9.181171567698216, 45.471031568292389 ], [ 9.180918534359806, 45.470887391944082 ], [ 9.17852039642306, 45.469261658421999 ], [ 9.17769036781729, 45.468719281546846 ], [ 9.177437136749022, 45.468505821395489 ], [ 9.17712141419679, 45.468156916734131 ], [ 9.17712141419679, 45.468156916734131 ], [ 9.176300434577259, 45.467073858880049 ], [ 9.175659267235849, 45.465990519074708 ], [ 9.175065255577129, 45.464922163426202 ], [ 9.174251700610984, 45.46344149258325 ], [ 9.173920240909332, 45.462830557181263 ], [ 9.173583899314552, 45.462020834956199 ], [ 9.173450697060295, 45.461852363882393 ], [ 9.173193149781406, 45.461611792442248 ], [ 9.173193149781406, 45.461611792442248 ], [ 9.171081626596498, 45.459732456407792 ], [ 9.170671866418559, 45.45939496898788 ], [ 9.17048036821012, 45.459227899048393 ], [ 9.17034115209051, 45.459100283742544 ], [ 9.17016733669753, 45.458941846507848 ], [ 9.169892932768391, 45.458690750495904 ], [ 9.16981501214182, 45.458619801286765 ], [ 9.16981501214182, 45.458619801286765 ], [ 9.169651497005818, 45.458460924405458 ], [ 9.169584964969665, 45.458396452823351 ], [ 9.169512263253466, 45.45832615455047 ], [ 9.169453912626075, 45.458269200823651 ], [ 9.169390063577138, 45.458207266545628 ], [ 9.169317091760082, 45.458135933163994 ], [ 9.169300590847396, 45.458119203210522 ], [ 9.169261011567643, 45.4580777523447 ], [ 9.169220475502, 45.458034996886219 ], [ 9.169199176171684, 45.458012567645554 ], [ 9.169152921663388, 45.457963925998165 ], [ 9.169135480973093, 45.457945973775978 ], [ 9.169116356248004, 45.457923929574179 ], [ 9.169106291078441, 45.457912484649583 ], [ 9.169077336888758, 45.457879536389761 ], [ 9.169055451462228, 45.457851142775084 ], [ 9.169016180114006, 45.457800702369092 ], [ 9.168985841107318, 45.457763049848381 ], [ 9.168914627542142, 45.457653027969414 ], [ 9.168884915768302, 45.457601396837305 ], [ 9.168858278514344, 45.457549196407257 ], [ 9.168854248203971, 45.457543178312029 ], [ 9.168820286158583, 45.457456538692547 ], [ 9.168813011353972, 45.45743890086414 ], [ 9.168776062100163, 45.45731470950259 ], [ 9.168757429783389, 45.457233318290839 ], [ 9.168733009486159, 45.457094566023741 ], [ 9.168724389958449, 45.457018289889838 ], [ 9.168724335700418, 45.457005677132372 ], [ 9.168723930364695, 45.456964980150651 ], [ 9.168731717945102, 45.456834769358693 ], [ 9.168734179743995, 45.456813728645351 ], [ 9.168752823973977, 45.45674193034445 ], [ 9.168765277065887, 45.456702002704027 ], [ 9.168783329516803, 45.456644841809279 ], [ 9.168786541897232, 45.456634459718131 ], [ 9.168789595364768, 45.456626854568135 ], [ 9.168825956996018, 45.456565101568785 ], [ 9.168846114946204, 45.456530104150126 ], [ 9.168908118635716, 45.456433627986335 ], [ 9.168962847131711, 45.456364294250051 ], [ 9.168996156692639, 45.45632193558604 ], [ 9.169025809191503, 45.456286594674886 ], [ 9.169038400572338, 45.456270715904687 ], [ 9.169106450249242, 45.456194891283047 ], [ 9.169162636854921, 45.456132544124507 ], [ 9.169202193841526, 45.456088590735654 ], [ 9.169203670286613, 45.456086857523076 ], [ 9.169212320918295, 45.456076771816782 ], [ 9.169284421852678, 45.455991763844018 ], [ 9.16930961276463, 45.455962830001539 ], [ 9.169380424582819, 45.455871705704801 ], [ 9.169387236106656, 45.45586298899952 ], [ 9.16939897620156, 45.45584761737372 ], [ 9.169407405599495, 45.45583485086874 ], [ 9.169472692527513, 45.455735551639386 ], [ 9.169575896875184, 45.455541876387564 ], [ 9.169654553137073, 45.455368568573242 ], [ 9.169748856382929, 45.455061202519829 ], [ 9.169818279974784, 45.45466351262624 ], [ 9.169963516285094, 45.453145237681589 ], [ 9.169928657181412, 45.45293745985586 ], [ 9.169833750096442, 45.45268459078401 ], [ 9.169624187801594, 45.452371651137014 ], [ 9.169624187801594, 45.452371651137014 ], [ 9.168342882646648, 45.45070488172307 ], [ 9.16809349332889, 45.450304649023302 ], [ 9.167831037916006, 45.449826122269798 ], [ 9.167684607351193, 45.449510074292711 ], [ 9.167520429747098, 45.448980198306103 ], [ 9.167468091840558, 45.448645940097272 ], [ 9.16743656783083, 45.448114363725047 ], [ 9.167433021079798, 45.445463785772091 ], [ 9.167441036503819, 45.445280040396462 ], [ 9.167703896058876, 45.443732979422975 ], [ 9.167703896058876, 45.443732979422975 ], [ 9.168280351536426, 45.439727640800243 ], [ 9.168304637362795, 45.439260740415975 ], [ 9.168130777703546, 45.436899563714967 ], [ 9.168130777703546, 45.436899563714967 ], [ 9.167655369750332, 45.432382212006395 ], [ 9.168365519946079, 45.432294401715311 ], [ 9.1693167572011, 45.432073747139306 ], [ 9.170118932437784, 45.431708799743141 ], [ 9.17109399141675, 45.431179149866225 ], [ 9.172083156027732, 45.43063950443657 ], [ 9.172634256442029, 45.430339695336379 ], [ 9.173157438493197, 45.430169483441624 ], [ 9.173595968150874, 45.430089091329855 ], [ 9.174034618832827, 45.43004856123796 ], [ 9.175011241766969, 45.430047071935455 ], [ 9.177304057691304, 45.430003678800034 ] ] } },
{ "type": "Feature", "properties": { "linea": "2", "mezzo": "METRO", "percorso": "100067", "nome": "COLOGNO NORD - ASSAGO MILANOFIORI FORUM", "lung_km": "22.09", "num_ferm": "24" }, "geometry": { "type": "LineString", "coordinates": [ [ 9.29109554737021, 45.534303490674105 ], [ 9.2857195301657, 45.529931602804631 ], [ 9.284643650417635, 45.529030690706591 ], [ 9.283390889285791, 45.52788623608599 ], [ 9.282947493436618, 45.527482975079685 ], [ 9.282947493436618, 45.527482975079685 ], [ 9.274951315746423, 45.52020970711385 ], [ 9.274951265006274, 45.520209918857027 ], [ 9.272739300043563, 45.518206206011975 ], [ 9.272252858090688, 45.517800522557444 ], [ 9.271595125901577, 45.517344118550326 ], [ 9.270903693758836, 45.51690651250297 ], [ 9.270060505285281, 45.516431816754569 ], [ 9.26731306863538, 45.515484171203987 ], [ 9.266594619170672, 45.515169734977391 ], [ 9.266114887674496, 45.514869140552562 ], [ 9.26568402219416, 45.514504343875352 ], [ 9.265408070394404, 45.514193191845223 ], [ 9.265189409164975, 45.513867504800999 ], [ 9.264699010546664, 45.512815890153668 ], [ 9.264557538987486, 45.512568511415076 ], [ 9.264345475039796, 45.512337137333077 ], [ 9.264133641584568, 45.512154727471589 ], [ 9.263878814805476, 45.511976736865201 ], [ 9.263590172205495, 45.511794503166307 ], [ 9.263244155218816, 45.511607360266126 ], [ 9.262835945001177, 45.511480125548104 ], [ 9.262181846601745, 45.511333291147295 ], [ 9.261161013032183, 45.511167128835147 ], [ 9.260591247715031, 45.511094980626886 ], [ 9.260591477656584, 45.511094729320106 ], [ 9.257342137350181, 45.510629203353702 ], [ 9.256245033800674, 45.510535282681232 ], [ 9.255558937520922, 45.5103862180313 ], [ 9.25485519368069, 45.510122732844522 ], [ 9.254318605751495, 45.50987694373304 ], [ 9.25378576554392, 45.509510664042146 ], [ 9.251937396675418, 45.508090077141865 ], [ 9.248236667743859, 45.505251833228328 ], [ 9.248236667743859, 45.505251833228328 ], [ 9.245193721817166, 45.502890967448089 ], [ 9.244398947982866, 45.502344484874548 ], [ 9.243212787549192, 45.50141931787649 ], [ 9.241425105078523, 45.50004360981832 ], [ 9.241425105078523, 45.50004360981832 ], [ 9.237398823523025, 45.49694064149427 ], [ 9.236333135445269, 45.496093464122239 ], [ 9.236182685664788, 45.495961246832749 ], [ 9.236036406239535, 45.495801912732205 ], [ 9.235889813704118, 45.495567279069299 ], [ 9.235768529520639, 45.495239221024214 ], [ 9.235729219802268, 45.495055569982412 ], [ 9.235736580458545, 45.494766402716287 ], [ 9.235795583720931, 45.494537369020868 ], [ 9.235931221606139, 45.494199745204959 ], [ 9.236266793879995, 45.493539424257349 ], [ 9.23636011702075, 45.49332537934005 ], [ 9.237010769967139, 45.491208854385697 ], [ 9.237010769967139, 45.491208854385697 ], [ 9.237126793890956, 45.490792957506535 ], [ 9.237161199481385, 45.490316989654922 ], [ 9.237065230724321, 45.489386479439951 ], [ 9.23722947871838, 45.48617383582166 ], [ 9.237124464365028, 45.485637916528866 ], [ 9.236728003934036, 45.485036336462365 ], [ 9.236092571002205, 45.484628016839835 ], [ 9.234874689392575, 45.484190770981243 ], [ 9.234874689392575, 45.484190770981243 ], [ 9.225960248201114, 45.481088286919764 ], [ 9.225960248201114, 45.481088286919764 ], [ 9.224755497234359, 45.480684039065601 ], [ 9.224095666664091, 45.480567865170229 ], [ 9.22354342530406, 45.480590029672086 ], [ 9.222897889785722, 45.48084128596043 ], [ 9.218026286837667, 45.483299436198429 ], [ 9.216521399006142, 45.483904695607187 ], [ 9.215145221689466, 45.484584993314108 ], [ 9.215145221689466, 45.484584993314108 ], [ 9.213965616366858, 45.485168522705017 ], [ 9.213542681687169, 45.485428345411073 ], [ 9.213239139249318, 45.485555415816329 ], [ 9.212926884209635, 45.48564334555153 ], [ 9.212490349007716, 45.485704397270048 ], [ 9.212293400589807, 45.485710786900086 ], [ 9.211933646692419, 45.485693381841877 ], [ 9.210547631419178, 45.485482088478818 ], [ 9.209874916680258, 45.485362844237883 ], [ 9.209410101904338, 45.485303455820471 ], [ 9.209410101904338, 45.485303455820471 ], [ 9.205121856695197, 45.484755509027984 ], [ 9.204616319322396, 45.484681114065438 ], [ 9.202612243931537, 45.484438637196874 ], [ 9.202612243931537, 45.484438637196874 ], [ 9.198457829987237, 45.483859659454296 ], [ 9.197888302820489, 45.483848597815125 ], [ 9.197310390624963, 45.483888751910399 ], [ 9.196189361264873, 45.484125616020634 ], [ 9.194791782530112, 45.484881005324681 ], [ 9.194791782530112, 45.484881005324681 ], [ 9.192261364985727, 45.486204543485776 ], [ 9.19140587706465, 45.486477058148346 ], [ 9.190832245788268, 45.48652620830395 ], [ 9.190018151506072, 45.486376962778905 ], [ 9.189263607104253, 45.486107132751386 ], [ 9.188670822166664, 45.485547878587838 ], [ 9.187972482859314, 45.484145432952452 ], [ 9.187541463014696, 45.483290730219757 ], [ 9.187541463014696, 45.483290730219757 ], [ 9.187097693168079, 45.481164979283854 ], [ 9.186761380883587, 45.480454694688014 ], [ 9.186580522165999, 45.480141740819207 ], [ 9.184916898837498, 45.478105310933344 ], [ 9.184805090772747, 45.477954891059092 ], [ 9.184507971850579, 45.477432786764894 ], [ 9.184507971850579, 45.477432786764894 ], [ 9.183582464321868, 45.475226471389121 ], [ 9.183526125693584, 45.475015720961309 ], [ 9.183495406149513, 45.47478384534115 ], [ 9.183513416131419, 45.473735636358619 ], [ 9.183486997925982, 45.473509777810698 ], [ 9.183434971690875, 45.47330805639686 ], [ 9.183365841201431, 45.473112386384841 ], [ 9.183210925238754, 45.472865649483623 ], [ 9.182588023034734, 45.472197978212343 ], [ 9.182588023034734, 45.472197978212343 ], [ 9.182020961617511, 45.471584430900464 ], [ 9.181171567698216, 45.471031568292389 ], [ 9.180918534359806, 45.470887391944082 ], [ 9.17852039642306, 45.469261658421999 ], [ 9.17769036781729, 45.468719281546846 ], [ 9.177437136749022, 45.468505821395489 ], [ 9.17712141419679, 45.468156916734131 ], [ 9.17712141419679, 45.468156916734131 ], [ 9.176300434577259, 45.467073858880049 ], [ 9.175659267235849, 45.465990519074708 ], [ 9.175065255577129, 45.464922163426202 ], [ 9.174251700610984, 45.46344149258325 ], [ 9.173920240909332, 45.462830557181263 ], [ 9.173583899314552, 45.462020834956199 ], [ 9.173450697060295, 45.461852363882393 ], [ 9.173193149781406, 45.461611792442248 ], [ 9.173193149781406, 45.461611792442248 ], [ 9.171081626596498, 45.459732456407792 ], [ 9.170671866418559, 45.45939496898788 ], [ 9.17048036821012, 45.459227899048393 ], [ 9.17034115209051, 45.459100283742544 ], [ 9.17016733669753, 45.458941846507848 ], [ 9.169892932768391, 45.458690750495904 ], [ 9.16981501214182, 45.458619801286765 ], [ 9.16981501214182, 45.458619801286765 ], [ 9.169651497005818, 45.458460924405458 ], [ 9.169584964969665, 45.458396452823351 ], [ 9.169512263253466, 45.45832615455047 ], [ 9.169453912626075, 45.458269200823651 ], [ 9.169390063577138, 45.458207266545628 ], [ 9.169317091760082, 45.458135933163994 ], [ 9.169300590847396, 45.458119203210522 ], [ 9.169261011567643, 45.4580777523447 ], [ 9.169220475502, 45.458034996886219 ], [ 9.169199176171684, 45.458012567645554 ], [ 9.169152921663388, 45.457963925998165 ], [ 9.169135480973093, 45.457945973775978 ], [ 9.169116356248004, 45.457923929574179 ], [ 9.169106291078441, 45.457912484649583 ], [ 9.169077336888758, 45.457879536389761 ], [ 9.169055451462228, 45.457851142775084 ], [ 9.169016180114006, 45.457800702369092 ], [ 9.168985841107318, 45.457763049848381 ], [ 9.168914627542142, 45.457653027969414 ], [ 9.168884915768302, 45.457601396837305 ], [ 9.168858278514344, 45.457549196407257 ], [ 9.168854248203971, 45.457543178312029 ], [ 9.168820286158583, 45.457456538692547 ], [ 9.168813011353972, 45.45743890086414 ], [ 9.168776062100163, 45.45731470950259 ], [ 9.168757429783389, 45.457233318290839 ], [ 9.168733009486159, 45.457094566023741 ], [ 9.168724389958449, 45.457018289889838 ], [ 9.168724335700418, 45.457005677132372 ], [ 9.168723930364695, 45.456964980150651 ], [ 9.168731717945102, 45.456834769358693 ], [ 9.168734179743995, 45.456813728645351 ], [ 9.168752823973977, 45.45674193034445 ], [ 9.168765277065887, 45.456702002704027 ], [ 9.168783329516803, 45.456644841809279 ], [ 9.168786541897232, 45.456634459718131 ], [ 9.168789595364768, 45.456626854568135 ], [ 9.168825956996018, 45.456565101568785 ], [ 9.168846114946204, 45.456530104150126 ], [ 9.168908118635716, 45.456433627986335 ], [ 9.168962847131711, 45.456364294250051 ], [ 9.168996156692639, 45.45632193558604 ], [ 9.169025809191503, 45.456286594674886 ], [ 9.169038400572338, 45.456270715904687 ], [ 9.169106450249242, 45.456194891283047 ], [ 9.169162636854921, 45.456132544124507 ], [ 9.169202193841526, 45.456088590735654 ], [ 9.169203670286613, 45.456086857523076 ], [ 9.169212320918295, 45.456076771816782 ], [ 9.169284421852678, 45.455991763844018 ], [ 9.16930961276463, 45.455962830001539 ], [ 9.169380424582819, 45.455871705704801 ], [ 9.169387236106656, 45.45586298899952 ], [ 9.16939897620156, 45.45584761737372 ], [ 9.169407405599495, 45.45583485086874 ], [ 9.169472692527513, 45.455735551639386 ], [ 9.169575896875184, 45.455541876387564 ], [ 9.169654553137073, 45.455368568573242 ], [ 9.169748856382929, 45.455061202519829 ], [ 9.169818279974784, 45.45466351262624 ], [ 9.169963516285094, 45.453145237681589 ], [ 9.169928657181412, 45.45293745985586 ], [ 9.169833750096442, 45.45268459078401 ], [ 9.169624187801594, 45.452371651137014 ], [ 9.169624187801594, 45.452371651137014 ], [ 9.168342882646648, 45.45070488172307 ], [ 9.16809349332889, 45.450304649023302 ], [ 9.167831037916006, 45.449826122269798 ], [ 9.167684607351193, 45.449510074292711 ], [ 9.167520429747098, 45.448980198306103 ], [ 9.167468091840558, 45.448645940097272 ], [ 9.16743656783083, 45.448114363725047 ], [ 9.167433021079798, 45.445463785772091 ], [ 9.167441036503819, 45.445280040396462 ], [ 9.167703896058876, 45.443732979422975 ], [ 9.167703896058876, 45.443732979422975 ], [ 9.168280351536426, 45.439727640800243 ], [ 9.168304637362795, 45.439260740415975 ], [ 9.168130777703546, 45.436899563714967 ], [ 9.168130777703546, 45.436899563714967 ], [ 9.167655369750332, 45.432382212006395 ], [ 9.166796396241065, 45.431232869950662 ], [ 9.163820998379732, 45.428966092785998 ], [ 9.163366209687863, 45.428496865210072 ], [ 9.162756483734823, 45.427696532208657 ], [ 9.161630176013434, 45.425740304212056 ], [ 9.161303291764911, 45.425108237438458 ], [ 9.161113854632529, 45.424674770787021 ], [ 9.160924027580862, 45.424102750577234 ], [ 9.160854472065724, 45.423708271315128 ], [ 9.160801915686246, 45.423274611600398 ], [ 9.160834478118463, 45.42269023030844 ], [ 9.161173390170417, 45.420033134545783 ], [ 9.161185075231071, 45.419629504658353 ], [ 9.16113276812235, 45.419283193619115 ], [ 9.161024767441893, 45.418903828446226 ], [ 9.160856968280292, 45.418551655568649 ], [ 9.160616472672604, 45.418202596496094 ], [ 9.16039337679929, 45.417955921928815 ], [ 9.160037530740146, 45.417649191762834 ], [ 9.159643290309052, 45.417375646487109 ], [ 9.159253474117666, 45.417153298395917 ], [ 9.158731072059382, 45.416928120858678 ], [ 9.158354386875123, 45.416811172948073 ], [ 9.157836578114852, 45.416697430514475 ], [ 9.156185105641466, 45.416467768501221 ], [ 9.155618117625787, 45.416352577073425 ], [ 9.155183673768356, 45.416223649030989 ], [ 9.154783363601332, 45.416064552759366 ], [ 9.154239413486918, 45.415768600768793 ], [ 9.153845246750466, 45.415507083464142 ], [ 9.153407865379304, 45.415078454321097 ], [ 9.153178312928105, 45.414800147726588 ], [ 9.152821804293566, 45.414225323934467 ], [ 9.15004651283162, 45.4094541512208 ], [ 9.15004651283162, 45.4094541512208 ], [ 9.149403257801346, 45.408356348622654 ], [ 9.145537788211529, 45.401749881754682 ] ] } },
{ "type": "Feature", "properties": { "linea": "3", "mezzo": "METRO", "percorso": "100081", "nome": "COMASINA - SAN DONATO", "lung_km": "15.63", "num_ferm": "21" }, "geometry": { "type": "LineString", "coordinates": [ [ 9.163731954982739, 45.528140835698167 ], [ 9.16444093407247, 45.52657551436883 ], [ 9.164978039443501, 45.525556526981333 ], [ 9.165431356376669, 45.524808455067294 ], [ 9.16696532931649, 45.523041340258438 ], [ 9.168251159574872, 45.521682099193335 ], [ 9.168251159574872, 45.521682099193335 ], [ 9.168801155474874, 45.521085257054565 ], [ 9.169338260845977, 45.52049969833682 ], [ 9.169600368267062, 45.520174552561308 ], [ 9.169862475688133, 45.519722958089346 ], [ 9.170348018943569, 45.518907068220351 ], [ 9.170775554818929, 45.518192025858632 ], [ 9.171192348586874, 45.517535684240045 ], [ 9.171613439197793, 45.516932023836816 ], [ 9.173967256637306, 45.513556245567067 ], [ 9.173967256637306, 45.513556245567067 ], [ 9.176073617732632, 45.510529137947401 ], [ 9.178811687639417, 45.506637353454742 ], [ 9.179298888266452, 45.505939453663082 ], [ 9.179597566333346, 45.505536022038882 ], [ 9.179597566333346, 45.505536022038882 ], [ 9.179888201957255, 45.505087088480593 ], [ 9.180450003851004, 45.504276391963209 ], [ 9.182643658031386, 45.501120249810022 ], [ 9.184701874584073, 45.498135236803378 ], [ 9.185028831342079, 45.497715093376634 ], [ 9.185028831342079, 45.497715093376634 ], [ 9.186169367782981, 45.496056984149462 ], [ 9.187023757326791, 45.494759001492199 ], [ 9.187294185652773, 45.494438852158055 ], [ 9.18769080852228, 45.49409629337535 ], [ 9.187917654384476, 45.493962709802886 ], [ 9.188176066816682, 45.493829073872625 ], [ 9.188516538913502, 45.493690861823197 ], [ 9.188970681944511, 45.493561341852327 ], [ 9.190030514818188, 45.493310925672837 ], [ 9.19071814442735, 45.493149928130592 ], [ 9.192585279252329, 45.492662799886304 ], [ 9.192585279252329, 45.492662799886304 ], [ 9.196716710711174, 45.491550117888067 ], [ 9.197606075779417, 45.491317685780402 ], [ 9.198104247082808, 45.491152530370059 ], [ 9.198785015065612, 45.490849403969193 ], [ 9.200548851658453, 45.489980452156779 ], [ 9.200548851658453, 45.489980452156779 ], [ 9.201355438953019, 45.489560529812081 ], [ 9.201728739263714, 45.489350064328676 ], [ 9.202112767453952, 45.489050771067994 ], [ 9.202441307073316, 45.488682748795256 ], [ 9.202663966098742, 45.48827716990855 ], [ 9.202806216521381, 45.487895045111088 ], [ 9.202869916831252, 45.487614078083624 ], [ 9.202883988140714, 45.487136712139453 ], [ 9.202812348308308, 45.486522956368212 ], [ 9.202724081752425, 45.485672779573981 ], [ 9.202612357443973, 45.484440771147206 ], [ 9.202612357443973, 45.484440771147206 ], [ 9.202516050220071, 45.48398802249995 ], [ 9.202344710199785, 45.483735223744389 ], [ 9.200634179364966, 45.481993164701358 ], [ 9.198822153881347, 45.480078080830275 ], [ 9.198822153881347, 45.480078080830275 ], [ 9.19650440017646, 45.477901854276155 ], [ 9.195614160282821, 45.476907622399885 ], [ 9.195284902556192, 45.476602908022933 ], [ 9.195113867829097, 45.476422808959271 ], [ 9.195092088594192, 45.476398701474601 ], [ 9.195071087810151, 45.476371539890557 ], [ 9.194956971200131, 45.476224091413201 ], [ 9.194909338422143, 45.476138140002817 ], [ 9.19483869469998, 45.476013929390653 ], [ 9.194795755834823, 45.475916313912684 ], [ 9.194744841840549, 45.47579373479477 ], [ 9.194708763313525, 45.475626171454813 ], [ 9.194700337325576, 45.475584834655983 ], [ 9.194698926635205, 45.475576095037518 ], [ 9.194694384281924, 45.475516990067483 ], [ 9.194690879860516, 45.475472939030006 ], [ 9.194688478623112, 45.475441409404205 ], [ 9.194687899935071, 45.47543443758795 ], [ 9.194687651179592, 45.475431104465976 ], [ 9.194687604664411, 45.475430516296342 ], [ 9.194687598921369, 45.475430442520938 ], [ 9.194687596436875, 45.47543041053634 ], [ 9.194687596345334, 45.475430409295718 ], [ 9.19468759625585, 45.475430408159255 ], [ 9.19468759622516, 45.475430407770489 ], [ 9.194687596210798, 45.475430407588689 ], [ 9.194687596206759, 45.475430407535839 ], [ 9.194679534402802, 45.475321713201616 ], [ 9.19469908721687, 45.475156387402215 ], [ 9.194706872442273, 45.475039656252292 ], [ 9.194706872442273, 45.475039656252292 ], [ 9.194883064335851, 45.474519260748188 ], [ 9.194889117337045, 45.474479696805346 ], [ 9.194890394232088, 45.474470985891891 ], [ 9.194894587856446, 45.474442840155298 ], [ 9.194898448804592, 45.474418338082913 ], [ 9.194907243633034, 45.474358680385471 ], [ 9.194918135541712, 45.474285036557546 ], [ 9.194937307790964, 45.474202878059295 ], [ 9.194939033435789, 45.474195597597422 ], [ 9.194951438410758, 45.474142482646243 ], [ 9.195121068319661, 45.473479496590095 ], [ 9.195144832627856, 45.473392021699674 ], [ 9.19518200702143, 45.47318905505071 ], [ 9.195189362200219, 45.473148239799023 ], [ 9.195183356406996, 45.472893718876016 ], [ 9.195142852665027, 45.472702820183734 ], [ 9.195125812445006, 45.472623464381201 ], [ 9.195124018499126, 45.472618054836083 ], [ 9.195105604325585, 45.472569303404541 ], [ 9.195087394131157, 45.472522494608015 ], [ 9.195063508668015, 45.472460151593538 ], [ 9.195047288774731, 45.472418474431777 ], [ 9.195036936424197, 45.472390873916495 ], [ 9.195024972720987, 45.472369710119956 ], [ 9.195024309178496, 45.472368557602834 ], [ 9.194984049972925, 45.472296779091984 ], [ 9.194823145784454, 45.472026422929218 ], [ 9.194811253296052, 45.472009789008297 ], [ 9.194743885563836, 45.471922191727202 ], [ 9.194644018827434, 45.471791071282503 ], [ 9.19449751048454, 45.471633660935119 ], [ 9.193952805986118, 45.471089438992294 ], [ 9.193730341064001, 45.470868870509882 ], [ 9.193199915634588, 45.470342940319206 ], [ 9.192929357918338, 45.470073217535884 ], [ 9.192848403426066, 45.470005418846874 ], [ 9.192848403426066, 45.470005418846874 ], [ 9.192767449127992, 45.469937620099401 ], [ 9.192656881678779, 45.469847596197013 ], [ 9.192561940859415, 45.469770452876148 ], [ 9.192442276733479, 45.469673366046642 ], [ 9.192177628952306, 45.46945758410375 ], [ 9.19194819886834, 45.469273107835107 ], [ 9.191811137590452, 45.46916369766975 ], [ 9.191784829022383, 45.46914153619727 ], [ 9.191757134133848, 45.469117711624129 ], [ 9.191667522506563, 45.469040905581373 ], [ 9.191573211938531, 45.468959770308835 ], [ 9.191532931116642, 45.468925158883508 ], [ 9.191519714480664, 45.468913835346477 ], [ 9.19151333478364, 45.468908338001725 ], [ 9.191508346055402, 45.468904052695798 ], [ 9.19150519331912, 45.468901341910005 ], [ 9.191504534950344, 45.468900774861488 ], [ 9.191504028429264, 45.46890034024473 ], [ 9.191503828485491, 45.468900168318129 ], [ 9.19150364022958, 45.468900006536849 ], [ 9.191503635436426, 45.468900002470434 ], [ 9.191503631047507, 45.468899998682872 ], [ 9.191503601840731, 45.468899973586261 ], [ 9.191413255235043, 45.468822400291891 ], [ 9.191395198210556, 45.468805082347615 ], [ 9.191370510943567, 45.468781079103756 ], [ 9.191347159773191, 45.468758461472163 ], [ 9.191231491845098, 45.46864620413421 ], [ 9.191146204142731, 45.46856446337128 ], [ 9.191062300655524, 45.468483691728643 ], [ 9.190963749146388, 45.468387400527426 ], [ 9.190853519607369, 45.468278915620203 ], [ 9.19075417797923, 45.468182070411792 ], [ 9.190643752002773, 45.468073585625746 ], [ 9.190506216611434, 45.467938984855351 ], [ 9.190475047985, 45.467908295818333 ], [ 9.190438561724854, 45.467872602006921 ], [ 9.190425414294371, 45.467859734210442 ], [ 9.190419118794937, 45.467853551396836 ], [ 9.190416799770425, 45.467851286985052 ], [ 9.190415575283925, 45.46785007898913 ], [ 9.190415106857728, 45.467849626548158 ], [ 9.190412922284695, 45.467847477928352 ], [ 9.190410495019991, 45.46784510201789 ], [ 9.190410284756988, 45.467844895274183 ], [ 9.190409649337004, 45.467844272611281 ], [ 9.19040944487347, 45.467844072092433 ], [ 9.190405765322406, 45.46784046925756 ], [ 9.19040431516045, 45.467839053459187 ], [ 9.190397661061372, 45.467832541626187 ], [ 9.190391006934679, 45.467826021118753 ], [ 9.190384402265121, 45.467819543899061 ], [ 9.190377970881091, 45.467813274568464 ], [ 9.190146995837512, 45.467587308603207 ], [ 9.189428083219623, 45.466887219215174 ], [ 9.189267395203965, 45.466728159655737 ], [ 9.189162882249349, 45.46661674914035 ], [ 9.189121312753171, 45.466571851432704 ], [ 9.189095173040252, 45.466540529166771 ], [ 9.188999722452026, 45.466425772676757 ], [ 9.188939478975623, 45.466340658021565 ], [ 9.188891518785203, 45.466271899717171 ], [ 9.188819754676594, 45.46616237780907 ], [ 9.18879162581689, 45.466111108373745 ], [ 9.188775106366327, 45.46608119270865 ], [ 9.188711702903751, 45.465950179917947 ], [ 9.188702899195764, 45.465927329565126 ], [ 9.188692508042251, 45.465901602035103 ], [ 9.188680966287887, 45.465870914828265 ], [ 9.188668355822866, 45.465834407991089 ], [ 9.188668069593293, 45.465833595268123 ], [ 9.188647775111377, 45.465775447343852 ], [ 9.188620295319387, 45.465696870792534 ], [ 9.188612092382646, 45.465661910427272 ], [ 9.188603771437215, 45.465621121274594 ], [ 9.18859766064655, 45.465592524233557 ], [ 9.188563642830889, 45.46543099954777 ], [ 9.188553659819679, 45.465364884816857 ], [ 9.188550192358372, 45.465330471783211 ], [ 9.18854500318194, 45.465282460629403 ], [ 9.188529737554633, 45.465140230875363 ], [ 9.188524519912256, 45.465068834446733 ], [ 9.188523145333528, 45.465041010263143 ], [ 9.188521661650247, 45.46499521356548 ], [ 9.188519769586172, 45.464900773299263 ], [ 9.188510540013587, 45.463905073414544 ], [ 9.188510540013587, 45.463905073414544 ], [ 9.188514146563683, 45.463388508541435 ], [ 9.188486511595128, 45.463144291898445 ], [ 9.188478238558535, 45.46308070714997 ], [ 9.188477809765699, 45.463077793364398 ], [ 9.188477079541375, 45.463073197303196 ], [ 9.188476149382272, 45.46306778620751 ], [ 9.188467447027859, 45.463015946872815 ], [ 9.188440416351996, 45.46286436841666 ], [ 9.188429996503933, 45.46281497799702 ], [ 9.188419619591695, 45.462778494541361 ], [ 9.188391115104869, 45.462687775863927 ], [ 9.188353526078018, 45.462593324927376 ], [ 9.188074368120915, 45.461913041957651 ], [ 9.188063337496072, 45.461887454188613 ], [ 9.188049181138968, 45.461841123144396 ], [ 9.188003521800514, 45.461684179884479 ], [ 9.188002700781915, 45.461680993507123 ], [ 9.18800263037549, 45.461680670513125 ], [ 9.188001328079228, 45.46167499437977 ], [ 9.188000363034623, 45.461666478013676 ], [ 9.18799622989061, 45.46163558771282 ], [ 9.187988606376173, 45.461578065030047 ], [ 9.187976585422605, 45.461484283219129 ], [ 9.187975903437268, 45.461338143347305 ], [ 9.187989114650945, 45.461218523351185 ], [ 9.187994747370054, 45.461192422447503 ], [ 9.18804988475331, 45.461003826615162 ], [ 9.188069658450457, 45.460960076724355 ], [ 9.188177341262103, 45.460782670763749 ], [ 9.188184166136605, 45.460774124239244 ], [ 9.18829399122993, 45.460648134625607 ], [ 9.188345468604066, 45.460590037617145 ], [ 9.188562977049715, 45.46040620512035 ], [ 9.188780589954268, 45.460254153886801 ], [ 9.188813969505494, 45.460232274810728 ], [ 9.188843579923264, 45.460214877774071 ], [ 9.188848950446502, 45.460211729433546 ], [ 9.188852212711739, 45.460209808160592 ], [ 9.18892144694698, 45.460169077463192 ], [ 9.188980988103008, 45.460134282796758 ], [ 9.189027462461388, 45.460108917262012 ], [ 9.189056162789889, 45.460090483352673 ], [ 9.189027462461388, 45.460108917262012 ], [ 9.189056162789889, 45.460090483352673 ], [ 9.189164646352115, 45.460031590890047 ], [ 9.189294935847462, 45.45996084236323 ], [ 9.189307646761096, 45.459953868458896 ], [ 9.189328740645523, 45.459942399940772 ], [ 9.189335058564366, 45.459938973403837 ], [ 9.189336348688277, 45.459938274170895 ], [ 9.189336955645052, 45.45993794242213 ], [ 9.189339648894668, 45.459936482207247 ], [ 9.189362287281892, 45.459924216857537 ], [ 9.189468167591064, 45.459866699674002 ], [ 9.189732724076356, 45.459725175864186 ], [ 9.189742586382197, 45.459719906226418 ], [ 9.189747178519342, 45.459717453033861 ], [ 9.189748228112077, 45.459716895425423 ], [ 9.189748621918456, 45.459716684737579 ], [ 9.189748834230686, 45.459716570918424 ], [ 9.189748937605563, 45.459716515824091 ], [ 9.189749003365039, 45.459716480709247 ], [ 9.189749038786557, 45.459716461855621 ], [ 9.189749098713747, 45.459716429824759 ], [ 9.189749527060968, 45.459716201331403 ], [ 9.189750126335142, 45.459715881663882 ], [ 9.189751502955309, 45.459715147879933 ], [ 9.189752602196343, 45.459714561821876 ], [ 9.189765298249831, 45.459707790677911 ], [ 9.189794482589937, 45.459692134503378 ], [ 9.189930143839858, 45.459619638061731 ], [ 9.190064709828462, 45.459547993074011 ], [ 9.190558693689612, 45.45928311646874 ], [ 9.190918074441521, 45.459079493237319 ], [ 9.191088313278131, 45.458974761316938 ], [ 9.19189437357206, 45.458481457250841 ], [ 9.192257208960518, 45.458263609198127 ], [ 9.193530603999701, 45.457495409183231 ], [ 9.193882907683873, 45.457283136048638 ], [ 9.194673388271998, 45.45680621652977 ], [ 9.195103254472485, 45.456550761286174 ], [ 9.195103254472485, 45.456550761286174 ], [ 9.19546429440817, 45.456328734298403 ], [ 9.196045313342212, 45.455980404963121 ], [ 9.196642071771453, 45.455614740637991 ], [ 9.198973717202607, 45.454155238427951 ], [ 9.201038093626151, 45.45288589483377 ], [ 9.202625679038682, 45.451891766498129 ], [ 9.203398956134585, 45.45143382117066 ], [ 9.203398956134585, 45.45143382117066 ], [ 9.205590268445082, 45.450052690889336 ], [ 9.206319169785344, 45.449598977110362 ], [ 9.20771363688354, 45.448669401224663 ], [ 9.208733264163598, 45.44801242817605 ], [ 9.210795487393931, 45.446755271484349 ], [ 9.210795487393931, 45.446755271484349 ], [ 9.212183268068719, 45.445954204267736 ], [ 9.215197313870828, 45.444297183420836 ], [ 9.21585629270661, 45.443965910896019 ], [ 9.218469959194231, 45.442810784934011 ], [ 9.218469959194231, 45.442810784934011 ], [ 9.221200329741116, 45.441442150913595 ], [ 9.222588395649971, 45.440784340336613 ], [ 9.223467035627534, 45.440409024535242 ], [ 9.223467035627534, 45.440409024535242 ], [ 9.226149154005274, 45.439107731830426 ], [ 9.228434153039855, 45.437975893482928 ], [ 9.23029705350628, 45.437120504030936 ], [ 9.23029705350628, 45.437120504030936 ], [ 9.238081999064907, 45.433570014123376 ], [ 9.238081999064907, 45.433570014123376 ], [ 9.240175714542385, 45.432565035322902 ], [ 9.240946530367005, 45.432177759138426 ], [ 9.242894886689117, 45.431278720694401 ], [ 9.24575433214709, 45.429982151140393 ], [ 9.246111852855504, 45.429842942077059 ], [ 9.246650025887574, 45.429666260236672 ], [ 9.247493444479614, 45.429441944939057 ], [ 9.248457426240849, 45.429090045883449 ], [ 9.251062966299807, 45.427990430102668 ], [ 9.251585153792899, 45.427779149938722 ], [ 9.251802508626742, 45.427706979284316 ], [ 9.252033994194329, 45.42765455427898 ], [ 9.252269045163693, 45.42761448169049 ], [ 9.252479629949923, 45.427599184129235 ], [ 9.252739432558194, 45.427598610333007 ], [ 9.253006411261362, 45.427632630173022 ], [ 9.253364915374851, 45.427720833979272 ], [ 9.253836133247704, 45.427890367515189 ], [ 9.254596233419248, 45.428279277756673 ], [ 9.256264561152566, 45.429197663708649 ] ] } },
{ "type": "Feature", "properties": { "linea": "2", "mezzo": "METRO", "percorso": "100045", "nome": "ABBIATEGRASSO - CASCINA GOBBA", "lung_km": "15.30", "num_ferm": "20" }, "geometry": { "type": "LineString", "coordinates": [ [ 9.177304057691304, 45.430003678800034 ], [ 9.175011241766969, 45.430047071935455 ], [ 9.174034618832827, 45.43004856123796 ], [ 9.173595968150874, 45.430089091329855 ], [ 9.173157438493197, 45.430169483441624 ], [ 9.172634256442029, 45.430339695336379 ], [ 9.172083156027732, 45.43063950443657 ], [ 9.17109399141675, 45.431179149866225 ], [ 9.170118932437784, 45.431708799743141 ], [ 9.1693167572011, 45.432073747139306 ], [ 9.168365519946079, 45.432294401715311 ], [ 9.167655369750332, 45.432382212006395 ], [ 9.168130777703546, 45.436899563714967 ], [ 9.168130777703546, 45.436899563714967 ], [ 9.168304637362795, 45.439260740415975 ], [ 9.168280351536426, 45.439727640800243 ], [ 9.167703896058876, 45.443732979422975 ], [ 9.167703896058876, 45.443732979422975 ], [ 9.167441036503819, 45.445280040396462 ], [ 9.167433021079798, 45.445463785772091 ], [ 9.16743656783083, 45.448114363725047 ], [ 9.167468091840558, 45.448645940097272 ], [ 9.167520429747098, 45.448980198306103 ], [ 9.167684607351193, 45.449510074292711 ], [ 9.167831037916006, 45.449826122269798 ], [ 9.16809349332889, 45.450304649023302 ], [ 9.168342882646648, 45.45070488172307 ], [ 9.169624187801594, 45.452371651137014 ], [ 9.169624187801594, 45.452371651137014 ], [ 9.169833750096442, 45.45268459078401 ], [ 9.169928657181412, 45.45293745985586 ], [ 9.169963516285094, 45.453145237681589 ], [ 9.169818279974784, 45.45466351262624 ], [ 9.169748856382929, 45.455061202519829 ], [ 9.169654553137073, 45.455368568573242 ], [ 9.169575896875184, 45.455541876387564 ], [ 9.169472692527513, 45.455735551639386 ], [ 9.169407405599495, 45.45583485086874 ], [ 9.16939897620156, 45.45584761737372 ], [ 9.169387236106656, 45.45586298899952 ], [ 9.169380424582819, 45.455871705704801 ], [ 9.16930961276463, 45.455962830001539 ], [ 9.169284421852678, 45.455991763844018 ], [ 9.169212320918295, 45.456076771816782 ], [ 9.169203670286613, 45.456086857523076 ], [ 9.169202193841526, 45.456088590735654 ], [ 9.169162636854921, 45.456132544124507 ], [ 9.169106450249242, 45.456194891283047 ], [ 9.169038400572338, 45.456270715904687 ], [ 9.169025809191503, 45.456286594674886 ], [ 9.168996156692639, 45.45632193558604 ], [ 9.168962847131711, 45.456364294250051 ], [ 9.168908118635716, 45.456433627986335 ], [ 9.168846114946204, 45.456530104150126 ], [ 9.168825956996018, 45.456565101568785 ], [ 9.168789595364768, 45.456626854568135 ], [ 9.168786541897232, 45.456634459718131 ], [ 9.168783329516803, 45.456644841809279 ], [ 9.168765277065887, 45.456702002704027 ], [ 9.168752823973977, 45.45674193034445 ], [ 9.168734179743995, 45.456813728645351 ], [ 9.168731717945102, 45.456834769358693 ], [ 9.168723930364695, 45.456964980150651 ], [ 9.168724335700418, 45.457005677132372 ], [ 9.168724389958449, 45.457018289889838 ], [ 9.168733009486159, 45.457094566023741 ], [ 9.168757429783389, 45.457233318290839 ], [ 9.168776062100163, 45.45731470950259 ], [ 9.168813011353972, 45.45743890086414 ], [ 9.168820286158583, 45.457456538692547 ], [ 9.168854248203971, 45.457543178312029 ], [ 9.168858278514344, 45.457549196407257 ], [ 9.168884915768302, 45.457601396837305 ], [ 9.168914627542142, 45.457653027969414 ], [ 9.168985841107318, 45.457763049848381 ], [ 9.169016180114006, 45.457800702369092 ], [ 9.169055451462228, 45.457851142775084 ], [ 9.169077336888758, 45.457879536389761 ], [ 9.169106291078441, 45.457912484649583 ], [ 9.169116356248004, 45.457923929574179 ], [ 9.169135480973093, 45.457945973775978 ], [ 9.169152921663388, 45.457963925998165 ], [ 9.169199176171684, 45.458012567645554 ], [ 9.169220475502, 45.458034996886219 ], [ 9.169261011567643, 45.4580777523447 ], [ 9.169300590847396, 45.458119203210522 ], [ 9.169317091760082, 45.458135933163994 ], [ 9.169390063577138, 45.458207266545628 ], [ 9.169453912626075, 45.458269200823651 ], [ 9.169512263253466, 45.45832615455047 ], [ 9.169584964969665, 45.458396452823351 ], [ 9.169651497005818, 45.458460924405458 ], [ 9.16981501214182, 45.458619801286765 ], [ 9.16981501214182, 45.458619801286765 ], [ 9.169892932768391, 45.458690750495904 ], [ 9.17016733669753, 45.458941846507848 ], [ 9.17034115209051, 45.459100283742544 ], [ 9.17048036821012, 45.459227899048393 ], [ 9.170671866418559, 45.45939496898788 ], [ 9.171081626596498, 45.459732456407792 ], [ 9.173193149781406, 45.461611792442248 ], [ 9.173193149781406, 45.461611792442248 ], [ 9.173450697060295, 45.461852363882393 ], [ 9.173583899314552, 45.462020834956199 ], [ 9.173920240909332, 45.462830557181263 ], [ 9.174251700610984, 45.46344149258325 ], [ 9.175065255577129, 45.464922163426202 ], [ 9.175659267235849, 45.465990519074708 ], [ 9.176300434577259, 45.467073858880049 ], [ 9.17712141419679, 45.468156916734131 ], [ 9.17712141419679, 45.468156916734131 ], [ 9.177437136749022, 45.468505821395489 ], [ 9.17769036781729, 45.468719281546846 ], [ 9.17852039642306, 45.469261658421999 ], [ 9.180918534359806, 45.470887391944082 ], [ 9.181171567698216, 45.471031568292389 ], [ 9.182020961617511, 45.471584430900464 ], [ 9.182588023034734, 45.472197978212343 ], [ 9.182588023034734, 45.472197978212343 ], [ 9.183210925238754, 45.472865649483623 ], [ 9.183365841201431, 45.473112386384841 ], [ 9.183434971690875, 45.47330805639686 ], [ 9.183486997925982, 45.473509777810698 ], [ 9.183513416131419, 45.473735636358619 ], [ 9.183495406149513, 45.47478384534115 ], [ 9.183526125693584, 45.475015720961309 ], [ 9.183582464321868, 45.475226471389121 ], [ 9.184507971850579, 45.477432786764894 ], [ 9.184507971850579, 45.477432786764894 ], [ 9.184805090772747, 45.477954891059092 ], [ 9.184916898837498, 45.478105310933344 ], [ 9.186580522165999, 45.480141740819207 ], [ 9.186761380883587, 45.480454694688014 ], [ 9.187097693168079, 45.481164979283854 ], [ 9.187541463014696, 45.483290730219757 ], [ 9.187541463014696, 45.483290730219757 ], [ 9.187972482859314, 45.484145432952452 ], [ 9.188670822166664, 45.485547878587838 ], [ 9.189263607104253, 45.486107132751386 ], [ 9.190018151506072, 45.486376962778905 ], [ 9.190832245788268, 45.48652620830395 ], [ 9.19140587706465, 45.486477058148346 ], [ 9.192261364985727, 45.486204543485776 ], [ 9.194791782530112, 45.484881005324681 ], [ 9.194791782530112, 45.484881005324681 ], [ 9.196189361264873, 45.484125616020634 ], [ 9.197310390624963, 45.483888751910399 ], [ 9.197888302820489, 45.483848597815125 ], [ 9.198457829987237, 45.483859659454296 ], [ 9.202612243931537, 45.484438637196874 ], [ 9.202612243931537, 45.484438637196874 ], [ 9.204616319322396, 45.484681114065438 ], [ 9.205121856695197, 45.484755509027984 ], [ 9.209410101904338, 45.485303455820471 ], [ 9.209410101904338, 45.485303455820471 ], [ 9.209874916680258, 45.485362844237883 ], [ 9.210547631419178, 45.485482088478818 ], [ 9.211933646692419, 45.485693381841877 ], [ 9.212293400589807, 45.485710786900086 ], [ 9.212490349007716, 45.485704397270048 ], [ 9.212926884209635, 45.48564334555153 ], [ 9.213239139249318, 45.485555415816329 ], [ 9.213542681687169, 45.485428345411073 ], [ 9.213965616366858, 45.485168522705017 ], [ 9.215145221689466, 45.484584993314108 ], [ 9.215145221689466, 45.484584993314108 ], [ 9.216521399006142, 45.483904695607187 ], [ 9.218026286837667, 45.483299436198429 ], [ 9.222897889785722, 45.48084128596043 ], [ 9.22354342530406, 45.480590029672086 ], [ 9.224095666664091, 45.480567865170229 ], [ 9.224755497234359, 45.480684039065601 ], [ 9.225960248201114, 45.481088286919764 ], [ 9.225960248201114, 45.481088286919764 ], [ 9.234874689392575, 45.484190770981243 ], [ 9.234874689392575, 45.484190770981243 ], [ 9.236092571002205, 45.484628016839835 ], [ 9.236728003934036, 45.485036336462365 ], [ 9.237124464365028, 45.485637916528866 ], [ 9.23722947871838, 45.48617383582166 ], [ 9.237065230724321, 45.489386479439951 ], [ 9.237161199481385, 45.490316989654922 ], [ 9.237126793890956, 45.490792957506535 ], [ 9.237010769967139, 45.491208854385697 ], [ 9.237010769967139, 45.491208854385697 ], [ 9.23636011702075, 45.49332537934005 ], [ 9.236266793879995, 45.493539424257349 ], [ 9.235931221606139, 45.494199745204959 ], [ 9.235795583720931, 45.494537369020868 ], [ 9.235736580458545, 45.494766402716287 ], [ 9.235729219802268, 45.495055569982412 ], [ 9.235768529520639, 45.495239221024214 ], [ 9.235889813704118, 45.495567279069299 ], [ 9.236036406239535, 45.495801912732205 ], [ 9.236182685664788, 45.495961246832749 ], [ 9.236333135445269, 45.496093464122239 ], [ 9.237398823523025, 45.49694064149427 ], [ 9.241425105078523, 45.50004360981832 ], [ 9.241425105078523, 45.50004360981832 ], [ 9.243212787549192, 45.50141931787649 ], [ 9.244398947982866, 45.502344484874548 ], [ 9.245193721817166, 45.502890967448089 ], [ 9.248236667743859, 45.505251833228328 ], [ 9.248236667743859, 45.505251833228328 ], [ 9.251937396675418, 45.508090077141865 ], [ 9.25378576554392, 45.509510664042146 ], [ 9.254318605751495, 45.50987694373304 ], [ 9.25485519368069, 45.510122732844522 ], [ 9.255558937520922, 45.5103862180313 ], [ 9.256245033800674, 45.510535282681232 ], [ 9.257342137350181, 45.510629203353702 ], [ 9.260591477656584, 45.511094729320106 ] ] } },
{ "type": "Feature", "properties": { "linea": "1", "mezzo": "METRO", "percorso": "100038", "nome": "SESTO MARELLI - SESTO 1 MAGGIO FS", "lung_km": "2.22", "num_ferm": "3" }, "geometry": { "type": "LineString", "coordinates": [ [ 9.227945436497007, 45.523488542366628 ], [ 9.231251361489663, 45.534161440546143 ], [ 9.231251361489663, 45.534161440546143 ], [ 9.232906323110067, 45.536099069761292 ], [ 9.234856867104524, 45.538093396587229 ], [ 9.236721764382841, 45.540011428455543 ], [ 9.238335229365667, 45.541696543853192 ] ] } },
{ "type": "Feature", "properties": { "linea": "2", "mezzo": "METRO", "percorso": "100074", "nome": "GESSATE - ASSAGO MILANOFIORI FORUM", "lung_km": "33.25", "num_ferm": "31" }, "geometry": { "type": "LineString", "coordinates": [ [ 9.436627021354205, 45.545276115958764 ], [ 9.433630865739341, 45.544536001612045 ], [ 9.427772921021385, 45.543114364616507 ], [ 9.423506605429145, 45.542088258256584 ], [ 9.423506605429145, 45.542088258256584 ], [ 9.41654964705404, 45.540404360213508 ], [ 9.412389900466669, 45.539222943480603 ], [ 9.410303038825186, 45.538629731202867 ], [ 9.405174539144522, 45.537219146348633 ], [ 9.403447449171098, 45.536740721889345 ], [ 9.403447449171098, 45.536740721889345 ], [ 9.400722965690965, 45.535990131994346 ], [ 9.399795421617648, 45.535649756896021 ], [ 9.39935268009908, 45.535468368589044 ], [ 9.398720952775651, 45.535173921026022 ], [ 9.398018307739687, 45.534798137430911 ], [ 9.397407142795773, 45.534424503643933 ], [ 9.396869955865258, 45.534065442412775 ], [ 9.396258060558916, 45.53358550446643 ], [ 9.395589084099729, 45.532989571793529 ], [ 9.394607903778487, 45.532009064724868 ], [ 9.394363657344758, 45.531787417999851 ], [ 9.393543050439245, 45.531130193450267 ], [ 9.393309742400382, 45.530962893113795 ], [ 9.392338212885297, 45.530348204718926 ], [ 9.391494641229635, 45.529923422090064 ], [ 9.390771400205496, 45.529604522556532 ], [ 9.390048406341338, 45.52932022707477 ], [ 9.384968439800003, 45.527865305420328 ], [ 9.384968439800003, 45.527865305420328 ], [ 9.379175357936381, 45.526234532976012 ], [ 9.375896599227463, 45.525305958687206 ], [ 9.375896599227463, 45.525305958687206 ], [ 9.372228679534661, 45.524278437374903 ], [ 9.371376033998795, 45.524041415549881 ], [ 9.370269846763758, 45.523753294437341 ], [ 9.364513930884717, 45.522300884919431 ], [ 9.363062685628361, 45.521937158091809 ], [ 9.363062685628361, 45.521937158091809 ], [ 9.360808352376869, 45.521370764786511 ], [ 9.360332928312282, 45.521265963349087 ], [ 9.359533709050703, 45.521120152694856 ], [ 9.35882269182447, 45.521018557656646 ], [ 9.357890177628114, 45.520925068045564 ], [ 9.355529162144228, 45.520714888200118 ], [ 9.352928943391298, 45.520490565480941 ], [ 9.352088171167583, 45.520443715376246 ], [ 9.351163048450502, 45.520404534503307 ], [ 9.350311943727759, 45.520392312599874 ], [ 9.349267626049885, 45.520412812143746 ], [ 9.348406200424622, 45.520437689219278 ], [ 9.345952622880196, 45.520608298391203 ], [ 9.345952622880196, 45.520608298391203 ], [ 9.342078784511106, 45.5208597480731 ], [ 9.340387948600352, 45.520973566851751 ], [ 9.33865115249921, 45.52104794297059 ], [ 9.337452160035136, 45.521081153031076 ], [ 9.336495681137697, 45.521091388103173 ], [ 9.334431243642452, 45.521067779382797 ], [ 9.332222407888487, 45.521007471330968 ], [ 9.331387143935919, 45.520998770561128 ], [ 9.331387143935919, 45.520998770561128 ], [ 9.330611568823226, 45.520973822406852 ], [ 9.328700002766743, 45.520931127182969 ], [ 9.328383427726415, 45.520918440156059 ], [ 9.327656901269224, 45.520861193643739 ], [ 9.326115537931006, 45.520677719566898 ], [ 9.323440262606454, 45.520221797334209 ], [ 9.32264131433079, 45.520104157039931 ], [ 9.321967439846501, 45.520026948881366 ], [ 9.321038616298909, 45.519950452799961 ], [ 9.320219046713047, 45.519915669145789 ], [ 9.31919922965907, 45.519916048300388 ], [ 9.314905367756124, 45.519903232360228 ], [ 9.314159753256067, 45.519886742376968 ], [ 9.313016480144432, 45.519819422402001 ], [ 9.312124472688197, 45.519720504061574 ], [ 9.311337883011115, 45.519606459132767 ], [ 9.300580053050963, 45.517849141571453 ], [ 9.29781894342662, 45.517389136489804 ], [ 9.29781894342662, 45.517389136489804 ], [ 9.291938036616834, 45.516440176865835 ], [ 9.289654414409755, 45.516151802255422 ], [ 9.285988507280706, 45.515788975447926 ], [ 9.285988507280706, 45.515788975447926 ], [ 9.284663948070781, 45.515660022057141 ], [ 9.283862031045025, 45.51562246147742 ], [ 9.283306405041177, 45.515613950769072 ], [ 9.282539837912472, 45.515613375013388 ], [ 9.281935156501287, 45.51563958838252 ], [ 9.281077423116557, 45.515691141869048 ], [ 9.279942046151431, 45.515773034191916 ], [ 9.279175818645346, 45.515841654162742 ], [ 9.276887831231095, 45.51607959479206 ], [ 9.273549427773808, 45.516525192026826 ], [ 9.272045208294612, 45.51669193922659 ], [ 9.27157751831483, 45.516690578604411 ], [ 9.270947778786924, 45.516627797288713 ], [ 9.270060707928554, 45.516432126383222 ], [ 9.267313433567509, 45.515484345130183 ], [ 9.266594615530851, 45.515169592529176 ], [ 9.266114981264243, 45.514869111806348 ], [ 9.26568427748186, 45.514504240480633 ], [ 9.265408548255328, 45.514193394470539 ], [ 9.265189011751731, 45.513867584828411 ], [ 9.264698845073742, 45.512815600163997 ], [ 9.264557042795539, 45.512568716927731 ], [ 9.264344988978428, 45.51233682857162 ], [ 9.264133167886103, 45.512154381544036 ], [ 9.263879178219053, 45.511976975640614 ], [ 9.263590006354075, 45.511794706025746 ], [ 9.263244556330546, 45.511607620987398 ], [ 9.262836095483973, 45.511480010443542 ], [ 9.262181421489069, 45.511333186175221 ], [ 9.261160991703933, 45.511167416965016 ], [ 9.260591477656584, 45.511094729320106 ], [ 9.260591477656584, 45.511094729320106 ], [ 9.257342137350181, 45.510629203353702 ], [ 9.256245033800674, 45.510535282681232 ], [ 9.255558937520922, 45.5103862180313 ], [ 9.25485519368069, 45.510122732844522 ], [ 9.254318605751495, 45.50987694373304 ], [ 9.25378576554392, 45.509510664042146 ], [ 9.251937396675418, 45.508090077141865 ], [ 9.248236667743859, 45.505251833228328 ], [ 9.248236667743859, 45.505251833228328 ], [ 9.245193721817166, 45.502890967448089 ], [ 9.244398947982866, 45.502344484874548 ], [ 9.243212787549192, 45.50141931787649 ], [ 9.241425105078523, 45.50004360981832 ], [ 9.241425105078523, 45.50004360981832 ], [ 9.237398823523025, 45.49694064149427 ], [ 9.236333135445269, 45.496093464122239 ], [ 9.236182685664788, 45.495961246832749 ], [ 9.236036406239535, 45.495801912732205 ], [ 9.235889813704118, 45.495567279069299 ], [ 9.235768529520639, 45.495239221024214 ], [ 9.235729219802268, 45.495055569982412 ], [ 9.235736580458545, 45.494766402716287 ], [ 9.235795583720931, 45.494537369020868 ], [ 9.235931221606139, 45.494199745204959 ], [ 9.236266793879995, 45.493539424257349 ], [ 9.23636011702075, 45.49332537934005 ], [ 9.237010769967139, 45.491208854385697 ], [ 9.237010769967139, 45.491208854385697 ], [ 9.237126793890956, 45.490792957506535 ], [ 9.237161199481385, 45.490316989654922 ], [ 9.237065230724321, 45.489386479439951 ], [ 9.23722947871838, 45.48617383582166 ], [ 9.237124464365028, 45.485637916528866 ], [ 9.236728003934036, 45.485036336462365 ], [ 9.236092571002205, 45.484628016839835 ], [ 9.234874689392575, 45.484190770981243 ], [ 9.234874689392575, 45.484190770981243 ], [ 9.225960248201114, 45.481088286919764 ], [ 9.225960248201114, 45.481088286919764 ], [ 9.224755497234359, 45.480684039065601 ], [ 9.224095666664091, 45.480567865170229 ], [ 9.22354342530406, 45.480590029672086 ], [ 9.222897889785722, 45.48084128596043 ], [ 9.218026286837667, 45.483299436198429 ], [ 9.216521399006142, 45.483904695607187 ], [ 9.215145221689466, 45.484584993314108 ], [ 9.215145221689466, 45.484584993314108 ], [ 9.213965616366858, 45.485168522705017 ], [ 9.213542681687169, 45.485428345411073 ], [ 9.213239139249318, 45.485555415816329 ], [ 9.212926884209635, 45.48564334555153 ], [ 9.212490349007716, 45.485704397270048 ], [ 9.212293400589807, 45.485710786900086 ], [ 9.211933646692419, 45.485693381841877 ], [ 9.210547631419178, 45.485482088478818 ], [ 9.209874916680258, 45.485362844237883 ], [ 9.209410101904338, 45.485303455820471 ], [ 9.209410101904338, 45.485303455820471 ], [ 9.205121856695197, 45.484755509027984 ], [ 9.204616319322396, 45.484681114065438 ], [ 9.202612243931537, 45.484438637196874 ], [ 9.202612243931537, 45.484438637196874 ], [ 9.198457829987237, 45.483859659454296 ], [ 9.197888302820489, 45.483848597815125 ], [ 9.197310390624963, 45.483888751910399 ], [ 9.196189361264873, 45.484125616020634 ], [ 9.194791782530112, 45.484881005324681 ], [ 9.194791782530112, 45.484881005324681 ], [ 9.192261364985727, 45.486204543485776 ], [ 9.19140587706465, 45.486477058148346 ], [ 9.190832245788268, 45.48652620830395 ], [ 9.190018151506072, 45.486376962778905 ], [ 9.189263607104253, 45.486107132751386 ], [ 9.188670822166664, 45.485547878587838 ], [ 9.187972482859314, 45.484145432952452 ], [ 9.187541463014696, 45.483290730219757 ], [ 9.187541463014696, 45.483290730219757 ], [ 9.187097693168079, 45.481164979283854 ], [ 9.186761380883587, 45.480454694688014 ], [ 9.186580522165999, 45.480141740819207 ], [ 9.184916898837498, 45.478105310933344 ], [ 9.184805090772747, 45.477954891059092 ], [ 9.184507971850579, 45.477432786764894 ], [ 9.184507971850579, 45.477432786764894 ], [ 9.183582464321868, 45.475226471389121 ], [ 9.183526125693584, 45.475015720961309 ], [ 9.183495406149513, 45.47478384534115 ], [ 9.183513416131419, 45.473735636358619 ], [ 9.183486997925982, 45.473509777810698 ], [ 9.183434971690875, 45.47330805639686 ], [ 9.183365841201431, 45.473112386384841 ], [ 9.183210925238754, 45.472865649483623 ], [ 9.182588023034734, 45.472197978212343 ], [ 9.182588023034734, 45.472197978212343 ], [ 9.182020961617511, 45.471584430900464 ], [ 9.181171567698216, 45.471031568292389 ], [ 9.180918534359806, 45.470887391944082 ], [ 9.17852039642306, 45.469261658421999 ], [ 9.17769036781729, 45.468719281546846 ], [ 9.177437136749022, 45.468505821395489 ], [ 9.17712141419679, 45.468156916734131 ], [ 9.17712141419679, 45.468156916734131 ], [ 9.176300434577259, 45.467073858880049 ], [ 9.175659267235849, 45.465990519074708 ], [ 9.175065255577129, 45.464922163426202 ], [ 9.174251700610984, 45.46344149258325 ], [ 9.173920240909332, 45.462830557181263 ], [ 9.173583899314552, 45.462020834956199 ], [ 9.173450697060295, 45.461852363882393 ], [ 9.173193149781406, 45.461611792442248 ], [ 9.173193149781406, 45.461611792442248 ], [ 9.171081626596498, 45.459732456407792 ], [ 9.170671866418559, 45.45939496898788 ], [ 9.17048036821012, 45.459227899048393 ], [ 9.17034115209051, 45.459100283742544 ], [ 9.17016733669753, 45.458941846507848 ], [ 9.169892932768391, 45.458690750495904 ], [ 9.16981501214182, 45.458619801286765 ], [ 9.16981501214182, 45.458619801286765 ], [ 9.169651497005818, 45.458460924405458 ], [ 9.169584964969665, 45.458396452823351 ], [ 9.169512263253466, 45.45832615455047 ], [ 9.169453912626075, 45.458269200823651 ], [ 9.169390063577138, 45.458207266545628 ], [ 9.169317091760082, 45.458135933163994 ], [ 9.169300590847396, 45.458119203210522 ], [ 9.169261011567643, 45.4580777523447 ], [ 9.169220475502, 45.458034996886219 ], [ 9.169199176171684, 45.458012567645554 ], [ 9.169152921663388, 45.457963925998165 ], [ 9.169135480973093, 45.457945973775978 ], [ 9.169116356248004, 45.457923929574179 ], [ 9.169106291078441, 45.457912484649583 ], [ 9.169077336888758, 45.457879536389761 ], [ 9.169055451462228, 45.457851142775084 ], [ 9.169016180114006, 45.457800702369092 ], [ 9.168985841107318, 45.457763049848381 ], [ 9.168914627542142, 45.457653027969414 ], [ 9.168884915768302, 45.457601396837305 ], [ 9.168858278514344, 45.457549196407257 ], [ 9.168854248203971, 45.457543178312029 ], [ 9.168820286158583, 45.457456538692547 ], [ 9.168813011353972, 45.45743890086414 ], [ 9.168776062100163, 45.45731470950259 ], [ 9.168757429783389, 45.457233318290839 ], [ 9.168733009486159, 45.457094566023741 ], [ 9.168724389958449, 45.457018289889838 ], [ 9.168724335700418, 45.457005677132372 ], [ 9.168723930364695, 45.456964980150651 ], [ 9.168731717945102, 45.456834769358693 ], [ 9.168734179743995, 45.456813728645351 ], [ 9.168752823973977, 45.45674193034445 ], [ 9.168765277065887, 45.456702002704027 ], [ 9.168783329516803, 45.456644841809279 ], [ 9.168786541897232, 45.456634459718131 ], [ 9.168789595364768, 45.456626854568135 ], [ 9.168825956996018, 45.456565101568785 ], [ 9.168846114946204, 45.456530104150126 ], [ 9.168908118635716, 45.456433627986335 ], [ 9.168962847131711, 45.456364294250051 ], [ 9.168996156692639, 45.45632193558604 ], [ 9.169025809191503, 45.456286594674886 ], [ 9.169038400572338, 45.456270715904687 ], [ 9.169106450249242, 45.456194891283047 ], [ 9.169162636854921, 45.456132544124507 ], [ 9.169202193841526, 45.456088590735654 ], [ 9.169203670286613, 45.456086857523076 ], [ 9.169212320918295, 45.456076771816782 ], [ 9.169284421852678, 45.455991763844018 ], [ 9.16930961276463, 45.455962830001539 ], [ 9.169380424582819, 45.455871705704801 ], [ 9.169387236106656, 45.45586298899952 ], [ 9.16939897620156, 45.45584761737372 ], [ 9.169407405599495, 45.45583485086874 ], [ 9.169472692527513, 45.455735551639386 ], [ 9.169575896875184, 45.455541876387564 ], [ 9.169654553137073, 45.455368568573242 ], [ 9.169748856382929, 45.455061202519829 ], [ 9.169818279974784, 45.45466351262624 ], [ 9.169963516285094, 45.453145237681589 ], [ 9.169928657181412, 45.45293745985586 ], [ 9.169833750096442, 45.45268459078401 ], [ 9.169624187801594, 45.452371651137014 ], [ 9.169624187801594, 45.452371651137014 ], [ 9.168342882646648, 45.45070488172307 ], [ 9.16809349332889, 45.450304649023302 ], [ 9.167831037916006, 45.449826122269798 ], [ 9.167684607351193, 45.449510074292711 ], [ 9.167520429747098, 45.448980198306103 ], [ 9.167468091840558, 45.448645940097272 ], [ 9.16743656783083, 45.448114363725047 ], [ 9.167433021079798, 45.445463785772091 ], [ 9.167441036503819, 45.445280040396462 ], [ 9.167703896058876, 45.443732979422975 ], [ 9.167703896058876, 45.443732979422975 ], [ 9.168280351536426, 45.439727640800243 ], [ 9.168304637362795, 45.439260740415975 ], [ 9.168130777703546, 45.436899563714967 ], [ 9.168130777703546, 45.436899563714967 ], [ 9.167655369750332, 45.432382212006395 ], [ 9.166796396241065, 45.431232869950662 ], [ 9.163820998379732, 45.428966092785998 ], [ 9.163366209687863, 45.428496865210072 ], [ 9.162756483734823, 45.427696532208657 ], [ 9.161630176013434, 45.425740304212056 ], [ 9.161303291764911, 45.425108237438458 ], [ 9.161113854632529, 45.424674770787021 ], [ 9.160924027580862, 45.424102750577234 ], [ 9.160854472065724, 45.423708271315128 ], [ 9.160801915686246, 45.423274611600398 ], [ 9.160834478118463, 45.42269023030844 ], [ 9.161173390170417, 45.420033134545783 ], [ 9.161185075231071, 45.419629504658353 ], [ 9.16113276812235, 45.419283193619115 ], [ 9.161024767441893, 45.418903828446226 ], [ 9.160856968280292, 45.418551655568649 ], [ 9.160616472672604, 45.418202596496094 ], [ 9.16039337679929, 45.417955921928815 ], [ 9.160037530740146, 45.417649191762834 ], [ 9.159643290309052, 45.417375646487109 ], [ 9.159253474117666, 45.417153298395917 ], [ 9.158731072059382, 45.416928120858678 ], [ 9.158354386875123, 45.416811172948073 ], [ 9.157836578114852, 45.416697430514475 ], [ 9.156185105641466, 45.416467768501221 ], [ 9.155618117625787, 45.416352577073425 ], [ 9.155183673768356, 45.416223649030989 ], [ 9.154783363601332, 45.416064552759366 ], [ 9.154239413486918, 45.415768600768793 ], [ 9.153845246750466, 45.415507083464142 ], [ 9.153407865379304, 45.415078454321097 ], [ 9.153178312928105, 45.414800147726588 ], [ 9.152821804293566, 45.414225323934467 ], [ 9.15004651283162, 45.4094541512208 ], [ 9.15004651283162, 45.4094541512208 ], [ 9.149403257801346, 45.408356348622654 ], [ 9.145537788211529, 45.401749881754682 ] ] } },
{ "type": "Feature", "properties": { "linea": "2", "mezzo": "METRO", "percorso": "100070", "nome": "FAMAGOSTA - ASSAGO MILANOFIORI FORUM", "lung_km": "4.54", "num_ferm": "3" }, "geometry": { "type": "LineString", "coordinates": [ [ 9.168130777703546, 45.436899563714967 ], [ 9.167655369750332, 45.432382212006395 ], [ 9.166796396241065, 45.431232869950662 ], [ 9.163820998379732, 45.428966092785998 ], [ 9.163366209687863, 45.428496865210072 ], [ 9.162756483734823, 45.427696532208657 ], [ 9.161630176013434, 45.425740304212056 ], [ 9.161303291764911, 45.425108237438458 ], [ 9.161113854632529, 45.424674770787021 ], [ 9.160924027580862, 45.424102750577234 ], [ 9.160854472065724, 45.423708271315128 ], [ 9.160801915686246, 45.423274611600398 ], [ 9.160834478118463, 45.42269023030844 ], [ 9.161173390170417, 45.420033134545783 ], [ 9.161185075231071, 45.419629504658353 ], [ 9.16113276812235, 45.419283193619115 ], [ 9.161024767441893, 45.418903828446226 ], [ 9.160856968280292, 45.418551655568649 ], [ 9.160616472672604, 45.418202596496094 ], [ 9.16039337679929, 45.417955921928815 ], [ 9.160037530740146, 45.417649191762834 ], [ 9.159643290309052, 45.417375646487109 ], [ 9.159253474117666, 45.417153298395917 ], [ 9.158731072059382, 45.416928120858678 ], [ 9.158354386875123, 45.416811172948073 ], [ 9.157836578114852, 45.416697430514475 ], [ 9.156185105641466, 45.416467768501221 ], [ 9.155618117625787, 45.416352577073425 ], [ 9.155183673768356, 45.416223649030989 ], [ 9.154783363601332, 45.416064552759366 ], [ 9.154239413486918, 45.415768600768793 ], [ 9.153845246750466, 45.415507083464142 ], [ 9.153407865379304, 45.415078454321097 ], [ 9.153178312928105, 45.414800147726588 ], [ 9.152821804293566, 45.414225323934467 ], [ 9.15004651283162, 45.4094541512208 ], [ 9.15004651283162, 45.4094541512208 ], [ 9.149403257801346, 45.408356348622654 ], [ 9.145537788211529, 45.401749881754682 ] ] } },
{ "type": "Feature", "properties": { "linea": "2", "mezzo": "METRO", "percorso": "100080", "nome": "GORGONZOLA - GESSATE", "lung_km": "2.76", "num_ferm": "3" }, "geometry": { "type": "LineString", "coordinates": [ [ 9.403447449171098, 45.536740721889345 ], [ 9.405174539144522, 45.537219146348633 ], [ 9.410303038825186, 45.538629731202867 ], [ 9.412389900466669, 45.539222943480603 ], [ 9.41654964705404, 45.540404360213508 ], [ 9.423506605429145, 45.542088258256584 ], [ 9.423506605429145, 45.542088258256584 ], [ 9.427772921021385, 45.543114364616507 ], [ 9.433630865739341, 45.544536001612045 ], [ 9.436627021354205, 45.545276115958764 ] ] } },
{ "type": "Feature", "properties": { "linea": "2", "mezzo": "METRO", "percorso": "100060", "nome": "CASCINA GOBBA - ASSAGO MILANOFIORI FORUM", "lung_km": "18.51", "num_ferm": "21" }, "geometry": { "type": "LineString", "coordinates": [ [ 9.260591477656584, 45.511094729320106 ], [ 9.257342137350181, 45.510629203353702 ], [ 9.256245033800674, 45.510535282681232 ], [ 9.255558937520922, 45.5103862180313 ], [ 9.25485519368069, 45.510122732844522 ], [ 9.254318605751495, 45.50987694373304 ], [ 9.25378576554392, 45.509510664042146 ], [ 9.251937396675418, 45.508090077141865 ], [ 9.248236667743859, 45.505251833228328 ], [ 9.248236667743859, 45.505251833228328 ], [ 9.245193721817166, 45.502890967448089 ], [ 9.244398947982866, 45.502344484874548 ], [ 9.243212787549192, 45.50141931787649 ], [ 9.241425105078523, 45.50004360981832 ], [ 9.241425105078523, 45.50004360981832 ], [ 9.237398823523025, 45.49694064149427 ], [ 9.236333135445269, 45.496093464122239 ], [ 9.236182685664788, 45.495961246832749 ], [ 9.236036406239535, 45.495801912732205 ], [ 9.235889813704118, 45.495567279069299 ], [ 9.235768529520639, 45.495239221024214 ], [ 9.235729219802268, 45.495055569982412 ], [ 9.235736580458545, 45.494766402716287 ], [ 9.235795583720931, 45.494537369020868 ], [ 9.235931221606139, 45.494199745204959 ], [ 9.236266793879995, 45.493539424257349 ], [ 9.23636011702075, 45.49332537934005 ], [ 9.237010769967139, 45.491208854385697 ], [ 9.237010769967139, 45.491208854385697 ], [ 9.237126793890956, 45.490792957506535 ], [ 9.237161199481385, 45.490316989654922 ], [ 9.237065230724321, 45.489386479439951 ], [ 9.23722947871838, 45.48617383582166 ], [ 9.237124464365028, 45.485637916528866 ], [ 9.236728003934036, 45.485036336462365 ], [ 9.236092571002205, 45.484628016839835 ], [ 9.234874689392575, 45.484190770981243 ], [ 9.234874689392575, 45.484190770981243 ], [ 9.225960248201114, 45.481088286919764 ], [ 9.225960248201114, 45.481088286919764 ], [ 9.224755497234359, 45.480684039065601 ], [ 9.224095666664091, 45.480567865170229 ], [ 9.22354342530406, 45.480590029672086 ], [ 9.222897889785722, 45.48084128596043 ], [ 9.218026286837667, 45.483299436198429 ], [ 9.216521399006142, 45.483904695607187 ], [ 9.215145221689466, 45.484584993314108 ], [ 9.215145221689466, 45.484584993314108 ], [ 9.213965616366858, 45.485168522705017 ], [ 9.213542681687169, 45.485428345411073 ], [ 9.213239139249318, 45.485555415816329 ], [ 9.212926884209635, 45.48564334555153 ], [ 9.212490349007716, 45.485704397270048 ], [ 9.212293400589807, 45.485710786900086 ], [ 9.211933646692419, 45.485693381841877 ], [ 9.210547631419178, 45.485482088478818 ], [ 9.209874916680258, 45.485362844237883 ], [ 9.209410101904338, 45.485303455820471 ], [ 9.209410101904338, 45.485303455820471 ], [ 9.205121856695197, 45.484755509027984 ], [ 9.204616319322396, 45.484681114065438 ], [ 9.202612243931537, 45.484438637196874 ], [ 9.202612243931537, 45.484438637196874 ], [ 9.198457829987237, 45.483859659454296 ], [ 9.197888302820489, 45.483848597815125 ], [ 9.197310390624963, 45.483888751910399 ], [ 9.196189361264873, 45.484125616020634 ], [ 9.194791782530112, 45.484881005324681 ], [ 9.194791782530112, 45.484881005324681 ], [ 9.192261364985727, 45.486204543485776 ], [ 9.19140587706465, 45.486477058148346 ], [ 9.190832245788268, 45.48652620830395 ], [ 9.190018151506072, 45.486376962778905 ], [ 9.189263607104253, 45.486107132751386 ], [ 9.188670822166664, 45.485547878587838 ], [ 9.187972482859314, 45.484145432952452 ], [ 9.187541463014696, 45.483290730219757 ], [ 9.187541463014696, 45.483290730219757 ], [ 9.187097693168079, 45.481164979283854 ], [ 9.186761380883587, 45.480454694688014 ], [ 9.186580522165999, 45.480141740819207 ], [ 9.184916898837498, 45.478105310933344 ], [ 9.184805090772747, 45.477954891059092 ], [ 9.184507971850579, 45.477432786764894 ], [ 9.184507971850579, 45.477432786764894 ], [ 9.183582464321868, 45.475226471389121 ], [ 9.183526125693584, 45.475015720961309 ], [ 9.183495406149513, 45.47478384534115 ], [ 9.183513416131419, 45.473735636358619 ], [ 9.183486997925982, 45.473509777810698 ], [ 9.183434971690875, 45.47330805639686 ], [ 9.183365841201431, 45.473112386384841 ], [ 9.183210925238754, 45.472865649483623 ], [ 9.182588023034734, 45.472197978212343 ], [ 9.182588023034734, 45.472197978212343 ], [ 9.182020961617511, 45.471584430900464 ], [ 9.181171567698216, 45.471031568292389 ], [ 9.180918534359806, 45.470887391944082 ], [ 9.17852039642306, 45.469261658421999 ], [ 9.17769036781729, 45.468719281546846 ], [ 9.177437136749022, 45.468505821395489 ], [ 9.17712141419679, 45.468156916734131 ], [ 9.17712141419679, 45.468156916734131 ], [ 9.176300434577259, 45.467073858880049 ], [ 9.175659267235849, 45.465990519074708 ], [ 9.175065255577129, 45.464922163426202 ], [ 9.174251700610984, 45.46344149258325 ], [ 9.173920240909332, 45.462830557181263 ], [ 9.173583899314552, 45.462020834956199 ], [ 9.173450697060295, 45.461852363882393 ], [ 9.173193149781406, 45.461611792442248 ], [ 9.173193149781406, 45.461611792442248 ], [ 9.171081626596498, 45.459732456407792 ], [ 9.170671866418559, 45.45939496898788 ], [ 9.17048036821012, 45.459227899048393 ], [ 9.17034115209051, 45.459100283742544 ], [ 9.17016733669753, 45.458941846507848 ], [ 9.169892932768391, 45.458690750495904 ], [ 9.16981501214182, 45.458619801286765 ], [ 9.16981501214182, 45.458619801286765 ], [ 9.169651497005818, 45.458460924405458 ], [ 9.169584964969665, 45.458396452823351 ], [ 9.169512263253466, 45.45832615455047 ], [ 9.169453912626075, 45.458269200823651 ], [ 9.169390063577138, 45.458207266545628 ], [ 9.169317091760082, 45.458135933163994 ], [ 9.169300590847396, 45.458119203210522 ], [ 9.169261011567643, 45.4580777523447 ], [ 9.169220475502, 45.458034996886219 ], [ 9.169199176171684, 45.458012567645554 ], [ 9.169152921663388, 45.457963925998165 ], [ 9.169135480973093, 45.457945973775978 ], [ 9.169116356248004, 45.457923929574179 ], [ 9.169106291078441, 45.457912484649583 ], [ 9.169077336888758, 45.457879536389761 ], [ 9.169055451462228, 45.457851142775084 ], [ 9.169016180114006, 45.457800702369092 ], [ 9.168985841107318, 45.457763049848381 ], [ 9.168914627542142, 45.457653027969414 ], [ 9.168884915768302, 45.457601396837305 ], [ 9.168858278514344, 45.457549196407257 ], [ 9.168854248203971, 45.457543178312029 ], [ 9.168820286158583, 45.457456538692547 ], [ 9.168813011353972, 45.45743890086414 ], [ 9.168776062100163, 45.45731470950259 ], [ 9.168757429783389, 45.457233318290839 ], [ 9.168733009486159, 45.457094566023741 ], [ 9.168724389958449, 45.457018289889838 ], [ 9.168724335700418, 45.457005677132372 ], [ 9.168723930364695, 45.456964980150651 ], [ 9.168731717945102, 45.456834769358693 ], [ 9.168734179743995, 45.456813728645351 ], [ 9.168752823973977, 45.45674193034445 ], [ 9.168765277065887, 45.456702002704027 ], [ 9.168783329516803, 45.456644841809279 ], [ 9.168786541897232, 45.456634459718131 ], [ 9.168789595364768, 45.456626854568135 ], [ 9.168825956996018, 45.456565101568785 ], [ 9.168846114946204, 45.456530104150126 ], [ 9.168908118635716, 45.456433627986335 ], [ 9.168962847131711, 45.456364294250051 ], [ 9.168996156692639, 45.45632193558604 ], [ 9.169025809191503, 45.456286594674886 ], [ 9.169038400572338, 45.456270715904687 ], [ 9.169106450249242, 45.456194891283047 ], [ 9.169162636854921, 45.456132544124507 ], [ 9.169202193841526, 45.456088590735654 ], [ 9.169203670286613, 45.456086857523076 ], [ 9.169212320918295, 45.456076771816782 ], [ 9.169284421852678, 45.455991763844018 ], [ 9.16930961276463, 45.455962830001539 ], [ 9.169380424582819, 45.455871705704801 ], [ 9.169387236106656, 45.45586298899952 ], [ 9.16939897620156, 45.45584761737372 ], [ 9.169407405599495, 45.45583485086874 ], [ 9.169472692527513, 45.455735551639386 ], [ 9.169575896875184, 45.455541876387564 ], [ 9.169654553137073, 45.455368568573242 ], [ 9.169748856382929, 45.455061202519829 ], [ 9.169818279974784, 45.45466351262624 ], [ 9.169963516285094, 45.453145237681589 ], [ 9.169928657181412, 45.45293745985586 ], [ 9.169833750096442, 45.45268459078401 ], [ 9.169624187801594, 45.452371651137014 ], [ 9.169624187801594, 45.452371651137014 ], [ 9.168342882646648, 45.45070488172307 ], [ 9.16809349332889, 45.450304649023302 ], [ 9.167831037916006, 45.449826122269798 ], [ 9.167684607351193, 45.449510074292711 ], [ 9.167520429747098, 45.448980198306103 ], [ 9.167468091840558, 45.448645940097272 ], [ 9.16743656783083, 45.448114363725047 ], [ 9.167433021079798, 45.445463785772091 ], [ 9.167441036503819, 45.445280040396462 ], [ 9.167703896058876, 45.443732979422975 ], [ 9.167703896058876, 45.443732979422975 ], [ 9.168280351536426, 45.439727640800243 ], [ 9.168304637362795, 45.439260740415975 ], [ 9.168130777703546, 45.436899563714967 ], [ 9.168130777703546, 45.436899563714967 ], [ 9.167655369750332, 45.432382212006395 ], [ 9.166796396241065, 45.431232869950662 ], [ 9.163820998379732, 45.428966092785998 ], [ 9.163366209687863, 45.428496865210072 ], [ 9.162756483734823, 45.427696532208657 ], [ 9.161630176013434, 45.425740304212056 ], [ 9.161303291764911, 45.425108237438458 ], [ 9.161113854632529, 45.424674770787021 ], [ 9.160924027580862, 45.424102750577234 ], [ 9.160854472065724, 45.423708271315128 ], [ 9.160801915686246, 45.423274611600398 ], [ 9.160834478118463, 45.42269023030844 ], [ 9.161173390170417, 45.420033134545783 ], [ 9.161185075231071, 45.419629504658353 ], [ 9.16113276812235, 45.419283193619115 ], [ 9.161024767441893, 45.418903828446226 ], [ 9.160856968280292, 45.418551655568649 ], [ 9.160616472672604, 45.418202596496094 ], [ 9.16039337679929, 45.417955921928815 ], [ 9.160037530740146, 45.417649191762834 ], [ 9.159643290309052, 45.417375646487109 ], [ 9.159253474117666, 45.417153298395917 ], [ 9.158731072059382, 45.416928120858678 ], [ 9.158354386875123, 45.416811172948073 ], [ 9.157836578114852, 45.416697430514475 ], [ 9.156185105641466, 45.416467768501221 ], [ 9.155618117625787, 45.416352577073425 ], [ 9.155183673768356, 45.416223649030989 ], [ 9.154783363601332, 45.416064552759366 ], [ 9.154239413486918, 45.415768600768793 ], [ 9.153845246750466, 45.415507083464142 ], [ 9.153407865379304, 45.415078454321097 ], [ 9.153178312928105, 45.414800147726588 ], [ 9.152821804293566, 45.414225323934467 ], [ 9.15004651283162, 45.4094541512208 ], [ 9.15004651283162, 45.4094541512208 ], [ 9.149403257801346, 45.408356348622654 ], [ 9.145537788211529, 45.401749881754682 ] ] } },
{ "type": "Feature", "properties": { "linea": "2", "mezzo": "METRO", "percorso": "100048", "nome": "ABBIATEGRASSO - GESSATE", "lung_km": "30.05", "num_ferm": "30" }, "geometry": { "type": "LineString", "coordinates": [ [ 9.177304057691304, 45.430003678800034 ], [ 9.175011241766969, 45.430047071935455 ], [ 9.174034618832827, 45.43004856123796 ], [ 9.173595968150874, 45.430089091329855 ], [ 9.173157438493197, 45.430169483441624 ], [ 9.172634256442029, 45.430339695336379 ], [ 9.172083156027732, 45.43063950443657 ], [ 9.17109399141675, 45.431179149866225 ], [ 9.170118932437784, 45.431708799743141 ], [ 9.1693167572011, 45.432073747139306 ], [ 9.168365519946079, 45.432294401715311 ], [ 9.167655369750332, 45.432382212006395 ], [ 9.168130777703546, 45.436899563714967 ], [ 9.168130777703546, 45.436899563714967 ], [ 9.168304637362795, 45.439260740415975 ], [ 9.168280351536426, 45.439727640800243 ], [ 9.167703896058876, 45.443732979422975 ], [ 9.167703896058876, 45.443732979422975 ], [ 9.167441036503819, 45.445280040396462 ], [ 9.167433021079798, 45.445463785772091 ], [ 9.16743656783083, 45.448114363725047 ], [ 9.167468091840558, 45.448645940097272 ], [ 9.167520429747098, 45.448980198306103 ], [ 9.167684607351193, 45.449510074292711 ], [ 9.167831037916006, 45.449826122269798 ], [ 9.16809349332889, 45.450304649023302 ], [ 9.168342882646648, 45.45070488172307 ], [ 9.169624187801594, 45.452371651137014 ], [ 9.169624187801594, 45.452371651137014 ], [ 9.169833750096442, 45.45268459078401 ], [ 9.169928657181412, 45.45293745985586 ], [ 9.169963516285094, 45.453145237681589 ], [ 9.169818279974784, 45.45466351262624 ], [ 9.169748856382929, 45.455061202519829 ], [ 9.169654553137073, 45.455368568573242 ], [ 9.169575896875184, 45.455541876387564 ], [ 9.169472692527513, 45.455735551639386 ], [ 9.169407405599495, 45.45583485086874 ], [ 9.16939897620156, 45.45584761737372 ], [ 9.169387236106656, 45.45586298899952 ], [ 9.169380424582819, 45.455871705704801 ], [ 9.16930961276463, 45.455962830001539 ], [ 9.169284421852678, 45.455991763844018 ], [ 9.169212320918295, 45.456076771816782 ], [ 9.169203670286613, 45.456086857523076 ], [ 9.169202193841526, 45.456088590735654 ], [ 9.169162636854921, 45.456132544124507 ], [ 9.169106450249242, 45.456194891283047 ], [ 9.169038400572338, 45.456270715904687 ], [ 9.169025809191503, 45.456286594674886 ], [ 9.168996156692639, 45.45632193558604 ], [ 9.168962847131711, 45.456364294250051 ], [ 9.168908118635716, 45.456433627986335 ], [ 9.168846114946204, 45.456530104150126 ], [ 9.168825956996018, 45.456565101568785 ], [ 9.168789595364768, 45.456626854568135 ], [ 9.168786541897232, 45.456634459718131 ], [ 9.168783329516803, 45.456644841809279 ], [ 9.168765277065887, 45.456702002704027 ], [ 9.168752823973977, 45.45674193034445 ], [ 9.168734179743995, 45.456813728645351 ], [ 9.168731717945102, 45.456834769358693 ], [ 9.168723930364695, 45.456964980150651 ], [ 9.168724335700418, 45.457005677132372 ], [ 9.168724389958449, 45.457018289889838 ], [ 9.168733009486159, 45.457094566023741 ], [ 9.168757429783389, 45.457233318290839 ], [ 9.168776062100163, 45.45731470950259 ], [ 9.168813011353972, 45.45743890086414 ], [ 9.168820286158583, 45.457456538692547 ], [ 9.168854248203971, 45.457543178312029 ], [ 9.168858278514344, 45.457549196407257 ], [ 9.168884915768302, 45.457601396837305 ], [ 9.168914627542142, 45.457653027969414 ], [ 9.168985841107318, 45.457763049848381 ], [ 9.169016180114006, 45.457800702369092 ], [ 9.169055451462228, 45.457851142775084 ], [ 9.169077336888758, 45.457879536389761 ], [ 9.169106291078441, 45.457912484649583 ], [ 9.169116356248004, 45.457923929574179 ], [ 9.169135480973093, 45.457945973775978 ], [ 9.169152921663388, 45.457963925998165 ], [ 9.169199176171684, 45.458012567645554 ], [ 9.169220475502, 45.458034996886219 ], [ 9.169261011567643, 45.4580777523447 ], [ 9.169300590847396, 45.458119203210522 ], [ 9.169317091760082, 45.458135933163994 ], [ 9.169390063577138, 45.458207266545628 ], [ 9.169453912626075, 45.458269200823651 ], [ 9.169512263253466, 45.45832615455047 ], [ 9.169584964969665, 45.458396452823351 ], [ 9.169651497005818, 45.458460924405458 ], [ 9.16981501214182, 45.458619801286765 ], [ 9.16981501214182, 45.458619801286765 ], [ 9.169892932768391, 45.458690750495904 ], [ 9.17016733669753, 45.458941846507848 ], [ 9.17034115209051, 45.459100283742544 ], [ 9.17048036821012, 45.459227899048393 ], [ 9.170671866418559, 45.45939496898788 ], [ 9.171081626596498, 45.459732456407792 ], [ 9.173193149781406, 45.461611792442248 ], [ 9.173193149781406, 45.461611792442248 ], [ 9.173450697060295, 45.461852363882393 ], [ 9.173583899314552, 45.462020834956199 ], [ 9.173920240909332, 45.462830557181263 ], [ 9.174251700610984, 45.46344149258325 ], [ 9.175065255577129, 45.464922163426202 ], [ 9.175659267235849, 45.465990519074708 ], [ 9.176300434577259, 45.467073858880049 ], [ 9.17712141419679, 45.468156916734131 ], [ 9.17712141419679, 45.468156916734131 ], [ 9.177437136749022, 45.468505821395489 ], [ 9.17769036781729, 45.468719281546846 ], [ 9.17852039642306, 45.469261658421999 ], [ 9.180918534359806, 45.470887391944082 ], [ 9.181171567698216, 45.471031568292389 ], [ 9.182020961617511, 45.471584430900464 ], [ 9.182588023034734, 45.472197978212343 ], [ 9.182588023034734, 45.472197978212343 ], [ 9.183210925238754, 45.472865649483623 ], [ 9.183365841201431, 45.473112386384841 ], [ 9.183434971690875, 45.47330805639686 ], [ 9.183486997925982, 45.473509777810698 ], [ 9.183513416131419, 45.473735636358619 ], [ 9.183495406149513, 45.47478384534115 ], [ 9.183526125693584, 45.475015720961309 ], [ 9.183582464321868, 45.475226471389121 ], [ 9.184507971850579, 45.477432786764894 ], [ 9.184507971850579, 45.477432786764894 ], [ 9.184805090772747, 45.477954891059092 ], [ 9.184916898837498, 45.478105310933344 ], [ 9.186580522165999, 45.480141740819207 ], [ 9.186761380883587, 45.480454694688014 ], [ 9.187097693168079, 45.481164979283854 ], [ 9.187541463014696, 45.483290730219757 ], [ 9.187541463014696, 45.483290730219757 ], [ 9.187972482859314, 45.484145432952452 ], [ 9.188670822166664, 45.485547878587838 ], [ 9.189263607104253, 45.486107132751386 ], [ 9.190018151506072, 45.486376962778905 ], [ 9.190832245788268, 45.48652620830395 ], [ 9.19140587706465, 45.486477058148346 ], [ 9.192261364985727, 45.486204543485776 ], [ 9.194791782530112, 45.484881005324681 ], [ 9.194791782530112, 45.484881005324681 ], [ 9.196189361264873, 45.484125616020634 ], [ 9.197310390624963, 45.483888751910399 ], [ 9.197888302820489, 45.483848597815125 ], [ 9.198457829987237, 45.483859659454296 ], [ 9.202612243931537, 45.484438637196874 ], [ 9.202612243931537, 45.484438637196874 ], [ 9.204616319322396, 45.484681114065438 ], [ 9.205121856695197, 45.484755509027984 ], [ 9.209410101904338, 45.485303455820471 ], [ 9.209410101904338, 45.485303455820471 ], [ 9.209874916680258, 45.485362844237883 ], [ 9.210547631419178, 45.485482088478818 ], [ 9.211933646692419, 45.485693381841877 ], [ 9.212293400589807, 45.485710786900086 ], [ 9.212490349007716, 45.485704397270048 ], [ 9.212926884209635, 45.48564334555153 ], [ 9.213239139249318, 45.485555415816329 ], [ 9.213542681687169, 45.485428345411073 ], [ 9.213965616366858, 45.485168522705017 ], [ 9.215145221689466, 45.484584993314108 ], [ 9.215145221689466, 45.484584993314108 ], [ 9.216521399006142, 45.483904695607187 ], [ 9.218026286837667, 45.483299436198429 ], [ 9.222897889785722, 45.48084128596043 ], [ 9.22354342530406, 45.480590029672086 ], [ 9.224095666664091, 45.480567865170229 ], [ 9.224755497234359, 45.480684039065601 ], [ 9.225960248201114, 45.481088286919764 ], [ 9.225960248201114, 45.481088286919764 ], [ 9.234874689392575, 45.484190770981243 ], [ 9.234874689392575, 45.484190770981243 ], [ 9.236092571002205, 45.484628016839835 ], [ 9.236728003934036, 45.485036336462365 ], [ 9.237124464365028, 45.485637916528866 ], [ 9.23722947871838, 45.48617383582166 ], [ 9.237065230724321, 45.489386479439951 ], [ 9.237161199481385, 45.490316989654922 ], [ 9.237126793890956, 45.490792957506535 ], [ 9.237010769967139, 45.491208854385697 ], [ 9.237010769967139, 45.491208854385697 ], [ 9.23636011702075, 45.49332537934005 ], [ 9.236266793879995, 45.493539424257349 ], [ 9.235931221606139, 45.494199745204959 ], [ 9.235795583720931, 45.494537369020868 ], [ 9.235736580458545, 45.494766402716287 ], [ 9.235729219802268, 45.495055569982412 ], [ 9.235768529520639, 45.495239221024214 ], [ 9.235889813704118, 45.495567279069299 ], [ 9.236036406239535, 45.495801912732205 ], [ 9.236182685664788, 45.495961246832749 ], [ 9.236333135445269, 45.496093464122239 ], [ 9.237398823523025, 45.49694064149427 ], [ 9.241425105078523, 45.50004360981832 ], [ 9.241425105078523, 45.50004360981832 ], [ 9.243212787549192, 45.50141931787649 ], [ 9.244398947982866, 45.502344484874548 ], [ 9.245193721817166, 45.502890967448089 ], [ 9.248236667743859, 45.505251833228328 ], [ 9.248236667743859, 45.505251833228328 ], [ 9.251937396675418, 45.508090077141865 ], [ 9.25378576554392, 45.509510664042146 ], [ 9.254318605751495, 45.50987694373304 ], [ 9.25485519368069, 45.510122732844522 ], [ 9.255558937520922, 45.5103862180313 ], [ 9.256245033800674, 45.510535282681232 ], [ 9.257342137350181, 45.510629203353702 ], [ 9.260591477656584, 45.511094729320106 ], [ 9.260591477656584, 45.511094729320106 ], [ 9.261160991703933, 45.511167416965016 ], [ 9.262181421489069, 45.511333186175221 ], [ 9.262836095483973, 45.511480010443542 ], [ 9.263244556330546, 45.511607620987398 ], [ 9.263590006354075, 45.511794706025746 ], [ 9.263879178219053, 45.511976975640614 ], [ 9.264133167886103, 45.512154381544036 ], [ 9.264344988978428, 45.51233682857162 ], [ 9.264557042795539, 45.512568716927731 ], [ 9.264698845073742, 45.512815600163997 ], [ 9.265189011751731, 45.513867584828411 ], [ 9.265408548255328, 45.514193394470539 ], [ 9.26568427748186, 45.514504240480633 ], [ 9.266114981264243, 45.514869111806348 ], [ 9.266594615530851, 45.515169592529176 ], [ 9.267313433567509, 45.515484345130183 ], [ 9.270060707928554, 45.516432126383222 ], [ 9.270947778786924, 45.516627797288713 ], [ 9.27157751831483, 45.516690578604411 ], [ 9.272045208294612, 45.51669193922659 ], [ 9.273549427773808, 45.516525192026826 ], [ 9.276887831231095, 45.51607959479206 ], [ 9.279175818645346, 45.515841654162742 ], [ 9.279942046151431, 45.515773034191916 ], [ 9.281077423116557, 45.515691141869048 ], [ 9.281935156501287, 45.51563958838252 ], [ 9.282539837912472, 45.515613375013388 ], [ 9.283306405041177, 45.515613950769072 ], [ 9.283862031045025, 45.51562246147742 ], [ 9.284663948070781, 45.515660022057141 ], [ 9.285988507280706, 45.515788975447926 ], [ 9.285988507280706, 45.515788975447926 ], [ 9.289654414409755, 45.516151802255422 ], [ 9.291938036616834, 45.516440176865835 ], [ 9.29781894342662, 45.517389136489804 ], [ 9.29781894342662, 45.517389136489804 ], [ 9.300580053050963, 45.517849141571453 ], [ 9.311337883011115, 45.519606459132767 ], [ 9.312124472688197, 45.519720504061574 ], [ 9.313016480144432, 45.519819422402001 ], [ 9.314159753256067, 45.519886742376968 ], [ 9.314905367756124, 45.519903232360228 ], [ 9.31919922965907, 45.519916048300388 ], [ 9.320219046713047, 45.519915669145789 ], [ 9.321038616298909, 45.519950452799961 ], [ 9.321967439846501, 45.520026948881366 ], [ 9.32264131433079, 45.520104157039931 ], [ 9.323440262606454, 45.520221797334209 ], [ 9.326115537931006, 45.520677719566898 ], [ 9.327656901269224, 45.520861193643739 ], [ 9.328383427726415, 45.520918440156059 ], [ 9.328700002766743, 45.520931127182969 ], [ 9.330611568823226, 45.520973822406852 ], [ 9.331387143935919, 45.520998770561128 ], [ 9.331387143935919, 45.520998770561128 ], [ 9.332222407888487, 45.521007471330968 ], [ 9.334431243642452, 45.521067779382797 ], [ 9.336495681137697, 45.521091388103173 ], [ 9.337452160035136, 45.521081153031076 ], [ 9.33865115249921, 45.52104794297059 ], [ 9.340387948600352, 45.520973566851751 ], [ 9.342078784511106, 45.5208597480731 ], [ 9.345952622880196, 45.520608298391203 ], [ 9.345952622880196, 45.520608298391203 ], [ 9.348406200424622, 45.520437689219278 ], [ 9.349267626049885, 45.520412812143746 ], [ 9.350311943727759, 45.520392312599874 ], [ 9.351163048450502, 45.520404534503307 ], [ 9.352088171167583, 45.520443715376246 ], [ 9.352928943391298, 45.520490565480941 ], [ 9.355529162144228, 45.520714888200118 ], [ 9.357890177628114, 45.520925068045564 ], [ 9.35882269182447, 45.521018557656646 ], [ 9.359533709050703, 45.521120152694856 ], [ 9.360332928312282, 45.521265963349087 ], [ 9.360808352376869, 45.521370764786511 ], [ 9.363062685628361, 45.521937158091809 ], [ 9.363062685628361, 45.521937158091809 ], [ 9.364513930884717, 45.522300884919431 ], [ 9.370269846763758, 45.523753294437341 ], [ 9.371376033998795, 45.524041415549881 ], [ 9.372228679534661, 45.524278437374903 ], [ 9.375896599227463, 45.525305958687206 ], [ 9.375896599227463, 45.525305958687206 ], [ 9.379175357936381, 45.526234532976012 ], [ 9.384968439800003, 45.527865305420328 ], [ 9.384968439800003, 45.527865305420328 ], [ 9.390048406341338, 45.52932022707477 ], [ 9.390771400205496, 45.529604522556532 ], [ 9.391494641229635, 45.529923422090064 ], [ 9.392338212885297, 45.530348204718926 ], [ 9.393309742400382, 45.530962893113795 ], [ 9.393543050439245, 45.531130193450267 ], [ 9.394363657344758, 45.531787417999851 ], [ 9.394607903778487, 45.532009064724868 ], [ 9.395589084099729, 45.532989571793529 ], [ 9.396258060558916, 45.53358550446643 ], [ 9.396869955865258, 45.534065442412775 ], [ 9.397407142795773, 45.534424503643933 ], [ 9.398018307739687, 45.534798137430911 ], [ 9.398720952775651, 45.535173921026022 ], [ 9.39935268009908, 45.535468368589044 ], [ 9.399795421617648, 45.535649756896021 ], [ 9.400722965690965, 45.535990131994346 ], [ 9.403447449171098, 45.536740721889345 ], [ 9.403447449171098, 45.536740721889345 ], [ 9.405174539144522, 45.537219146348633 ], [ 9.410303038825186, 45.538629731202867 ], [ 9.412389900466669, 45.539222943480603 ], [ 9.41654964705404, 45.540404360213508 ], [ 9.423506605429145, 45.542088258256584 ], [ 9.423506605429145, 45.542088258256584 ], [ 9.427772921021385, 45.543114364616507 ], [ 9.433630865739341, 45.544536001612045 ], [ 9.436627021354205, 45.545276115958764 ] ] } },
{ "type": "Feature", "properties": { "linea": "1", "mezzo": "METRO", "percorso": "100020", "nome": "PERO - RHO FIERAMILANO", "lung_km": "1.27", "num_ferm": "2" }, "geometry": { "type": "LineString", "coordinates": [ [ 9.085837398440765, 45.508848084025722 ], [ 9.084721355442788, 45.510290328029171 ], [ 9.084536156852565, 45.511076690408309 ], [ 9.084599845672972, 45.512124944233292 ], [ 9.08653287561603, 45.516797173954139 ], [ 9.087096684424969, 45.519810608340855 ] ] } },
{ "type": "Feature", "properties": { "linea": "4", "mezzo": "METRO", "percorso": "100163", "nome": "LINATE AEROPORTO - SAN CRISTOFORO", "lung_km": "14.14", "num_ferm": "21" }, "geometry": { "type": "LineString", "coordinates": [ [ 9.277729007846121, 45.46282300102493 ], [ 9.274745007847327, 45.46284700102516 ], [ 9.270645007848906, 45.462263001025498 ], [ 9.269296007849437, 45.462165001025596 ], [ 9.264998007851174, 45.462144001025912 ], [ 9.252176007856344, 45.46207200102684 ], [ 9.240484007861058, 45.462009001027695 ], [ 9.240393597767341, 45.462014140204793 ], [ 9.240393597767341, 45.462014140204793 ], [ 9.239358007861519, 45.462073001027768 ], [ 9.239211007861579, 45.462081001027762 ], [ 9.237940007862154, 45.462537001027826 ], [ 9.237276007862466, 45.462877001027834 ], [ 9.236748007862754, 45.463442001027815 ], [ 9.236450007862937, 45.463908001027797 ], [ 9.236353474776372, 45.46431340979656 ], [ 9.236353474776372, 45.46431340979656 ], [ 9.235984007863385, 45.465865001027652 ], [ 9.235870007863486, 45.466257001027628 ], [ 9.235661007863618, 45.466605001027631 ], [ 9.235264007863833, 45.46701300102761 ], [ 9.234813007864046, 45.467273001027607 ], [ 9.233973007864435, 45.467681001027643 ], [ 9.232880007864907, 45.467906001027714 ], [ 9.231956007865314, 45.468131001027729 ], [ 9.231956007865314, 45.468131001027729 ], [ 9.231588007865467, 45.46815400102777 ], [ 9.231052007865687, 45.468191001027812 ], [ 9.229558007866292, 45.468134001027927 ], [ 9.224883880530721, 45.468073895937657 ], [ 9.224883880530721, 45.468073895937657 ], [ 9.218771007870627, 45.467995001028719 ], [ 9.218453019199, 45.467995406318714 ], [ 9.218453019199, 45.467995406318714 ], [ 9.217195007871258, 45.467997001028813 ], [ 9.216569007871504, 45.467944001028883 ], [ 9.21440700787238, 45.467944001029011 ], [ 9.208891007874596, 45.467890001029431 ], [ 9.207773303179925, 45.467933323556558 ], [ 9.207773303179925, 45.467933323556558 ], [ 9.206801007875454, 45.467971001029589 ], [ 9.205956007875795, 45.467972001029636 ], [ 9.200572007878016, 45.468326001029972 ], [ 9.199293007878529, 45.468299001030076 ], [ 9.198582007878784, 45.468027001030165 ], [ 9.197923007878936, 45.467211001030279 ], [ 9.19770400787897, 45.466803001030343 ], [ 9.197627995408645, 45.466508357203608 ], [ 9.197627995408645, 45.466508357203608 ], [ 9.19751000787895, 45.466051001030401 ], [ 9.19747400787875, 45.46445400103056 ], [ 9.197455007878649, 45.463625001030628 ], [ 9.197716007878443, 45.462852001030676 ], [ 9.197937007878298, 45.462428001030709 ], [ 9.19791800787829, 45.46228500103075 ], [ 9.195460949914825, 45.459721927482093 ], [ 9.195460949914825, 45.459721927482093 ], [ 9.193473007879467, 45.457648001031458 ], [ 9.193194007879558, 45.4574880010315 ], [ 9.191876007880069, 45.457353001031599 ], [ 9.19073400788052, 45.45723600103171 ], [ 9.188174617814541, 45.456274104247491 ], [ 9.188174617814541, 45.456274104247491 ], [ 9.188028007881478, 45.456219001031982 ], [ 9.18744900788171, 45.456179001032048 ], [ 9.184842007882811, 45.456558001032192 ], [ 9.182328153858395, 45.457145272489001 ], [ 9.182328153858395, 45.457145272489001 ], [ 9.180938007884507, 45.457470001032377 ], [ 9.17990100788499, 45.457944001032438 ], [ 9.178040696796277, 45.458795553347457 ], [ 9.178040696796277, 45.458795553347457 ], [ 9.17757000788607, 45.459011001032458 ], [ 9.173230823136857, 45.461825259552349 ], [ 9.173230823136857, 45.461825259552349 ], [ 9.173003007888314, 45.461973001032561 ], [ 9.171127007889201, 45.462959001032608 ], [ 9.170755007889362, 45.463049001032601 ], [ 9.170178007889593, 45.463028001032662 ], [ 9.169774007889728, 45.462817001032711 ], [ 9.167019007890518, 45.460416001033124 ], [ 9.165797007890889, 45.459482001033287 ], [ 9.165530007890977, 45.459310001033337 ], [ 9.164898224110468, 45.459109512572496 ], [ 9.164898224110468, 45.459109512572496 ], [ 9.160047822769448, 45.457570135966463 ], [ 9.160047822769448, 45.457570135966463 ], [ 9.159830007893042, 45.457501001033933 ], [ 9.153139925498191, 45.45533288074634 ], [ 9.153139925498191, 45.45533288074634 ], [ 9.148192007897237, 45.453729001035072 ], [ 9.14797637663322, 45.453658994492756 ], [ 9.14797637663322, 45.453658994492756 ], [ 9.14242478818419, 45.451856423376178 ], [ 9.14242478818419, 45.451856423376178 ], [ 9.141164007899773, 45.451447001035795 ], [ 9.136569007901429, 45.449934001036276 ], [ 9.13569649968742, 45.449643544730961 ], [ 9.13569649968742, 45.449643544730961 ], [ 9.132556007902869, 45.448598001036693 ], [ 9.132066007903044, 45.448362001036756 ], [ 9.131666007903158, 45.448059001036803 ], [ 9.130625185353919, 45.446514903335846 ], [ 9.130625185353919, 45.446514903335846 ], [ 9.129534007903599, 45.444896001037222 ], [ 9.129298007903589, 45.444061001037319 ], [ 9.12933500790348, 45.443364001037402 ], [ 9.129349007903437, 45.443108001037423 ], [ 9.129750007903175, 45.442326001037443 ] ] } },
{ "type": "Feature", "properties": { "linea": "2", "mezzo": "METRO", "percorso": "100158", "nome": "GESSATE - LAMBRATE FS", "lung_km": "18.77", "num_ferm": "15" }, "geometry": { "type": "LineString", "coordinates": [ [ 9.436627021354205, 45.545276115958764 ], [ 9.433630865739341, 45.544536001612045 ], [ 9.427772921021385, 45.543114364616507 ], [ 9.423506605429145, 45.542088258256584 ], [ 9.423506605429145, 45.542088258256584 ], [ 9.41654964705404, 45.540404360213508 ], [ 9.412389900466669, 45.539222943480603 ], [ 9.410303038825186, 45.538629731202867 ], [ 9.405174539144522, 45.537219146348633 ], [ 9.403447449171098, 45.536740721889345 ], [ 9.403447449171098, 45.536740721889345 ], [ 9.400722965690965, 45.535990131994346 ], [ 9.399795421617648, 45.535649756896021 ], [ 9.39935268009908, 45.535468368589044 ], [ 9.398720952775651, 45.535173921026022 ], [ 9.398018307739687, 45.534798137430911 ], [ 9.397407142795773, 45.534424503643933 ], [ 9.396869955865258, 45.534065442412775 ], [ 9.396258060558916, 45.53358550446643 ], [ 9.395589084099729, 45.532989571793529 ], [ 9.394607903778487, 45.532009064724868 ], [ 9.394363657344758, 45.531787417999851 ], [ 9.393543050439245, 45.531130193450267 ], [ 9.393309742400382, 45.530962893113795 ], [ 9.392338212885297, 45.530348204718926 ], [ 9.391494641229635, 45.529923422090064 ], [ 9.390771400205496, 45.529604522556532 ], [ 9.390048406341338, 45.52932022707477 ], [ 9.384968439800003, 45.527865305420328 ], [ 9.384968439800003, 45.527865305420328 ], [ 9.379175357936381, 45.526234532976012 ], [ 9.375896599227463, 45.525305958687206 ], [ 9.375896599227463, 45.525305958687206 ], [ 9.372228679534661, 45.524278437374903 ], [ 9.371376033998795, 45.524041415549881 ], [ 9.370269846763758, 45.523753294437341 ], [ 9.364513930884717, 45.522300884919431 ], [ 9.363062685628361, 45.521937158091809 ], [ 9.363062685628361, 45.521937158091809 ], [ 9.360808352376869, 45.521370764786511 ], [ 9.360332928312282, 45.521265963349087 ], [ 9.359533709050703, 45.521120152694856 ], [ 9.35882269182447, 45.521018557656646 ], [ 9.357890177628114, 45.520925068045564 ], [ 9.355529162144228, 45.520714888200118 ], [ 9.352928943391298, 45.520490565480941 ], [ 9.352088171167583, 45.520443715376246 ], [ 9.351163048450502, 45.520404534503307 ], [ 9.350311943727759, 45.520392312599874 ], [ 9.349267626049885, 45.520412812143746 ], [ 9.348406200424622, 45.520437689219278 ], [ 9.345952622880196, 45.520608298391203 ], [ 9.345952622880196, 45.520608298391203 ], [ 9.342078784511106, 45.5208597480731 ], [ 9.340387948600352, 45.520973566851751 ], [ 9.33865115249921, 45.52104794297059 ], [ 9.337452160035136, 45.521081153031076 ], [ 9.336495681137697, 45.521091388103173 ], [ 9.334431243642452, 45.521067779382797 ], [ 9.332222407888487, 45.521007471330968 ], [ 9.331387143935919, 45.520998770561128 ], [ 9.331387143935919, 45.520998770561128 ], [ 9.330611568823226, 45.520973822406852 ], [ 9.328700002766743, 45.520931127182969 ], [ 9.328383427726415, 45.520918440156059 ], [ 9.327656901269224, 45.520861193643739 ], [ 9.326115537931006, 45.520677719566898 ], [ 9.323440262606454, 45.520221797334209 ], [ 9.32264131433079, 45.520104157039931 ], [ 9.321967439846501, 45.520026948881366 ], [ 9.321038616298909, 45.519950452799961 ], [ 9.320219046713047, 45.519915669145789 ], [ 9.31919922965907, 45.519916048300388 ], [ 9.314905367756124, 45.519903232360228 ], [ 9.314159753256067, 45.519886742376968 ], [ 9.313016480144432, 45.519819422402001 ], [ 9.312124472688197, 45.519720504061574 ], [ 9.311337883011115, 45.519606459132767 ], [ 9.300580053050963, 45.517849141571453 ], [ 9.29781894342662, 45.517389136489804 ], [ 9.29781894342662, 45.517389136489804 ], [ 9.291938036616834, 45.516440176865835 ], [ 9.289654414409755, 45.516151802255422 ], [ 9.285988507280706, 45.515788975447926 ], [ 9.285988507280706, 45.515788975447926 ], [ 9.284663948070781, 45.515660022057141 ], [ 9.283862031045025, 45.51562246147742 ], [ 9.283306405041177, 45.515613950769072 ], [ 9.282539837912472, 45.515613375013388 ], [ 9.281935156501287, 45.51563958838252 ], [ 9.281077423116557, 45.515691141869048 ], [ 9.279942046151431, 45.515773034191916 ], [ 9.279175818645346, 45.515841654162742 ], [ 9.276887831231095, 45.51607959479206 ], [ 9.273549427773808, 45.516525192026826 ], [ 9.272045208294612, 45.51669193922659 ], [ 9.27157751831483, 45.516690578604411 ], [ 9.270947778786924, 45.516627797288713 ], [ 9.270060707928554, 45.516432126383222 ], [ 9.267313433567509, 45.515484345130183 ], [ 9.266594615530851, 45.515169592529176 ], [ 9.266114981264243, 45.514869111806348 ], [ 9.26568427748186, 45.514504240480633 ], [ 9.265408548255328, 45.514193394470539 ], [ 9.265189011751731, 45.513867584828411 ], [ 9.264698845073742, 45.512815600163997 ], [ 9.264557042795539, 45.512568716927731 ], [ 9.264344988978428, 45.51233682857162 ], [ 9.264133167886103, 45.512154381544036 ], [ 9.263879178219053, 45.511976975640614 ], [ 9.263590006354075, 45.511794706025746 ], [ 9.263244556330546, 45.511607620987398 ], [ 9.262836095483973, 45.511480010443542 ], [ 9.262181421489069, 45.511333186175221 ], [ 9.261160991703933, 45.511167416965016 ], [ 9.260591477656584, 45.511094729320106 ], [ 9.260591477656584, 45.511094729320106 ], [ 9.257342137350181, 45.510629203353702 ], [ 9.256245033800674, 45.510535282681232 ], [ 9.255558937520922, 45.5103862180313 ], [ 9.25485519368069, 45.510122732844522 ], [ 9.254318605751495, 45.50987694373304 ], [ 9.25378576554392, 45.509510664042146 ], [ 9.251937396675418, 45.508090077141865 ], [ 9.248236667743859, 45.505251833228328 ], [ 9.248236667743859, 45.505251833228328 ], [ 9.245193721817166, 45.502890967448089 ], [ 9.244398947982866, 45.502344484874548 ], [ 9.243212787549192, 45.50141931787649 ], [ 9.241425105078523, 45.50004360981832 ], [ 9.241425105078523, 45.50004360981832 ], [ 9.237398823523025, 45.49694064149427 ], [ 9.236333135445269, 45.496093464122239 ], [ 9.236182685664788, 45.495961246832749 ], [ 9.236036406239535, 45.495801912732205 ], [ 9.235889813704118, 45.495567279069299 ], [ 9.235768529520639, 45.495239221024214 ], [ 9.235729219802268, 45.495055569982412 ], [ 9.235736580458545, 45.494766402716287 ], [ 9.235795583720931, 45.494537369020868 ], [ 9.235931221606139, 45.494199745204959 ], [ 9.236266793879995, 45.493539424257349 ], [ 9.23636011702075, 45.49332537934005 ], [ 9.237010769967139, 45.491208854385697 ], [ 9.237010769967139, 45.491208854385697 ], [ 9.237126793890956, 45.490792957506535 ], [ 9.237161199481385, 45.490316989654922 ], [ 9.237065230724321, 45.489386479439951 ], [ 9.23722947871838, 45.48617383582166 ], [ 9.237124464365028, 45.485637916528866 ], [ 9.236728003934036, 45.485036336462365 ], [ 9.236092571002205, 45.484628016839835 ], [ 9.234874689392575, 45.484190770981243 ] ] } },
{ "type": "Feature", "properties": { "linea": "2", "mezzo": "METRO", "percorso": "100047", "nome": "ABBIATEGRASSO - COLOGNO NORD", "lung_km": "18.89", "num_ferm": "23" }, "geometry": { "type": "LineString", "coordinates": [ [ 9.177304057691304, 45.430003678800034 ], [ 9.175011241766969, 45.430047071935455 ], [ 9.174034618832827, 45.43004856123796 ], [ 9.173595968150874, 45.430089091329855 ], [ 9.173157438493197, 45.430169483441624 ], [ 9.172634256442029, 45.430339695336379 ], [ 9.172083156027732, 45.43063950443657 ], [ 9.17109399141675, 45.431179149866225 ], [ 9.170118932437784, 45.431708799743141 ], [ 9.1693167572011, 45.432073747139306 ], [ 9.168365519946079, 45.432294401715311 ], [ 9.167655369750332, 45.432382212006395 ], [ 9.168130777703546, 45.436899563714967 ], [ 9.168130777703546, 45.436899563714967 ], [ 9.168304637362795, 45.439260740415975 ], [ 9.168280351536426, 45.439727640800243 ], [ 9.167703896058876, 45.443732979422975 ], [ 9.167703896058876, 45.443732979422975 ], [ 9.167441036503819, 45.445280040396462 ], [ 9.167433021079798, 45.445463785772091 ], [ 9.16743656783083, 45.448114363725047 ], [ 9.167468091840558, 45.448645940097272 ], [ 9.167520429747098, 45.448980198306103 ], [ 9.167684607351193, 45.449510074292711 ], [ 9.167831037916006, 45.449826122269798 ], [ 9.16809349332889, 45.450304649023302 ], [ 9.168342882646648, 45.45070488172307 ], [ 9.169624187801594, 45.452371651137014 ], [ 9.169624187801594, 45.452371651137014 ], [ 9.169833750096442, 45.45268459078401 ], [ 9.169928657181412, 45.45293745985586 ], [ 9.169963516285094, 45.453145237681589 ], [ 9.169818279974784, 45.45466351262624 ], [ 9.169748856382929, 45.455061202519829 ], [ 9.169654553137073, 45.455368568573242 ], [ 9.169575896875184, 45.455541876387564 ], [ 9.169472692527513, 45.455735551639386 ], [ 9.169407405599495, 45.45583485086874 ], [ 9.16939897620156, 45.45584761737372 ], [ 9.169387236106656, 45.45586298899952 ], [ 9.169380424582819, 45.455871705704801 ], [ 9.16930961276463, 45.455962830001539 ], [ 9.169284421852678, 45.455991763844018 ], [ 9.169212320918295, 45.456076771816782 ], [ 9.169203670286613, 45.456086857523076 ], [ 9.169202193841526, 45.456088590735654 ], [ 9.169162636854921, 45.456132544124507 ], [ 9.169106450249242, 45.456194891283047 ], [ 9.169038400572338, 45.456270715904687 ], [ 9.169025809191503, 45.456286594674886 ], [ 9.168996156692639, 45.45632193558604 ], [ 9.168962847131711, 45.456364294250051 ], [ 9.168908118635716, 45.456433627986335 ], [ 9.168846114946204, 45.456530104150126 ], [ 9.168825956996018, 45.456565101568785 ], [ 9.168789595364768, 45.456626854568135 ], [ 9.168786541897232, 45.456634459718131 ], [ 9.168783329516803, 45.456644841809279 ], [ 9.168765277065887, 45.456702002704027 ], [ 9.168752823973977, 45.45674193034445 ], [ 9.168734179743995, 45.456813728645351 ], [ 9.168731717945102, 45.456834769358693 ], [ 9.168723930364695, 45.456964980150651 ], [ 9.168724335700418, 45.457005677132372 ], [ 9.168724389958449, 45.457018289889838 ], [ 9.168733009486159, 45.457094566023741 ], [ 9.168757429783389, 45.457233318290839 ], [ 9.168776062100163, 45.45731470950259 ], [ 9.168813011353972, 45.45743890086414 ], [ 9.168820286158583, 45.457456538692547 ], [ 9.168854248203971, 45.457543178312029 ], [ 9.168858278514344, 45.457549196407257 ], [ 9.168884915768302, 45.457601396837305 ], [ 9.168914627542142, 45.457653027969414 ], [ 9.168985841107318, 45.457763049848381 ], [ 9.169016180114006, 45.457800702369092 ], [ 9.169055451462228, 45.457851142775084 ], [ 9.169077336888758, 45.457879536389761 ], [ 9.169106291078441, 45.457912484649583 ], [ 9.169116356248004, 45.457923929574179 ], [ 9.169135480973093, 45.457945973775978 ], [ 9.169152921663388, 45.457963925998165 ], [ 9.169199176171684, 45.458012567645554 ], [ 9.169220475502, 45.458034996886219 ], [ 9.169261011567643, 45.4580777523447 ], [ 9.169300590847396, 45.458119203210522 ], [ 9.169317091760082, 45.458135933163994 ], [ 9.169390063577138, 45.458207266545628 ], [ 9.169453912626075, 45.458269200823651 ], [ 9.169512263253466, 45.45832615455047 ], [ 9.169584964969665, 45.458396452823351 ], [ 9.169651497005818, 45.458460924405458 ], [ 9.16981501214182, 45.458619801286765 ], [ 9.16981501214182, 45.458619801286765 ], [ 9.169892932768391, 45.458690750495904 ], [ 9.17016733669753, 45.458941846507848 ], [ 9.17034115209051, 45.459100283742544 ], [ 9.17048036821012, 45.459227899048393 ], [ 9.170671866418559, 45.45939496898788 ], [ 9.171081626596498, 45.459732456407792 ], [ 9.173193149781406, 45.461611792442248 ], [ 9.173193149781406, 45.461611792442248 ], [ 9.173450697060295, 45.461852363882393 ], [ 9.173583899314552, 45.462020834956199 ], [ 9.173920240909332, 45.462830557181263 ], [ 9.174251700610984, 45.46344149258325 ], [ 9.175065255577129, 45.464922163426202 ], [ 9.175659267235849, 45.465990519074708 ], [ 9.176300434577259, 45.467073858880049 ], [ 9.17712141419679, 45.468156916734131 ], [ 9.17712141419679, 45.468156916734131 ], [ 9.177437136749022, 45.468505821395489 ], [ 9.17769036781729, 45.468719281546846 ], [ 9.17852039642306, 45.469261658421999 ], [ 9.180918534359806, 45.470887391944082 ], [ 9.181171567698216, 45.471031568292389 ], [ 9.182020961617511, 45.471584430900464 ], [ 9.182588023034734, 45.472197978212343 ], [ 9.182588023034734, 45.472197978212343 ], [ 9.183210925238754, 45.472865649483623 ], [ 9.183365841201431, 45.473112386384841 ], [ 9.183434971690875, 45.47330805639686 ], [ 9.183486997925982, 45.473509777810698 ], [ 9.183513416131419, 45.473735636358619 ], [ 9.183495406149513, 45.47478384534115 ], [ 9.183526125693584, 45.475015720961309 ], [ 9.183582464321868, 45.475226471389121 ], [ 9.184507971850579, 45.477432786764894 ], [ 9.184507971850579, 45.477432786764894 ], [ 9.184805090772747, 45.477954891059092 ], [ 9.184916898837498, 45.478105310933344 ], [ 9.186580522165999, 45.480141740819207 ], [ 9.186761380883587, 45.480454694688014 ], [ 9.187097693168079, 45.481164979283854 ], [ 9.187541463014696, 45.483290730219757 ], [ 9.187541463014696, 45.483290730219757 ], [ 9.187972482859314, 45.484145432952452 ], [ 9.188670822166664, 45.485547878587838 ], [ 9.189263607104253, 45.486107132751386 ], [ 9.190018151506072, 45.486376962778905 ], [ 9.190832245788268, 45.48652620830395 ], [ 9.19140587706465, 45.486477058148346 ], [ 9.192261364985727, 45.486204543485776 ], [ 9.194791782530112, 45.484881005324681 ], [ 9.194791782530112, 45.484881005324681 ], [ 9.196189361264873, 45.484125616020634 ], [ 9.197310390624963, 45.483888751910399 ], [ 9.197888302820489, 45.483848597815125 ], [ 9.198457829987237, 45.483859659454296 ], [ 9.202612243931537, 45.484438637196874 ], [ 9.202612243931537, 45.484438637196874 ], [ 9.204616319322396, 45.484681114065438 ], [ 9.205121856695197, 45.484755509027984 ], [ 9.209410101904338, 45.485303455820471 ], [ 9.209410101904338, 45.485303455820471 ], [ 9.209874916680258, 45.485362844237883 ], [ 9.210547631419178, 45.485482088478818 ], [ 9.211933646692419, 45.485693381841877 ], [ 9.212293400589807, 45.485710786900086 ], [ 9.212490349007716, 45.485704397270048 ], [ 9.212926884209635, 45.48564334555153 ], [ 9.213239139249318, 45.485555415816329 ], [ 9.213542681687169, 45.485428345411073 ], [ 9.213965616366858, 45.485168522705017 ], [ 9.215145221689466, 45.484584993314108 ], [ 9.215145221689466, 45.484584993314108 ], [ 9.216521399006142, 45.483904695607187 ], [ 9.218026286837667, 45.483299436198429 ], [ 9.222897889785722, 45.48084128596043 ], [ 9.22354342530406, 45.480590029672086 ], [ 9.224095666664091, 45.480567865170229 ], [ 9.224755497234359, 45.480684039065601 ], [ 9.225960248201114, 45.481088286919764 ], [ 9.225960248201114, 45.481088286919764 ], [ 9.234874689392575, 45.484190770981243 ], [ 9.234874689392575, 45.484190770981243 ], [ 9.236092571002205, 45.484628016839835 ], [ 9.236728003934036, 45.485036336462365 ], [ 9.237124464365028, 45.485637916528866 ], [ 9.23722947871838, 45.48617383582166 ], [ 9.237065230724321, 45.489386479439951 ], [ 9.237161199481385, 45.490316989654922 ], [ 9.237126793890956, 45.490792957506535 ], [ 9.237010769967139, 45.491208854385697 ], [ 9.237010769967139, 45.491208854385697 ], [ 9.23636011702075, 45.49332537934005 ], [ 9.236266793879995, 45.493539424257349 ], [ 9.235931221606139, 45.494199745204959 ], [ 9.235795583720931, 45.494537369020868 ], [ 9.235736580458545, 45.494766402716287 ], [ 9.235729219802268, 45.495055569982412 ], [ 9.235768529520639, 45.495239221024214 ], [ 9.235889813704118, 45.495567279069299 ], [ 9.236036406239535, 45.495801912732205 ], [ 9.236182685664788, 45.495961246832749 ], [ 9.236333135445269, 45.496093464122239 ], [ 9.237398823523025, 45.49694064149427 ], [ 9.241425105078523, 45.50004360981832 ], [ 9.241425105078523, 45.50004360981832 ], [ 9.243212787549192, 45.50141931787649 ], [ 9.244398947982866, 45.502344484874548 ], [ 9.245193721817166, 45.502890967448089 ], [ 9.248236667743859, 45.505251833228328 ], [ 9.248236667743859, 45.505251833228328 ], [ 9.251937396675418, 45.508090077141865 ], [ 9.25378576554392, 45.509510664042146 ], [ 9.254318605751495, 45.50987694373304 ], [ 9.25485519368069, 45.510122732844522 ], [ 9.255558937520922, 45.5103862180313 ], [ 9.256245033800674, 45.510535282681232 ], [ 9.257342137350181, 45.510629203353702 ], [ 9.260591477656584, 45.511094729320106 ], [ 9.260591247715031, 45.511094980626886 ], [ 9.261161013032183, 45.511167128835147 ], [ 9.262181846601745, 45.511333291147295 ], [ 9.262835945001177, 45.511480125548104 ], [ 9.263244155218816, 45.511607360266126 ], [ 9.263590172205495, 45.511794503166307 ], [ 9.263878814805476, 45.511976736865201 ], [ 9.264133641584568, 45.512154727471589 ], [ 9.264345475039796, 45.512337137333077 ], [ 9.264557538987486, 45.512568511415076 ], [ 9.264699010546664, 45.512815890153668 ], [ 9.265189409164975, 45.513867504800999 ], [ 9.265408070394404, 45.514193191845223 ], [ 9.26568402219416, 45.514504343875352 ], [ 9.266114887674496, 45.514869140552562 ], [ 9.266594619170672, 45.515169734977391 ], [ 9.26731306863538, 45.515484171203987 ], [ 9.270060505285281, 45.516431816754569 ], [ 9.270903693758836, 45.51690651250297 ], [ 9.271595125901577, 45.517344118550326 ], [ 9.272252858090688, 45.517800522557444 ], [ 9.272739300043563, 45.518206206011975 ], [ 9.274951265006274, 45.520209918857027 ], [ 9.274951315746423, 45.52020970711385 ], [ 9.282947493436618, 45.527482975079685 ], [ 9.282947493436618, 45.527482975079685 ], [ 9.283390889285791, 45.52788623608599 ], [ 9.284643650417635, 45.529030690706591 ], [ 9.2857195301657, 45.529931602804631 ], [ 9.29109554737021, 45.534303490674105 ] ] } },
{ "type": "Feature", "properties": { "linea": "2", "mezzo": "METRO", "percorso": "100077", "nome": "GORGONZOLA - ABBIATEGRASSO", "lung_km": "27.29", "num_ferm": "28" }, "geometry": { "type": "LineString", "coordinates": [ [ 9.403447449171098, 45.536740721889345 ], [ 9.400722965690965, 45.535990131994346 ], [ 9.399795421617648, 45.535649756896021 ], [ 9.39935268009908, 45.535468368589044 ], [ 9.398720952775651, 45.535173921026022 ], [ 9.398018307739687, 45.534798137430911 ], [ 9.397407142795773, 45.534424503643933 ], [ 9.396869955865258, 45.534065442412775 ], [ 9.396258060558916, 45.53358550446643 ], [ 9.395589084099729, 45.532989571793529 ], [ 9.394607903778487, 45.532009064724868 ], [ 9.394363657344758, 45.531787417999851 ], [ 9.393543050439245, 45.531130193450267 ], [ 9.393309742400382, 45.530962893113795 ], [ 9.392338212885297, 45.530348204718926 ], [ 9.391494641229635, 45.529923422090064 ], [ 9.390771400205496, 45.529604522556532 ], [ 9.390048406341338, 45.52932022707477 ], [ 9.384968439800003, 45.527865305420328 ], [ 9.384968439800003, 45.527865305420328 ], [ 9.379175357936381, 45.526234532976012 ], [ 9.375896599227463, 45.525305958687206 ], [ 9.375896599227463, 45.525305958687206 ], [ 9.372228679534661, 45.524278437374903 ], [ 9.371376033998795, 45.524041415549881 ], [ 9.370269846763758, 45.523753294437341 ], [ 9.364513930884717, 45.522300884919431 ], [ 9.363062685628361, 45.521937158091809 ], [ 9.363062685628361, 45.521937158091809 ], [ 9.360808352376869, 45.521370764786511 ], [ 9.360332928312282, 45.521265963349087 ], [ 9.359533709050703, 45.521120152694856 ], [ 9.35882269182447, 45.521018557656646 ], [ 9.357890177628114, 45.520925068045564 ], [ 9.355529162144228, 45.520714888200118 ], [ 9.352928943391298, 45.520490565480941 ], [ 9.352088171167583, 45.520443715376246 ], [ 9.351163048450502, 45.520404534503307 ], [ 9.350311943727759, 45.520392312599874 ], [ 9.349267626049885, 45.520412812143746 ], [ 9.348406200424622, 45.520437689219278 ], [ 9.345952622880196, 45.520608298391203 ], [ 9.345952622880196, 45.520608298391203 ], [ 9.342078784511106, 45.5208597480731 ], [ 9.340387948600352, 45.520973566851751 ], [ 9.33865115249921, 45.52104794297059 ], [ 9.337452160035136, 45.521081153031076 ], [ 9.336495681137697, 45.521091388103173 ], [ 9.334431243642452, 45.521067779382797 ], [ 9.332222407888487, 45.521007471330968 ], [ 9.331387143935919, 45.520998770561128 ], [ 9.331387143935919, 45.520998770561128 ], [ 9.330611568823226, 45.520973822406852 ], [ 9.328700002766743, 45.520931127182969 ], [ 9.328383427726415, 45.520918440156059 ], [ 9.327656901269224, 45.520861193643739 ], [ 9.326115537931006, 45.520677719566898 ], [ 9.323440262606454, 45.520221797334209 ], [ 9.32264131433079, 45.520104157039931 ], [ 9.321967439846501, 45.520026948881366 ], [ 9.321038616298909, 45.519950452799961 ], [ 9.320219046713047, 45.519915669145789 ], [ 9.31919922965907, 45.519916048300388 ], [ 9.314905367756124, 45.519903232360228 ], [ 9.314159753256067, 45.519886742376968 ], [ 9.313016480144432, 45.519819422402001 ], [ 9.312124472688197, 45.519720504061574 ], [ 9.311337883011115, 45.519606459132767 ], [ 9.300580053050963, 45.517849141571453 ], [ 9.29781894342662, 45.517389136489804 ], [ 9.29781894342662, 45.517389136489804 ], [ 9.291938036616834, 45.516440176865835 ], [ 9.289654414409755, 45.516151802255422 ], [ 9.285988507280706, 45.515788975447926 ], [ 9.285988507280706, 45.515788975447926 ], [ 9.284663948070781, 45.515660022057141 ], [ 9.283862031045025, 45.51562246147742 ], [ 9.283306405041177, 45.515613950769072 ], [ 9.282539837912472, 45.515613375013388 ], [ 9.281935156501287, 45.51563958838252 ], [ 9.281077423116557, 45.515691141869048 ], [ 9.279942046151431, 45.515773034191916 ], [ 9.279175818645346, 45.515841654162742 ], [ 9.276887831231095, 45.51607959479206 ], [ 9.273549427773808, 45.516525192026826 ], [ 9.272045208294612, 45.51669193922659 ], [ 9.27157751831483, 45.516690578604411 ], [ 9.270947778786924, 45.516627797288713 ], [ 9.270060707928554, 45.516432126383222 ], [ 9.267313433567509, 45.515484345130183 ], [ 9.266594615530851, 45.515169592529176 ], [ 9.266114981264243, 45.514869111806348 ], [ 9.26568427748186, 45.514504240480633 ], [ 9.265408548255328, 45.514193394470539 ], [ 9.265189011751731, 45.513867584828411 ], [ 9.264698845073742, 45.512815600163997 ], [ 9.264557042795539, 45.512568716927731 ], [ 9.264344988978428, 45.51233682857162 ], [ 9.264133167886103, 45.512154381544036 ], [ 9.263879178219053, 45.511976975640614 ], [ 9.263590006354075, 45.511794706025746 ], [ 9.263244556330546, 45.511607620987398 ], [ 9.262836095483973, 45.511480010443542 ], [ 9.262181421489069, 45.511333186175221 ], [ 9.261160991703933, 45.511167416965016 ], [ 9.260591477656584, 45.511094729320106 ], [ 9.260591477656584, 45.511094729320106 ], [ 9.257342137350181, 45.510629203353702 ], [ 9.256245033800674, 45.510535282681232 ], [ 9.255558937520922, 45.5103862180313 ], [ 9.25485519368069, 45.510122732844522 ], [ 9.254318605751495, 45.50987694373304 ], [ 9.25378576554392, 45.509510664042146 ], [ 9.251937396675418, 45.508090077141865 ], [ 9.248236667743859, 45.505251833228328 ], [ 9.248236667743859, 45.505251833228328 ], [ 9.245193721817166, 45.502890967448089 ], [ 9.244398947982866, 45.502344484874548 ], [ 9.243212787549192, 45.50141931787649 ], [ 9.241425105078523, 45.50004360981832 ], [ 9.241425105078523, 45.50004360981832 ], [ 9.237398823523025, 45.49694064149427 ], [ 9.236333135445269, 45.496093464122239 ], [ 9.236182685664788, 45.495961246832749 ], [ 9.236036406239535, 45.495801912732205 ], [ 9.235889813704118, 45.495567279069299 ], [ 9.235768529520639, 45.495239221024214 ], [ 9.235729219802268, 45.495055569982412 ], [ 9.235736580458545, 45.494766402716287 ], [ 9.235795583720931, 45.494537369020868 ], [ 9.235931221606139, 45.494199745204959 ], [ 9.236266793879995, 45.493539424257349 ], [ 9.23636011702075, 45.49332537934005 ], [ 9.237010769967139, 45.491208854385697 ], [ 9.237010769967139, 45.491208854385697 ], [ 9.237126793890956, 45.490792957506535 ], [ 9.237161199481385, 45.490316989654922 ], [ 9.237065230724321, 45.489386479439951 ], [ 9.23722947871838, 45.48617383582166 ], [ 9.237124464365028, 45.485637916528866 ], [ 9.236728003934036, 45.485036336462365 ], [ 9.236092571002205, 45.484628016839835 ], [ 9.234874689392575, 45.484190770981243 ], [ 9.234874689392575, 45.484190770981243 ], [ 9.225960248201114, 45.481088286919764 ], [ 9.225960248201114, 45.481088286919764 ], [ 9.224755497234359, 45.480684039065601 ], [ 9.224095666664091, 45.480567865170229 ], [ 9.22354342530406, 45.480590029672086 ], [ 9.222897889785722, 45.48084128596043 ], [ 9.218026286837667, 45.483299436198429 ], [ 9.216521399006142, 45.483904695607187 ], [ 9.215145221689466, 45.484584993314108 ], [ 9.215145221689466, 45.484584993314108 ], [ 9.213965616366858, 45.485168522705017 ], [ 9.213542681687169, 45.485428345411073 ], [ 9.213239139249318, 45.485555415816329 ], [ 9.212926884209635, 45.48564334555153 ], [ 9.212490349007716, 45.485704397270048 ], [ 9.212293400589807, 45.485710786900086 ], [ 9.211933646692419, 45.485693381841877 ], [ 9.210547631419178, 45.485482088478818 ], [ 9.209874916680258, 45.485362844237883 ], [ 9.209410101904338, 45.485303455820471 ], [ 9.209410101904338, 45.485303455820471 ], [ 9.205121856695197, 45.484755509027984 ], [ 9.204616319322396, 45.484681114065438 ], [ 9.202612243931537, 45.484438637196874 ], [ 9.202612243931537, 45.484438637196874 ], [ 9.198457829987237, 45.483859659454296 ], [ 9.197888302820489, 45.483848597815125 ], [ 9.197310390624963, 45.483888751910399 ], [ 9.196189361264873, 45.484125616020634 ], [ 9.194791782530112, 45.484881005324681 ], [ 9.194791782530112, 45.484881005324681 ], [ 9.192261364985727, 45.486204543485776 ], [ 9.19140587706465, 45.486477058148346 ], [ 9.190832245788268, 45.48652620830395 ], [ 9.190018151506072, 45.486376962778905 ], [ 9.189263607104253, 45.486107132751386 ], [ 9.188670822166664, 45.485547878587838 ], [ 9.187972482859314, 45.484145432952452 ], [ 9.187541463014696, 45.483290730219757 ], [ 9.187541463014696, 45.483290730219757 ], [ 9.187097693168079, 45.481164979283854 ], [ 9.186761380883587, 45.480454694688014 ], [ 9.186580522165999, 45.480141740819207 ], [ 9.184916898837498, 45.478105310933344 ], [ 9.184805090772747, 45.477954891059092 ], [ 9.184507971850579, 45.477432786764894 ], [ 9.184507971850579, 45.477432786764894 ], [ 9.183582464321868, 45.475226471389121 ], [ 9.183526125693584, 45.475015720961309 ], [ 9.183495406149513, 45.47478384534115 ], [ 9.183513416131419, 45.473735636358619 ], [ 9.183486997925982, 45.473509777810698 ], [ 9.183434971690875, 45.47330805639686 ], [ 9.183365841201431, 45.473112386384841 ], [ 9.183210925238754, 45.472865649483623 ], [ 9.182588023034734, 45.472197978212343 ], [ 9.182588023034734, 45.472197978212343 ], [ 9.182020961617511, 45.471584430900464 ], [ 9.181171567698216, 45.471031568292389 ], [ 9.180918534359806, 45.470887391944082 ], [ 9.17852039642306, 45.469261658421999 ], [ 9.17769036781729, 45.468719281546846 ], [ 9.177437136749022, 45.468505821395489 ], [ 9.17712141419679, 45.468156916734131 ], [ 9.17712141419679, 45.468156916734131 ], [ 9.176300434577259, 45.467073858880049 ], [ 9.175659267235849, 45.465990519074708 ], [ 9.175065255577129, 45.464922163426202 ], [ 9.174251700610984, 45.46344149258325 ], [ 9.173920240909332, 45.462830557181263 ], [ 9.173583899314552, 45.462020834956199 ], [ 9.173450697060295, 45.461852363882393 ], [ 9.173193149781406, 45.461611792442248 ], [ 9.173193149781406, 45.461611792442248 ], [ 9.171081626596498, 45.459732456407792 ], [ 9.170671866418559, 45.45939496898788 ], [ 9.17048036821012, 45.459227899048393 ], [ 9.17034115209051, 45.459100283742544 ], [ 9.17016733669753, 45.458941846507848 ], [ 9.169892932768391, 45.458690750495904 ], [ 9.16981501214182, 45.458619801286765 ], [ 9.16981501214182, 45.458619801286765 ], [ 9.169651497005818, 45.458460924405458 ], [ 9.169584964969665, 45.458396452823351 ], [ 9.169512263253466, 45.45832615455047 ], [ 9.169453912626075, 45.458269200823651 ], [ 9.169390063577138, 45.458207266545628 ], [ 9.169317091760082, 45.458135933163994 ], [ 9.169300590847396, 45.458119203210522 ], [ 9.169261011567643, 45.4580777523447 ], [ 9.169220475502, 45.458034996886219 ], [ 9.169199176171684, 45.458012567645554 ], [ 9.169152921663388, 45.457963925998165 ], [ 9.169135480973093, 45.457945973775978 ], [ 9.169116356248004, 45.457923929574179 ], [ 9.169106291078441, 45.457912484649583 ], [ 9.169077336888758, 45.457879536389761 ], [ 9.169055451462228, 45.457851142775084 ], [ 9.169016180114006, 45.457800702369092 ], [ 9.168985841107318, 45.457763049848381 ], [ 9.168914627542142, 45.457653027969414 ], [ 9.168884915768302, 45.457601396837305 ], [ 9.168858278514344, 45.457549196407257 ], [ 9.168854248203971, 45.457543178312029 ], [ 9.168820286158583, 45.457456538692547 ], [ 9.168813011353972, 45.45743890086414 ], [ 9.168776062100163, 45.45731470950259 ], [ 9.168757429783389, 45.457233318290839 ], [ 9.168733009486159, 45.457094566023741 ], [ 9.168724389958449, 45.457018289889838 ], [ 9.168724335700418, 45.457005677132372 ], [ 9.168723930364695, 45.456964980150651 ], [ 9.168731717945102, 45.456834769358693 ], [ 9.168734179743995, 45.456813728645351 ], [ 9.168752823973977, 45.45674193034445 ], [ 9.168765277065887, 45.456702002704027 ], [ 9.168783329516803, 45.456644841809279 ], [ 9.168786541897232, 45.456634459718131 ], [ 9.168789595364768, 45.456626854568135 ], [ 9.168825956996018, 45.456565101568785 ], [ 9.168846114946204, 45.456530104150126 ], [ 9.168908118635716, 45.456433627986335 ], [ 9.168962847131711, 45.456364294250051 ], [ 9.168996156692639, 45.45632193558604 ], [ 9.169025809191503, 45.456286594674886 ], [ 9.169038400572338, 45.456270715904687 ], [ 9.169106450249242, 45.456194891283047 ], [ 9.169162636854921, 45.456132544124507 ], [ 9.169202193841526, 45.456088590735654 ], [ 9.169203670286613, 45.456086857523076 ], [ 9.169212320918295, 45.456076771816782 ], [ 9.169284421852678, 45.455991763844018 ], [ 9.16930961276463, 45.455962830001539 ], [ 9.169380424582819, 45.455871705704801 ], [ 9.169387236106656, 45.45586298899952 ], [ 9.16939897620156, 45.45584761737372 ], [ 9.169407405599495, 45.45583485086874 ], [ 9.169472692527513, 45.455735551639386 ], [ 9.169575896875184, 45.455541876387564 ], [ 9.169654553137073, 45.455368568573242 ], [ 9.169748856382929, 45.455061202519829 ], [ 9.169818279974784, 45.45466351262624 ], [ 9.169963516285094, 45.453145237681589 ], [ 9.169928657181412, 45.45293745985586 ], [ 9.169833750096442, 45.45268459078401 ], [ 9.169624187801594, 45.452371651137014 ], [ 9.169624187801594, 45.452371651137014 ], [ 9.168342882646648, 45.45070488172307 ], [ 9.16809349332889, 45.450304649023302 ], [ 9.167831037916006, 45.449826122269798 ], [ 9.167684607351193, 45.449510074292711 ], [ 9.167520429747098, 45.448980198306103 ], [ 9.167468091840558, 45.448645940097272 ], [ 9.16743656783083, 45.448114363725047 ], [ 9.167433021079798, 45.445463785772091 ], [ 9.167441036503819, 45.445280040396462 ], [ 9.167703896058876, 45.443732979422975 ], [ 9.167703896058876, 45.443732979422975 ], [ 9.168280351536426, 45.439727640800243 ], [ 9.168304637362795, 45.439260740415975 ], [ 9.168130777703546, 45.436899563714967 ], [ 9.168130777703546, 45.436899563714967 ], [ 9.167655369750332, 45.432382212006395 ], [ 9.168365519946079, 45.432294401715311 ], [ 9.1693167572011, 45.432073747139306 ], [ 9.170118932437784, 45.431708799743141 ], [ 9.17109399141675, 45.431179149866225 ], [ 9.172083156027732, 45.43063950443657 ], [ 9.172634256442029, 45.430339695336379 ], [ 9.173157438493197, 45.430169483441624 ], [ 9.173595968150874, 45.430089091329855 ], [ 9.174034618832827, 45.43004856123796 ], [ 9.175011241766969, 45.430047071935455 ], [ 9.177304057691304, 45.430003678800034 ] ] } },
{ "type": "Feature", "properties": { "linea": "1", "mezzo": "METRO", "percorso": "100033", "nome": "SESTO 1 MAGGIO FS - BISCEGLIE", "lung_km": "16.38", "num_ferm": "27" }, "geometry": { "type": "LineString", "coordinates": [ [ 9.238335229365667, 45.541696543853192 ], [ 9.236721764382841, 45.540011428455543 ], [ 9.234856867104524, 45.538093396587229 ], [ 9.232906323110067, 45.536099069761292 ], [ 9.231251361489663, 45.534161440546143 ], [ 9.231251361489663, 45.534161440546143 ], [ 9.227945436497007, 45.523488542366628 ], [ 9.227945436497007, 45.523488542366628 ], [ 9.226134820756773, 45.517453495167651 ], [ 9.226134820756773, 45.517453495167651 ], [ 9.224513352214395, 45.512018630897927 ], [ 9.224513352214395, 45.512018630897927 ], [ 9.222737544818386, 45.506747836198485 ], [ 9.222737544818386, 45.506747836198485 ], [ 9.222155392686201, 45.50482708121325 ], [ 9.221964327700023, 45.503626272416938 ], [ 9.221051272938327, 45.500461292687874 ], [ 9.221051272938327, 45.500461292687874 ], [ 9.219510453562897, 45.495550337336859 ], [ 9.219510453562897, 45.495550337336859 ], [ 9.218179239780234, 45.491075751069012 ], [ 9.218179239780234, 45.491075751069012 ], [ 9.216716983178079, 45.486274447464666 ], [ 9.216716983178079, 45.486274447464666 ], [ 9.210974155071495, 45.480344131637423 ], [ 9.210974155071495, 45.480344131637423 ], [ 9.205046336148689, 45.474425421373006 ], [ 9.205046336148689, 45.474425421373006 ], [ 9.201948887516282, 45.47142591732613 ], [ 9.201948887516282, 45.47142591732613 ], [ 9.200976879122324, 45.470590893103726 ], [ 9.1999486902724, 45.46949524651518 ], [ 9.198546718851633, 45.468012583795328 ], [ 9.198079462305104, 45.467532918710383 ], [ 9.197532791321411, 45.466529234242785 ], [ 9.197532791321411, 45.466529234242785 ], [ 9.197345462472773, 45.466212880751094 ], [ 9.197205223784632, 45.466049324219206 ], [ 9.196894205012084, 45.465864221734151 ], [ 9.195977585922968, 45.465570958350959 ], [ 9.19360082205073, 45.464865211586286 ], [ 9.192863179583005, 45.464713578782835 ], [ 9.192203428784337, 45.46464916952965 ], [ 9.191062723129221, 45.464618320208054 ], [ 9.189588485136765, 45.464620772253625 ], [ 9.189588485136765, 45.464620772253625 ], [ 9.188975676330708, 45.464670925425338 ], [ 9.188277787781905, 45.464803114503312 ], [ 9.187595667417757, 45.465011712695407 ], [ 9.186216287810966, 45.465549040251041 ], [ 9.186216287810966, 45.465549040251041 ], [ 9.185611994274833, 45.465833939114994 ], [ 9.185116040208817, 45.466031300460244 ], [ 9.184605239917214, 45.466436161455597 ], [ 9.182012067298514, 45.468378594915258 ], [ 9.182012067298514, 45.468378594915258 ], [ 9.181083036198212, 45.469046181589214 ], [ 9.18066461858005, 45.469237940837353 ], [ 9.180114211892576, 45.469408066592266 ], [ 9.179485857627943, 45.469469113154382 ], [ 9.178756090243009, 45.469361056547989 ], [ 9.178258913145646, 45.469187113936293 ], [ 9.177497017981505, 45.468729663083529 ], [ 9.176409025664691, 45.468207190931025 ], [ 9.176409025664691, 45.468207190931025 ], [ 9.175989496045741, 45.468044038576821 ], [ 9.175616560295373, 45.467891733073266 ], [ 9.175181684937138, 45.467783200712894 ], [ 9.17359839435769, 45.467676414408217 ], [ 9.169035340622127, 45.467541286100939 ], [ 9.167498786818742, 45.467488945637598 ], [ 9.167227234767285, 45.467500262595095 ], [ 9.166971201713235, 45.467511556268867 ], [ 9.166482413965223, 45.467534108038144 ], [ 9.166482413965223, 45.467534108038144 ], [ 9.16589289538352, 45.467605943237352 ], [ 9.165582688173282, 45.467666451784936 ], [ 9.1652259546298, 45.467737946545277 ], [ 9.164613518300071, 45.46793538688781 ], [ 9.164039765255886, 45.4680945489145 ], [ 9.16313224941074, 45.468221424568611 ], [ 9.162321428217979, 45.468244417035876 ], [ 9.161076111950765, 45.46828439581796 ], [ 9.161076111950765, 45.46828439581796 ], [ 9.158221257110212, 45.468539534789798 ], [ 9.157973068513639, 45.468583557098192 ], [ 9.15589950758827, 45.467961236524822 ], [ 9.15589950758827, 45.467961236524822 ], [ 9.155045381799283, 45.467754918744866 ], [ 9.153655215832226, 45.467314537789505 ], [ 9.152187447439319, 45.466863323185549 ], [ 9.151492420283969, 45.466656767186606 ], [ 9.151088645473468, 45.466550831892029 ], [ 9.150545311482166, 45.466486028350012 ], [ 9.149571360241842, 45.466432705513135 ], [ 9.149571360241842, 45.466432705513135 ], [ 9.148873041783466, 45.466444535602697 ], [ 9.147910646429461, 45.466358423917114 ], [ 9.146373241322731, 45.46595636397025 ], [ 9.144509577995061, 45.465401817119343 ], [ 9.1430185923368, 45.464925944101957 ], [ 9.1430185923368, 45.464925944101957 ], [ 9.142358470115861, 45.464691989127175 ], [ 9.141923477872741, 45.464501431057911 ], [ 9.141364022651025, 45.464182716339465 ], [ 9.137770606430468, 45.462199675817828 ], [ 9.137016996674268, 45.461785624030647 ], [ 9.136480964132637, 45.46150507685357 ], [ 9.136480964132637, 45.46150507685357 ], [ 9.135743158357672, 45.461202926718485 ], [ 9.134807475726609, 45.460884625074051 ], [ 9.133080104760014, 45.460430739792187 ], [ 9.131511919002401, 45.460023055230081 ], [ 9.129252777920662, 45.459408652913773 ], [ 9.129252777920662, 45.459408652913773 ], [ 9.122242937768286, 45.457581805627569 ], [ 9.122242937768286, 45.457581805627569 ], [ 9.117632003780834, 45.456352684274023 ], [ 9.116483230975913, 45.456069940575183 ], [ 9.112913181069819, 45.45538556070953 ] ] } },
{ "type": "Feature", "properties": { "linea": "1", "mezzo": "METRO", "percorso": "100034", "nome": "SESTO 1 MAGGIO FS - MOLINO DORINO", "lung_km": "19.18", "num_ferm": "29" }, "geometry": { "type": "LineString", "coordinates": [ [ 9.238335229365667, 45.541696543853192 ], [ 9.236721764382841, 45.540011428455543 ], [ 9.234856867104524, 45.538093396587229 ], [ 9.232906323110067, 45.536099069761292 ], [ 9.231251361489663, 45.534161440546143 ], [ 9.231251361489663, 45.534161440546143 ], [ 9.227945436497007, 45.523488542366628 ], [ 9.227945436497007, 45.523488542366628 ], [ 9.226134820756773, 45.517453495167651 ], [ 9.226134820756773, 45.517453495167651 ], [ 9.224513352214395, 45.512018630897927 ], [ 9.224513352214395, 45.512018630897927 ], [ 9.222737544818386, 45.506747836198485 ], [ 9.222737544818386, 45.506747836198485 ], [ 9.222155392686201, 45.50482708121325 ], [ 9.221964327700023, 45.503626272416938 ], [ 9.221051272938327, 45.500461292687874 ], [ 9.221051272938327, 45.500461292687874 ], [ 9.219510453562897, 45.495550337336859 ], [ 9.219510453562897, 45.495550337336859 ], [ 9.218179239780234, 45.491075751069012 ], [ 9.218179239780234, 45.491075751069012 ], [ 9.216716983178079, 45.486274447464666 ], [ 9.216716983178079, 45.486274447464666 ], [ 9.210974155071495, 45.480344131637423 ], [ 9.210974155071495, 45.480344131637423 ], [ 9.205046336148689, 45.474425421373006 ], [ 9.205046336148689, 45.474425421373006 ], [ 9.201948887516282, 45.47142591732613 ], [ 9.201948887516282, 45.47142591732613 ], [ 9.200976879122324, 45.470590893103726 ], [ 9.1999486902724, 45.46949524651518 ], [ 9.198546718851633, 45.468012583795328 ], [ 9.198079462305104, 45.467532918710383 ], [ 9.197532791321411, 45.466529234242785 ], [ 9.197532791321411, 45.466529234242785 ], [ 9.197345462472773, 45.466212880751094 ], [ 9.197205223784632, 45.466049324219206 ], [ 9.196894205012084, 45.465864221734151 ], [ 9.195977585922968, 45.465570958350959 ], [ 9.19360082205073, 45.464865211586286 ], [ 9.192863179583005, 45.464713578782835 ], [ 9.192203428784337, 45.46464916952965 ], [ 9.191062723129221, 45.464618320208054 ], [ 9.189588485136765, 45.464620772253625 ], [ 9.189588485136765, 45.464620772253625 ], [ 9.188975676330708, 45.464670925425338 ], [ 9.188277787781905, 45.464803114503312 ], [ 9.187595667417757, 45.465011712695407 ], [ 9.186216287810966, 45.465549040251041 ], [ 9.186216287810966, 45.465549040251041 ], [ 9.185611994274833, 45.465833939114994 ], [ 9.185116040208817, 45.466031300460244 ], [ 9.184605239917214, 45.466436161455597 ], [ 9.182012067298514, 45.468378594915258 ], [ 9.182012067298514, 45.468378594915258 ], [ 9.181083036198212, 45.469046181589214 ], [ 9.18066461858005, 45.469237940837353 ], [ 9.180114211892576, 45.469408066592266 ], [ 9.179485857627943, 45.469469113154382 ], [ 9.178756090243009, 45.469361056547989 ], [ 9.178258913145646, 45.469187113936293 ], [ 9.177497017981505, 45.468729663083529 ], [ 9.176409025664691, 45.468207190931025 ], [ 9.176409025664691, 45.468207190931025 ], [ 9.175989496045741, 45.468044038576821 ], [ 9.175616560295373, 45.467891733073266 ], [ 9.175181684937138, 45.467783200712894 ], [ 9.17359839435769, 45.467676414408217 ], [ 9.169035340622127, 45.467541286100939 ], [ 9.167498786818742, 45.467488945637598 ], [ 9.167227234767285, 45.467500262595095 ], [ 9.166971201713235, 45.467511556268867 ], [ 9.166482413965223, 45.467534108038144 ], [ 9.166482413965223, 45.467534108038144 ], [ 9.16589289538352, 45.467605943237352 ], [ 9.165582688173282, 45.467666451784936 ], [ 9.1652259546298, 45.467737946545277 ], [ 9.164613518300071, 45.46793538688781 ], [ 9.164039765255886, 45.4680945489145 ], [ 9.16313224941074, 45.468221424568611 ], [ 9.162321428217979, 45.468244417035876 ], [ 9.161076111950765, 45.46828439581796 ], [ 9.161076111950765, 45.46828439581796 ], [ 9.158221257110212, 45.468539534789798 ], [ 9.157973068513639, 45.468583557098192 ], [ 9.157600875991601, 45.468682349072566 ], [ 9.157166937424066, 45.468901343330259 ], [ 9.157039173900772, 45.468999797613471 ], [ 9.155215705012314, 45.470446438800735 ], [ 9.155215705012314, 45.470446438800735 ], [ 9.150940814454698, 45.473684438401811 ], [ 9.150940814454698, 45.473684438401811 ], [ 9.143628991879275, 45.479219297748237 ], [ 9.143628991879275, 45.479219297748237 ], [ 9.137125885622796, 45.485953901603168 ], [ 9.137125885622796, 45.485953901603168 ], [ 9.127198243083052, 45.489459709325345 ], [ 9.127198243083052, 45.489459709325345 ], [ 9.120500474347461, 45.493747528134534 ], [ 9.120500474347461, 45.493747528134534 ], [ 9.110073046092328, 45.496990291428531 ], [ 9.110073046092328, 45.496990291428531 ], [ 9.102874271712254, 45.500229248410335 ], [ 9.101571395650824, 45.501060316899078 ], [ 9.101478420988439, 45.50116959746007 ], [ 9.097414598104164, 45.503859398469018 ], [ 9.096825087899807, 45.504209332006099 ], [ 9.096080166044304, 45.504493873965075 ], [ 9.09521100156757, 45.504778514310345 ], [ 9.092913367854623, 45.505217192028191 ] ] } },
{ "type": "Feature", "properties": { "linea": "1", "mezzo": "METRO", "percorso": "100030", "nome": "RHO FIERAMILANO - SESTO 1 MAGGIO FS", "lung_km": "21.16", "num_ferm": "31" }, "geometry": { "type": "LineString", "coordinates": [ [ 9.087096684424969, 45.519810608340855 ], [ 9.08653287561603, 45.516797173954139 ], [ 9.084599845672972, 45.512124944233292 ], [ 9.084536156852565, 45.511076690408309 ], [ 9.084721355442788, 45.510290328029171 ], [ 9.085837398440765, 45.508848084025722 ], [ 9.085837398440765, 45.508848084025722 ], [ 9.08710855139867, 45.507318352566976 ], [ 9.087635764253482, 45.506793800051504 ], [ 9.088784090976512, 45.506225086576009 ], [ 9.090460576312054, 45.505765144129576 ], [ 9.092913367854623, 45.505217192028191 ], [ 9.092913367854623, 45.505217192028191 ], [ 9.09521100156757, 45.504778514310345 ], [ 9.096080166044304, 45.504493873965075 ], [ 9.096825087899807, 45.504209332006099 ], [ 9.097414598104164, 45.503859398469018 ], [ 9.101478420988439, 45.50116959746007 ], [ 9.101571395650824, 45.501060316899078 ], [ 9.102874271712254, 45.500229248410335 ], [ 9.110073046092328, 45.496990291428531 ], [ 9.110073046092328, 45.496990291428531 ], [ 9.120500474347461, 45.493747528134534 ], [ 9.120500474347461, 45.493747528134534 ], [ 9.127198243083052, 45.489459709325345 ], [ 9.127198243083052, 45.489459709325345 ], [ 9.137125885622796, 45.485953901603168 ], [ 9.137125885622796, 45.485953901603168 ], [ 9.143628991879275, 45.479219297748237 ], [ 9.143628991879275, 45.479219297748237 ], [ 9.150940814454698, 45.473684438401811 ], [ 9.150940814454698, 45.473684438401811 ], [ 9.155215705012314, 45.470446438800735 ], [ 9.155215705012314, 45.470446438800735 ], [ 9.157039173900772, 45.468999797613471 ], [ 9.157166937424066, 45.468901343330259 ], [ 9.157600875991601, 45.468682349072566 ], [ 9.157973068513639, 45.468583557098192 ], [ 9.158221257110212, 45.468539534789798 ], [ 9.161076111950765, 45.46828439581796 ], [ 9.161076111950765, 45.46828439581796 ], [ 9.162321428217979, 45.468244417035876 ], [ 9.16313224941074, 45.468221424568611 ], [ 9.164039765255886, 45.4680945489145 ], [ 9.164613518300071, 45.46793538688781 ], [ 9.1652259546298, 45.467737946545277 ], [ 9.165582688173282, 45.467666451784936 ], [ 9.16589289538352, 45.467605943237352 ], [ 9.166482413965223, 45.467534108038144 ], [ 9.166482413965223, 45.467534108038144 ], [ 9.166971201713235, 45.467511556268867 ], [ 9.167227234767285, 45.467500262595095 ], [ 9.167498786818742, 45.467488945637598 ], [ 9.169035340622127, 45.467541286100939 ], [ 9.17359839435769, 45.467676414408217 ], [ 9.175181684937138, 45.467783200712894 ], [ 9.175616560295373, 45.467891733073266 ], [ 9.175989496045741, 45.468044038576821 ], [ 9.176409025664691, 45.468207190931025 ], [ 9.176409025664691, 45.468207190931025 ], [ 9.177497017981505, 45.468729663083529 ], [ 9.178258913145646, 45.469187113936293 ], [ 9.178756090243009, 45.469361056547989 ], [ 9.179485857627943, 45.469469113154382 ], [ 9.180114211892576, 45.469408066592266 ], [ 9.18066461858005, 45.469237940837353 ], [ 9.181083036198212, 45.469046181589214 ], [ 9.182012067298514, 45.468378594915258 ], [ 9.182012067298514, 45.468378594915258 ], [ 9.184605239917214, 45.466436161455597 ], [ 9.185116040208817, 45.466031300460244 ], [ 9.185611994274833, 45.465833939114994 ], [ 9.186216287810966, 45.465549040251041 ], [ 9.186216287810966, 45.465549040251041 ], [ 9.187595667417757, 45.465011712695407 ], [ 9.188277787781905, 45.464803114503312 ], [ 9.188975676330708, 45.464670925425338 ], [ 9.189588485136765, 45.464620772253625 ], [ 9.189588485136765, 45.464620772253625 ], [ 9.191062723129221, 45.464618320208054 ], [ 9.192203428784337, 45.46464916952965 ], [ 9.192863179583005, 45.464713578782835 ], [ 9.19360082205073, 45.464865211586286 ], [ 9.195977585922968, 45.465570958350959 ], [ 9.196894205012084, 45.465864221734151 ], [ 9.197205223784632, 45.466049324219206 ], [ 9.197345462472773, 45.466212880751094 ], [ 9.197532791321411, 45.466529234242785 ], [ 9.197532791321411, 45.466529234242785 ], [ 9.198079462305104, 45.467532918710383 ], [ 9.198546718851633, 45.468012583795328 ], [ 9.1999486902724, 45.46949524651518 ], [ 9.200976879122324, 45.470590893103726 ], [ 9.201948887516282, 45.47142591732613 ], [ 9.201948887516282, 45.47142591732613 ], [ 9.205046336148689, 45.474425421373006 ], [ 9.205046336148689, 45.474425421373006 ], [ 9.210974155071495, 45.480344131637423 ], [ 9.210974155071495, 45.480344131637423 ], [ 9.216716983178079, 45.486274447464666 ], [ 9.216716983178079, 45.486274447464666 ], [ 9.218179239780234, 45.491075751069012 ], [ 9.218179239780234, 45.491075751069012 ], [ 9.219510453562897, 45.495550337336859 ], [ 9.219510453562897, 45.495550337336859 ], [ 9.221051272938327, 45.500461292687874 ], [ 9.221051272938327, 45.500461292687874 ], [ 9.221964327700023, 45.503626272416938 ], [ 9.222155392686201, 45.50482708121325 ], [ 9.222737544818386, 45.506747836198485 ], [ 9.222737544818386, 45.506747836198485 ], [ 9.224513352214395, 45.512018630897927 ], [ 9.224513352214395, 45.512018630897927 ], [ 9.226134820756773, 45.517453495167651 ], [ 9.226134820756773, 45.517453495167651 ], [ 9.227945436497007, 45.523488542366628 ], [ 9.227945436497007, 45.523488542366628 ], [ 9.231251361489663, 45.534161440546143 ], [ 9.231251361489663, 45.534161440546143 ], [ 9.232906323110067, 45.536099069761292 ], [ 9.234856867104524, 45.538093396587229 ], [ 9.236721764382841, 45.540011428455543 ], [ 9.238335229365667, 45.541696543853192 ] ] } },
{ "type": "Feature", "properties": { "linea": "4", "mezzo": "METRO", "percorso": "100164", "nome": "SAN CRISTOFORO - LINATE AEROPORTO", "lung_km": "14.16", "num_ferm": "21" }, "geometry": { "type": "LineString", "coordinates": [ [ 9.129749007903172, 45.442326001037458 ], [ 9.12935000790344, 45.443101001037412 ], [ 9.129294007903583, 45.444052001037335 ], [ 9.129533007903609, 45.444895001037224 ], [ 9.130625341685164, 45.446514841453855 ], [ 9.130625341685164, 45.446514841453855 ], [ 9.131664007903165, 45.448055001036799 ], [ 9.132065007903037, 45.448362001036735 ], [ 9.132560007902873, 45.448598001036672 ], [ 9.135168007901935, 45.449468001036422 ], [ 9.135697401509425, 45.449642468652961 ], [ 9.135697401509425, 45.449642468652961 ], [ 9.142421007899324, 45.451858001035696 ], [ 9.142423315692643, 45.451858748872247 ], [ 9.142423315692643, 45.451858748872247 ], [ 9.146788007897747, 45.453273001035242 ], [ 9.147977044439134, 45.453658121403912 ], [ 9.147977044439134, 45.453658121403912 ], [ 9.153141413027358, 45.455330618283163 ], [ 9.153141413027358, 45.455330618283163 ], [ 9.158430007893545, 45.457043001034059 ], [ 9.160053876500122, 45.457560635578112 ], [ 9.160053876500122, 45.457560635578112 ], [ 9.164900768425097, 45.459105467221072 ], [ 9.164900768425097, 45.459105467221072 ], [ 9.165530007890977, 45.459306001033347 ], [ 9.166222007890759, 45.459805001033246 ], [ 9.166934007890548, 45.460347001033156 ], [ 9.168804007890007, 45.461975001032847 ], [ 9.169810007889721, 45.462847001032706 ], [ 9.170177007889588, 45.463029001032666 ], [ 9.170757007889366, 45.463047001032635 ], [ 9.1711250078892, 45.462962001032594 ], [ 9.172998007888307, 45.461973001032554 ], [ 9.173228573083149, 45.461823544397589 ], [ 9.173228573083149, 45.461823544397589 ], [ 9.177564007886071, 45.459013001032496 ], [ 9.178040445643429, 45.458795359856666 ], [ 9.178040445643429, 45.458795359856666 ], [ 9.178606007885591, 45.458537001032447 ], [ 9.180943007884503, 45.457468001032382 ], [ 9.182327455649874, 45.457143750579633 ], [ 9.182327455649874, 45.457143750579633 ], [ 9.184841007882808, 45.456555001032207 ], [ 9.18744700788171, 45.45618100103205 ], [ 9.188023007881476, 45.456218001031985 ], [ 9.188174209916868, 45.456274664175311 ], [ 9.188174209916868, 45.456274664175311 ], [ 9.190390007880639, 45.457105001031742 ], [ 9.190743007880515, 45.457237001031686 ], [ 9.19318700787956, 45.457481001031503 ], [ 9.193475007879467, 45.457649001031463 ], [ 9.195464675142208, 45.459720159340741 ], [ 9.195464675142208, 45.459720159340741 ], [ 9.197925007878288, 45.462281001030732 ], [ 9.1979400078783, 45.462427001030711 ], [ 9.197707007878455, 45.462874001030684 ], [ 9.197540007878587, 45.463371001030659 ], [ 9.197452007878654, 45.463632001030625 ], [ 9.197493007878684, 45.464002001030586 ], [ 9.197503007878947, 45.466003001030394 ], [ 9.197627577100155, 45.466508985819097 ], [ 9.197627577100155, 45.466508985819097 ], [ 9.197697007878972, 45.466791001030323 ], [ 9.197921007878939, 45.467213001030281 ], [ 9.198231007878878, 45.4676870010302 ], [ 9.198648007878761, 45.468063001030174 ], [ 9.19920900787856, 45.468272001030066 ], [ 9.19982800787832, 45.468322001030025 ], [ 9.200567007878023, 45.468347001029983 ], [ 9.204407007876441, 45.468101001029723 ], [ 9.206861007875426, 45.467937001029568 ], [ 9.207771247433579, 45.467933322771749 ], [ 9.207771247433579, 45.467933322771749 ], [ 9.211053007873726, 45.467920001029263 ], [ 9.214560007872315, 45.46792900102902 ], [ 9.217218007871248, 45.467987001028803 ], [ 9.218453007870751, 45.467991001028722 ], [ 9.218453007870751, 45.467991001028722 ], [ 9.224883879393593, 45.468073943560292 ], [ 9.224883879393593, 45.468073943560292 ], [ 9.229558007866292, 45.468134001027927 ], [ 9.230040007866091, 45.468152001027882 ], [ 9.231052007865687, 45.468191001027812 ], [ 9.231956007865314, 45.468131001027729 ], [ 9.231956007865314, 45.468131001027729 ], [ 9.232880007864907, 45.467906001027714 ], [ 9.233973007864435, 45.467681001027643 ], [ 9.234813007864046, 45.467273001027607 ], [ 9.235264007863833, 45.46701300102761 ], [ 9.235661007863618, 45.466605001027631 ], [ 9.235870007863486, 45.466257001027628 ], [ 9.235984007863385, 45.465865001027652 ], [ 9.23635454489855, 45.46431353756364 ], [ 9.23635454489855, 45.46431353756364 ], [ 9.236449007862937, 45.4639180010278 ], [ 9.236731007862764, 45.46344400102781 ], [ 9.237255007862474, 45.462910001027829 ], [ 9.23795800786214, 45.462523001027812 ], [ 9.238608007861853, 45.462271001027808 ], [ 9.239218007861574, 45.462092001027763 ], [ 9.240393007861091, 45.462009001027688 ], [ 9.240393007861091, 45.462009001027688 ], [ 9.250634007856959, 45.462065001026936 ], [ 9.263458007851792, 45.462134001026044 ], [ 9.269310007849432, 45.462166001025601 ], [ 9.270671007848897, 45.462265001025493 ], [ 9.274592007847383, 45.462836001025174 ], [ 9.276189007846744, 45.462857001025043 ], [ 9.277901007846054, 45.462850001024933 ] ] } },
{ "type": "Feature", "properties": { "linea": "3", "mezzo": "METRO", "percorso": "100082", "nome": "SAN DONATO - COMASINA", "lung_km": "15.63", "num_ferm": "21" }, "geometry": { "type": "LineString", "coordinates": [ [ 9.256264561152566, 45.429197663708649 ], [ 9.254596233419248, 45.428279277756673 ], [ 9.253836133247704, 45.427890367515189 ], [ 9.253364915374851, 45.427720833979272 ], [ 9.253006411261362, 45.427632630173022 ], [ 9.252739432558194, 45.427598610333007 ], [ 9.252479629949923, 45.427599184129235 ], [ 9.252269045163693, 45.42761448169049 ], [ 9.252033994194329, 45.42765455427898 ], [ 9.251802508626742, 45.427706979284316 ], [ 9.251585153792899, 45.427779149938722 ], [ 9.251062966299807, 45.427990430102668 ], [ 9.248457426240849, 45.429090045883449 ], [ 9.247493444479614, 45.429441944939057 ], [ 9.246650025887574, 45.429666260236672 ], [ 9.246111852855504, 45.429842942077059 ], [ 9.24575433214709, 45.429982151140393 ], [ 9.242894886689117, 45.431278720694401 ], [ 9.240946530367005, 45.432177759138426 ], [ 9.240175714542385, 45.432565035322902 ], [ 9.238081999064907, 45.433570014123376 ], [ 9.238081999064907, 45.433570014123376 ], [ 9.23029705350628, 45.437120504030936 ], [ 9.23029705350628, 45.437120504030936 ], [ 9.228434153039855, 45.437975893482928 ], [ 9.226149154005274, 45.439107731830426 ], [ 9.223467035627534, 45.440409024535242 ], [ 9.223467035627534, 45.440409024535242 ], [ 9.222588395649971, 45.440784340336613 ], [ 9.221200329741116, 45.441442150913595 ], [ 9.218469959194231, 45.442810784934011 ], [ 9.218469959194231, 45.442810784934011 ], [ 9.21585629270661, 45.443965910896019 ], [ 9.215197313870828, 45.444297183420836 ], [ 9.212183268068719, 45.445954204267736 ], [ 9.210795487393931, 45.446755271484349 ], [ 9.210795487393931, 45.446755271484349 ], [ 9.208733264163598, 45.44801242817605 ], [ 9.20771363688354, 45.448669401224663 ], [ 9.206319169785344, 45.449598977110362 ], [ 9.205590268445082, 45.450052690889336 ], [ 9.203398956134585, 45.45143382117066 ], [ 9.203398956134585, 45.45143382117066 ], [ 9.202625679038682, 45.451891766498129 ], [ 9.201038093626151, 45.45288589483377 ], [ 9.198973717202607, 45.454155238427951 ], [ 9.196642071771453, 45.455614740637991 ], [ 9.196045313342212, 45.455980404963121 ], [ 9.19546429440817, 45.456328734298403 ], [ 9.195103254472485, 45.456550761286174 ], [ 9.195103254472485, 45.456550761286174 ], [ 9.194673388271998, 45.45680621652977 ], [ 9.193882907683873, 45.457283136048638 ], [ 9.193530603999701, 45.457495409183231 ], [ 9.192257208960518, 45.458263609198127 ], [ 9.19189437357206, 45.458481457250841 ], [ 9.191088313278131, 45.458974761316938 ], [ 9.190918074441521, 45.459079493237319 ], [ 9.190558693689612, 45.45928311646874 ], [ 9.190064709828462, 45.459547993074011 ], [ 9.189930143839858, 45.459619638061731 ], [ 9.189794482589937, 45.459692134503378 ], [ 9.189765298249831, 45.459707790677911 ], [ 9.189752602196343, 45.459714561821876 ], [ 9.189751502955309, 45.459715147879933 ], [ 9.189750126335142, 45.459715881663882 ], [ 9.189749527060968, 45.459716201331403 ], [ 9.189749098713747, 45.459716429824759 ], [ 9.189749038786557, 45.459716461855621 ], [ 9.189749003365039, 45.459716480709247 ], [ 9.189748937605563, 45.459716515824091 ], [ 9.189748834230686, 45.459716570918424 ], [ 9.189748621918456, 45.459716684737579 ], [ 9.189748228112077, 45.459716895425423 ], [ 9.189747178519342, 45.459717453033861 ], [ 9.189742586382197, 45.459719906226418 ], [ 9.189732724076356, 45.459725175864186 ], [ 9.189468167591064, 45.459866699674002 ], [ 9.189362287281892, 45.459924216857537 ], [ 9.189339648894668, 45.459936482207247 ], [ 9.189336955645052, 45.45993794242213 ], [ 9.189336348688277, 45.459938274170895 ], [ 9.189335058564366, 45.459938973403837 ], [ 9.189328740645523, 45.459942399940772 ], [ 9.189307646761096, 45.459953868458896 ], [ 9.189294935847462, 45.45996084236323 ], [ 9.189164646352115, 45.460031590890047 ], [ 9.189056162789889, 45.460090483352673 ], [ 9.189027462461388, 45.460108917262012 ], [ 9.189056162789889, 45.460090483352673 ], [ 9.189027462461388, 45.460108917262012 ], [ 9.188980988103008, 45.460134282796758 ], [ 9.18892144694698, 45.460169077463192 ], [ 9.188852212711739, 45.460209808160592 ], [ 9.188848950446502, 45.460211729433546 ], [ 9.188843579923264, 45.460214877774071 ], [ 9.188813969505494, 45.460232274810728 ], [ 9.188780589954268, 45.460254153886801 ], [ 9.188562977049715, 45.46040620512035 ], [ 9.188345468604066, 45.460590037617145 ], [ 9.18829399122993, 45.460648134625607 ], [ 9.188184166136605, 45.460774124239244 ], [ 9.188177341262103, 45.460782670763749 ], [ 9.188069658450457, 45.460960076724355 ], [ 9.18804988475331, 45.461003826615162 ], [ 9.187994747370054, 45.461192422447503 ], [ 9.187989114650945, 45.461218523351185 ], [ 9.187975903437268, 45.461338143347305 ], [ 9.187976585422605, 45.461484283219129 ], [ 9.187988606376173, 45.461578065030047 ], [ 9.18799622989061, 45.46163558771282 ], [ 9.188000363034623, 45.461666478013676 ], [ 9.188001328079228, 45.46167499437977 ], [ 9.18800263037549, 45.461680670513125 ], [ 9.188002700781915, 45.461680993507123 ], [ 9.188003521800514, 45.461684179884479 ], [ 9.188049181138968, 45.461841123144396 ], [ 9.188063337496072, 45.461887454188613 ], [ 9.188074368120915, 45.461913041957651 ], [ 9.188353526078018, 45.462593324927376 ], [ 9.188391115104869, 45.462687775863927 ], [ 9.188419619591695, 45.462778494541361 ], [ 9.188429996503933, 45.46281497799702 ], [ 9.188440416351996, 45.46286436841666 ], [ 9.188467447027859, 45.463015946872815 ], [ 9.188476149382272, 45.46306778620751 ], [ 9.188477079541375, 45.463073197303196 ], [ 9.188477809765699, 45.463077793364398 ], [ 9.188478238558535, 45.46308070714997 ], [ 9.188486511595128, 45.463144291898445 ], [ 9.188514146563683, 45.463388508541435 ], [ 9.188510540013587, 45.463905073414544 ], [ 9.188510540013587, 45.463905073414544 ], [ 9.188519769586172, 45.464900773299263 ], [ 9.188521661650247, 45.46499521356548 ], [ 9.188523145333528, 45.465041010263143 ], [ 9.188524519912256, 45.465068834446733 ], [ 9.188529737554633, 45.465140230875363 ], [ 9.18854500318194, 45.465282460629403 ], [ 9.188550192358372, 45.465330471783211 ], [ 9.188553659819679, 45.465364884816857 ], [ 9.188563642830889, 45.46543099954777 ], [ 9.18859766064655, 45.465592524233557 ], [ 9.188603771437215, 45.465621121274594 ], [ 9.188612092382646, 45.465661910427272 ], [ 9.188620295319387, 45.465696870792534 ], [ 9.188647775111377, 45.465775447343852 ], [ 9.188668069593293, 45.465833595268123 ], [ 9.188668355822866, 45.465834407991089 ], [ 9.188680966287887, 45.465870914828265 ], [ 9.188692508042251, 45.465901602035103 ], [ 9.188702899195764, 45.465927329565126 ], [ 9.188711702903751, 45.465950179917947 ], [ 9.188775106366327, 45.46608119270865 ], [ 9.18879162581689, 45.466111108373745 ], [ 9.188819754676594, 45.46616237780907 ], [ 9.188891518785203, 45.466271899717171 ], [ 9.188939478975623, 45.466340658021565 ], [ 9.188999722452026, 45.466425772676757 ], [ 9.189095173040252, 45.466540529166771 ], [ 9.189121312753171, 45.466571851432704 ], [ 9.189162882249349, 45.46661674914035 ], [ 9.189267395203965, 45.466728159655737 ], [ 9.189428083219623, 45.466887219215174 ], [ 9.190146995837512, 45.467587308603207 ], [ 9.190377970881091, 45.467813274568464 ], [ 9.190384402265121, 45.467819543899061 ], [ 9.190391006934679, 45.467826021118753 ], [ 9.190397661061372, 45.467832541626187 ], [ 9.19040431516045, 45.467839053459187 ], [ 9.190405765322406, 45.46784046925756 ], [ 9.19040944487347, 45.467844072092433 ], [ 9.190409649337004, 45.467844272611281 ], [ 9.190410284756988, 45.467844895274183 ], [ 9.190410495019991, 45.46784510201789 ], [ 9.190412922284695, 45.467847477928352 ], [ 9.190415106857728, 45.467849626548158 ], [ 9.190415575283925, 45.46785007898913 ], [ 9.190416799770425, 45.467851286985052 ], [ 9.190419118794937, 45.467853551396836 ], [ 9.190425414294371, 45.467859734210442 ], [ 9.190438561724854, 45.467872602006921 ], [ 9.190475047985, 45.467908295818333 ], [ 9.190506216611434, 45.467938984855351 ], [ 9.190643752002773, 45.468073585625746 ], [ 9.19075417797923, 45.468182070411792 ], [ 9.190853519607369, 45.468278915620203 ], [ 9.190963749146388, 45.468387400527426 ], [ 9.191062300655524, 45.468483691728643 ], [ 9.191146204142731, 45.46856446337128 ], [ 9.191231491845098, 45.46864620413421 ], [ 9.191347159773191, 45.468758461472163 ], [ 9.191370510943567, 45.468781079103756 ], [ 9.191395198210556, 45.468805082347615 ], [ 9.191413255235043, 45.468822400291891 ], [ 9.191503601840731, 45.468899973586261 ], [ 9.191503631047507, 45.468899998682872 ], [ 9.191503635436426, 45.468900002470434 ], [ 9.19150364022958, 45.468900006536849 ], [ 9.191503828485491, 45.468900168318129 ], [ 9.191504028429264, 45.46890034024473 ], [ 9.191504534950344, 45.468900774861488 ], [ 9.19150519331912, 45.468901341910005 ], [ 9.191508346055402, 45.468904052695798 ], [ 9.19151333478364, 45.468908338001725 ], [ 9.191519714480664, 45.468913835346477 ], [ 9.191532931116642, 45.468925158883508 ], [ 9.191573211938531, 45.468959770308835 ], [ 9.191667522506563, 45.469040905581373 ], [ 9.191757134133848, 45.469117711624129 ], [ 9.191784829022383, 45.46914153619727 ], [ 9.191811137590452, 45.46916369766975 ], [ 9.19194819886834, 45.469273107835107 ], [ 9.192177628952306, 45.46945758410375 ], [ 9.192442276733479, 45.469673366046642 ], [ 9.192561940859415, 45.469770452876148 ], [ 9.192656881678779, 45.469847596197013 ], [ 9.192767449127992, 45.469937620099401 ], [ 9.192848403426066, 45.470005418846874 ], [ 9.192848403426066, 45.470005418846874 ], [ 9.192929357918338, 45.470073217535884 ], [ 9.193199915634588, 45.470342940319206 ], [ 9.193730341064001, 45.470868870509882 ], [ 9.193952805986118, 45.471089438992294 ], [ 9.19449751048454, 45.471633660935119 ], [ 9.194644018827434, 45.471791071282503 ], [ 9.194743885563836, 45.471922191727202 ], [ 9.194811253296052, 45.472009789008297 ], [ 9.194823145784454, 45.472026422929218 ], [ 9.194984049972925, 45.472296779091984 ], [ 9.195024309178496, 45.472368557602834 ], [ 9.195024972720987, 45.472369710119956 ], [ 9.195036936424197, 45.472390873916495 ], [ 9.195047288774731, 45.472418474431777 ], [ 9.195063508668015, 45.472460151593538 ], [ 9.195087394131157, 45.472522494608015 ], [ 9.195105604325585, 45.472569303404541 ], [ 9.195124018499126, 45.472618054836083 ], [ 9.195125812445006, 45.472623464381201 ], [ 9.195142852665027, 45.472702820183734 ], [ 9.195183356406996, 45.472893718876016 ], [ 9.195189362200219, 45.473148239799023 ], [ 9.19518200702143, 45.47318905505071 ], [ 9.195144832627856, 45.473392021699674 ], [ 9.195121068319661, 45.473479496590095 ], [ 9.194951438410758, 45.474142482646243 ], [ 9.194939033435789, 45.474195597597422 ], [ 9.194937307790964, 45.474202878059295 ], [ 9.194918135541712, 45.474285036557546 ], [ 9.194907243633034, 45.474358680385471 ], [ 9.194898448804592, 45.474418338082913 ], [ 9.194894587856446, 45.474442840155298 ], [ 9.194890394232088, 45.474470985891891 ], [ 9.194889117337045, 45.474479696805346 ], [ 9.194883064335851, 45.474519260748188 ], [ 9.194706872442273, 45.475039656252292 ], [ 9.194706872442273, 45.475039656252292 ], [ 9.19469908721687, 45.475156387402215 ], [ 9.194679534402802, 45.475321713201616 ], [ 9.194687596206759, 45.475430407535839 ], [ 9.194687596210798, 45.475430407588689 ], [ 9.19468759622516, 45.475430407770489 ], [ 9.19468759625585, 45.475430408159255 ], [ 9.194687596345334, 45.475430409295718 ], [ 9.194687596436875, 45.47543041053634 ], [ 9.194687598921369, 45.475430442520938 ], [ 9.194687604664411, 45.475430516296342 ], [ 9.194687651179592, 45.475431104465976 ], [ 9.194687899935071, 45.47543443758795 ], [ 9.194688478623112, 45.475441409404205 ], [ 9.194690879860516, 45.475472939030006 ], [ 9.194694384281924, 45.475516990067483 ], [ 9.194698926635205, 45.475576095037518 ], [ 9.194700337325576, 45.475584834655983 ], [ 9.194708763313525, 45.475626171454813 ], [ 9.194744841840549, 45.47579373479477 ], [ 9.194795755834823, 45.475916313912684 ], [ 9.19483869469998, 45.476013929390653 ], [ 9.194909338422143, 45.476138140002817 ], [ 9.194956971200131, 45.476224091413201 ], [ 9.195071087810151, 45.476371539890557 ], [ 9.195092088594192, 45.476398701474601 ], [ 9.195113867829097, 45.476422808959271 ], [ 9.195284902556192, 45.476602908022933 ], [ 9.195614160282821, 45.476907622399885 ], [ 9.19650440017646, 45.477901854276155 ], [ 9.198822153881347, 45.480078080830275 ], [ 9.198822153881347, 45.480078080830275 ], [ 9.200634179364966, 45.481993164701358 ], [ 9.202344710199785, 45.483735223744389 ], [ 9.202516050220071, 45.48398802249995 ], [ 9.202612357443973, 45.484440771147206 ], [ 9.202612357443973, 45.484440771147206 ], [ 9.202724081752425, 45.485672779573981 ], [ 9.202812348308308, 45.486522956368212 ], [ 9.202883988140714, 45.487136712139453 ], [ 9.202869916831252, 45.487614078083624 ], [ 9.202806216521381, 45.487895045111088 ], [ 9.202663966098742, 45.48827716990855 ], [ 9.202441307073316, 45.488682748795256 ], [ 9.202112767453952, 45.489050771067994 ], [ 9.201728739263714, 45.489350064328676 ], [ 9.201355438953019, 45.489560529812081 ], [ 9.200548851658453, 45.489980452156779 ], [ 9.200548851658453, 45.489980452156779 ], [ 9.198785015065612, 45.490849403969193 ], [ 9.198104247082808, 45.491152530370059 ], [ 9.197606075779417, 45.491317685780402 ], [ 9.196716710711174, 45.491550117888067 ], [ 9.192585279252329, 45.492662799886304 ], [ 9.192585279252329, 45.492662799886304 ], [ 9.19071814442735, 45.493149928130592 ], [ 9.190030514818188, 45.493310925672837 ], [ 9.188970681944511, 45.493561341852327 ], [ 9.188516538913502, 45.493690861823197 ], [ 9.188176066816682, 45.493829073872625 ], [ 9.187917654384476, 45.493962709802886 ], [ 9.18769080852228, 45.49409629337535 ], [ 9.187294185652773, 45.494438852158055 ], [ 9.187023757326791, 45.494759001492199 ], [ 9.186169367782981, 45.496056984149462 ], [ 9.185028831342079, 45.497715093376634 ], [ 9.185028831342079, 45.497715093376634 ], [ 9.184701874584073, 45.498135236803378 ], [ 9.182643658031386, 45.501120249810022 ], [ 9.180450003851004, 45.504276391963209 ], [ 9.179888201957255, 45.505087088480593 ], [ 9.179597566333346, 45.505536022038882 ], [ 9.179597566333346, 45.505536022038882 ], [ 9.179298888266452, 45.505939453663082 ], [ 9.178811687639417, 45.506637353454742 ], [ 9.176073617732632, 45.510529137947401 ], [ 9.173967256637306, 45.513556245567067 ], [ 9.173967256637306, 45.513556245567067 ], [ 9.171613439197793, 45.516932023836816 ], [ 9.171192348586874, 45.517535684240045 ], [ 9.170775554818929, 45.518192025858632 ], [ 9.170348018943569, 45.518907068220351 ], [ 9.169862475688133, 45.519722958089346 ], [ 9.169600368267062, 45.520174552561308 ], [ 9.169338260845977, 45.52049969833682 ], [ 9.168801155474874, 45.521085257054565 ], [ 9.168251159574872, 45.521682099193335 ], [ 9.168251159574872, 45.521682099193335 ], [ 9.16696532931649, 45.523041340258438 ], [ 9.165431356376669, 45.524808455067294 ], [ 9.164978039443501, 45.525556526981333 ], [ 9.16444093407247, 45.52657551436883 ], [ 9.163731954982739, 45.528140835698167 ] ] } },
{ "type": "Feature", "properties": { "linea": "5", "mezzo": "METRO", "percorso": "100089", "nome": "SAN SIRO STADIO - BIGNAMI", "lung_km": "12.18", "num_ferm": "19" }, "geometry": { "type": "LineString", "coordinates": [ [ 9.118285563053137, 45.476282785983614 ], [ 9.129006133699725, 45.476200809789781 ], [ 9.129006125791737, 45.476200808755308 ], [ 9.136675361513126, 45.476077842689854 ], [ 9.136815652410469, 45.476086040435803 ], [ 9.137142997837616, 45.476184413294902 ], [ 9.137446961448534, 45.476249995105526 ], [ 9.13789122386121, 45.476364764124263 ], [ 9.137891215956797, 45.476364763090501 ], [ 9.138183488659605, 45.476446740079481 ], [ 9.138393925005627, 45.476487728529257 ], [ 9.13860436135165, 45.47656150766371 ], [ 9.138791415881446, 45.476618891368197 ], [ 9.138955088595029, 45.47672546095005 ], [ 9.143724987007582, 45.479733920097679 ], [ 9.143724987007582, 45.479733920097679 ], [ 9.146348370305111, 45.481391970157567 ], [ 9.146871489354291, 45.481731463447368 ], [ 9.147703914947815, 45.482002523071891 ], [ 9.148149001973289, 45.482083587143634 ], [ 9.148864740619, 45.482109871777553 ], [ 9.149522201424636, 45.482040982377079 ], [ 9.150044156298454, 45.481931447289462 ], [ 9.150352983132994, 45.481686124654601 ], [ 9.150854975004158, 45.481345301114608 ], [ 9.15147253979506, 45.480827437624974 ], [ 9.15147253979506, 45.480827437624974 ], [ 9.151993019514322, 45.48017363438916 ], [ 9.152204608467445, 45.479737944299529 ], [ 9.152126146229755, 45.479329852645996 ], [ 9.152066478612909, 45.478717637948407 ], [ 9.152259013047665, 45.478390825229624 ], [ 9.152702464554729, 45.477873186257384 ], [ 9.15347514269269, 45.477518383052953 ], [ 9.154190159406657, 45.477299717648023 ], [ 9.154712358660756, 45.477299013102652 ], [ 9.155350788706116, 45.477366181180358 ], [ 9.155641161374691, 45.477461032512963 ], [ 9.156652577034672, 45.478125248557333 ], [ 9.156652577034672, 45.478125248557333 ], [ 9.162113163401406, 45.481710894133819 ], [ 9.162113163401406, 45.481710894133819 ], [ 9.166793057618905, 45.484508328936649 ], [ 9.166793057618905, 45.484508328936649 ], [ 9.167131669436523, 45.484710717924017 ], [ 9.167500398205128, 45.485118374476549 ], [ 9.167714464764254, 45.485553469574455 ], [ 9.167928574974844, 45.486002170690178 ], [ 9.168182063207777, 45.486682124266252 ], [ 9.168647613738159, 45.48711684769291 ], [ 9.169441900814521, 45.487510263458873 ], [ 9.170041611637503, 45.48752298057731 ], [ 9.170737961671396, 45.487508337400556 ], [ 9.171956563002562, 45.487479300015188 ], [ 9.171956563002562, 45.487479300015188 ], [ 9.173583558423896, 45.487383450363438 ], [ 9.173922594759119, 45.487211331963501 ], [ 9.174238249278119, 45.48708838992728 ], [ 9.174892940132336, 45.486670384997097 ], [ 9.175372267364907, 45.486531049331042 ], [ 9.175711303700091, 45.486080255109108 ], [ 9.176127518761691, 45.485579230116983 ], [ 9.176599812716468, 45.485170459419528 ], [ 9.177069782000014, 45.484918831244407 ], [ 9.177827358068159, 45.484727850798201 ], [ 9.178458667106197, 45.484654082356528 ], [ 9.179101667052361, 45.484736047285679 ], [ 9.179647114477053, 45.484868391820413 ], [ 9.179846642103461, 45.484941011937991 ], [ 9.179846642103461, 45.484941011937991 ], [ 9.180522112388017, 45.485186852264391 ], [ 9.181102617090202, 45.485404575567536 ], [ 9.181656130474934, 45.485668389961404 ], [ 9.18198347590207, 45.485697077183659 ], [ 9.182696621296884, 45.485654046344735 ], [ 9.183111648534855, 45.485621260921597 ], [ 9.183780953024229, 45.485342584054848 ], [ 9.184350884794645, 45.485018825375548 ], [ 9.185446907430034, 45.484293435250812 ], [ 9.185951311158721, 45.484036966988278 ], [ 9.186742407885667, 45.4836397010369 ], [ 9.186721359190711, 45.483645415839192 ], [ 9.187802881495907, 45.483243202065729 ], [ 9.18833894037761, 45.483045390959795 ], [ 9.188809167466834, 45.482926703962846 ], [ 9.189307608181421, 45.482847579159298 ], [ 9.189617958060317, 45.482840985420616 ], [ 9.189918903397432, 45.482867360370562 ], [ 9.190248062359911, 45.4829398914192 ], [ 9.190501984988106, 45.483038797244134 ], [ 9.190727693990963, 45.483177265107422 ], [ 9.190896975743106, 45.48330913894646 ], [ 9.19099102116097, 45.483414637795448 ], [ 9.191066257495262, 45.48350694912628 ], [ 9.191160302913129, 45.483684977694253 ], [ 9.191207325622068, 45.483849818459298 ], [ 9.191254348331034, 45.484133343446906 ], [ 9.191141493829743, 45.485076218607759 ], [ 9.191113280204416, 45.485267429128285 ], [ 9.191169707455145, 45.485432265262993 ], [ 9.191197921080521, 45.485610287746709 ], [ 9.191282561956607, 45.485775122878188 ], [ 9.191423630083429, 45.486164131876166 ], [ 9.19148005733418, 45.486447645216217 ], [ 9.191451843708853, 45.486652037669209 ], [ 9.191376607374629, 45.487087193324669 ], [ 9.191263760757636, 45.48760805806662 ], [ 9.191263752873285, 45.487608057037725 ], [ 9.191009830245251, 45.488768444954466 ], [ 9.19097221207813, 45.488913491763249 ], [ 9.1909439984528, 45.489117875268931 ], [ 9.19094399845283, 45.489309072070597 ], [ 9.190943998452846, 45.489473896378676 ], [ 9.190991021161796, 45.48961894137085 ], [ 9.191028639328941, 45.48972442840325 ], [ 9.19146124825115, 45.49053535336791 ], [ 9.192597452734798, 45.492674338463466 ], [ 9.19259744485031, 45.492674337435112 ], [ 9.194659043835465, 45.496208874984966 ], [ 9.194659043835465, 45.496208874984966 ], [ 9.197907593293403, 45.501619535684924 ], [ 9.197907593293403, 45.501619535684924 ], [ 9.201033147989651, 45.507205032003419 ], [ 9.201033147989651, 45.507205032003419 ], [ 9.205160311122366, 45.514710529998162 ], [ 9.205160311122366, 45.514710529998162 ], [ 9.209412200319813, 45.522040924343102 ], [ 9.209412200319813, 45.522040924343102 ], [ 9.212163897037087, 45.526753198180756 ] ] } }
]
}
